class,BAND_1,BAND_2,BAND_3,BAND_4,BAND_5,BAND_6,BAND_7,BAND_8,X,Y
Water,1033,1020,1029,1009,1183,1127,1045,1021,341086.850,3765529.344
Water,1034,1019,1022,1008,1175,1126,1045,1021,341084.530,3765534.506
Water,1034,1019,1022,1008,1175,1126,1045,1021,341084.563,3765531.695
Water,1034,1019,1022,1008,1175,1126,1045,1021,341086.320,3765531.853
Water,1031,1016,1021,1007,1161,1135,1045,1020,341091.187,3765533.707
Water,1034,1019,1022,1008,1175,1126,1045,1021,341082.994,3765538.052
Water,1033,1020,1029,1009,1183,1127,1045,1021,341084.085,3765528.887
Water,1034,1019,1022,1008,1175,1126,1045,1021,341088.631,3765538.855
Water,1033,1020,1029,1009,1183,1127,1045,1021,341087.569,3765529.934
Water,1034,1019,1022,1008,1175,1126,1045,1021,341082.918,3765537.608
Water,1034,1019,1022,1008,1175,1126,1045,1021,341089.546,3765532.675
Water,1033,1020,1029,1009,1183,1127,1045,1021,341081.811,3765528.548
Water,1034,1019,1022,1008,1175,1126,1045,1021,341085.720,3765539.291
Water,1033,1020,1029,1009,1183,1127,1045,1021,341081.345,3765528.534
Water,1034,1019,1022,1008,1175,1126,1045,1021,341082.467,3765534.916
Water,1031,1016,1021,1007,1161,1135,1045,1020,341090.225,3765536.412
Water,1033,1020,1029,1009,1183,1127,1045,1021,341082.279,3765528.933
Water,1031,1016,1021,1007,1161,1135,1045,1020,341090.479,3765532.499
Water,1034,1019,1022,1008,1175,1126,1045,1021,341083.504,3765537.241
Water,1034,1019,1022,1008,1175,1126,1045,1021,341089.534,3765531.235
Water,1034,1019,1022,1008,1175,1126,1045,1021,341087.243,3765538.727
Water,1034,1019,1022,1008,1175,1126,1045,1021,341082.300,3765533.172
Water,1034,1019,1022,1008,1175,1126,1045,1021,341087.882,3765535.174
Water,1034,1019,1022,1008,1175,1126,1045,1021,341087.970,3765534.912
Water,1031,1016,1021,1007,1161,1135,1045,1020,341090.017,3765532.898
Water,1034,1019,1022,1008,1175,1126,1045,1021,341082.579,3765538.570
Water,1034,1019,1022,1008,1175,1126,1045,1021,341088.098,3765537.037
Water,1034,1019,1022,1008,1175,1126,1045,1021,341088.489,3765531.221
Water,1034,1019,1022,1008,1175,1126,1045,1021,341082.075,3765535.623
Water,1034,1019,1022,1008,1175,1126,1045,1021,341083.776,3765538.611
Water,1034,1019,1022,1008,1175,1126,1045,1021,341083.907,3765533.686
Water,1034,1019,1022,1008,1175,1126,1045,1021,341083.344,3765533.535
Water,1034,1019,1022,1008,1175,1126,1045,1021,341084.841,3765538.789
Water,1033,1020,1029,1009,1183,1127,1045,1021,341082.470,3765529.945
Water,1034,1019,1022,1008,1175,1126,1045,1021,341088.038,3765537.531
Water,1034,1019,1022,1008,1175,1126,1045,1021,341081.766,3765534.262
Water,1034,1019,1022,1008,1175,1126,1045,1021,341088.761,3765532.881
Water,1034,1019,1022,1008,1175,1126,1045,1021,341087.105,3765534.547
Water,1034,1019,1022,1008,1175,1126,1045,1021,341085.212,3765538.198
Water,1034,1019,1022,1008,1175,1126,1045,1021,341083.860,3765533.321
Water,1033,1020,1029,1009,1183,1127,1045,1021,341087.926,3765529.181
Water,1034,1019,1022,1008,1175,1126,1045,1021,341086.413,3765534.541
Water,1034,1019,1022,1008,1175,1126,1045,1021,341087.868,3765534.368
Water,1033,1020,1029,1009,1183,1127,1045,1021,341084.732,3765528.879
Water,1034,1019,1022,1008,1175,1126,1045,1021,341085.663,3765533.879
Water,1031,1016,1021,1007,1161,1135,1045,1020,341090.090,3765535.450
Water,1031,1016,1021,1007,1161,1135,1045,1020,341092.189,3765532.396
Water,1034,1019,1022,1008,1175,1126,1045,1021,341089.104,3765533.185
Water,1034,1019,1022,1008,1175,1126,1045,1021,341086.539,3765533.867
Water,1031,1016,1021,1007,1161,1135,1045,1020,341090.566,3765536.754
Water,1031,1016,1021,1007,1161,1135,1045,1020,341090.928,3765534.124
Water,1034,1019,1022,1008,1175,1126,1045,1021,341081.535,3765536.837
Water,1034,1019,1022,1008,1175,1126,1045,1021,341081.208,3765534.236
Water,1034,1019,1022,1008,1175,1126,1045,1021,341085.958,3765537.653
Water,1034,1019,1022,1008,1175,1126,1045,1021,341087.051,3765539.409
Water,1031,1016,1021,1007,1161,1135,1045,1020,341090.326,3765538.230
Water,1034,1019,1022,1008,1175,1126,1045,1021,341082.216,3765530.429
Water,1031,1016,1021,1007,1161,1135,1045,1020,341090.828,3765534.363
Water,1033,1020,1029,1009,1183,1127,1045,1021,341085.280,3765528.888
Water,1033,1020,1029,1009,1183,1127,1045,1021,341081.493,3765527.803
Water,1034,1019,1022,1008,1175,1126,1045,1021,341088.187,3765534.128
Water,1031,1016,1021,1007,1161,1135,1045,1020,341090.734,3765539.293
Water,1034,1019,1022,1008,1175,1126,1045,1021,341089.125,3765539.708
Water,1034,1019,1022,1008,1175,1126,1045,1021,341086.126,3765531.919
Water,1034,1019,1022,1008,1175,1126,1045,1021,341087.182,3765537.600
Water,1034,1019,1022,1008,1175,1126,1045,1021,341087.654,3765530.425
Water,1034,1019,1022,1008,1175,1126,1045,1021,341083.573,3765533.433
Water,1034,1019,1022,1008,1175,1126,1045,1021,341088.837,3765530.394
Water,1031,1016,1021,1007,1161,1135,1045,1020,341090.096,3765530.804
Water,1034,1019,1022,1008,1175,1126,1045,1021,341086.897,3765535.429
Water,1033,1020,1029,1009,1183,1127,1045,1021,341085.262,3765529.877
Water,1034,1019,1022,1008,1175,1126,1045,1021,341088.671,3765534.566
Water,1033,1020,1029,1009,1183,1127,1045,1021,341081.916,3765529.075
Water,1031,1016,1021,1007,1161,1135,1045,1020,341090.540,3765536.098
Water,1034,1019,1022,1008,1175,1126,1045,1021,341085.204,3765537.554
Water,1034,1019,1022,1008,1175,1126,1045,1021,341089.541,3765538.055
Water,1034,1019,1022,1008,1175,1126,1045,1021,341086.572,3765536.647
Water,1034,1019,1022,1008,1175,1126,1045,1021,341089.942,3765534.230
Water,1034,1019,1022,1008,1175,1126,1045,1021,341085.042,3765530.567
Water,1034,1019,1022,1008,1175,1126,1045,1021,341083.495,3765536.204
Water,1033,1020,1029,1009,1183,1127,1045,1021,341087.400,3765529.230
Water,1033,1020,1029,1009,1183,1127,1045,1021,341085.005,3765529.246
Water,1034,1019,1022,1008,1175,1126,1045,1021,341081.909,3765531.578
Water,1033,1020,1029,1009,1183,1127,1045,1021,341083.640,3765529.372
Water,1034,1019,1022,1008,1175,1126,1045,1021,341088.420,3765538.246
Water,1034,1019,1022,1008,1175,1126,1045,1021,341089.395,3765531.625
Water,1034,1019,1022,1008,1175,1126,1045,1021,341085.803,3765532.413
Water,1034,1019,1022,1008,1175,1126,1045,1021,341089.317,3765531.860
Water,1034,1019,1022,1008,1175,1126,1045,1021,341086.416,3765533.219
Water,1033,1020,1029,1009,1183,1127,1045,1021,341082.104,3765529.321
Water,1033,1020,1029,1009,1183,1127,1045,1021,341082.803,3765529.887
Water,1034,1019,1022,1008,1175,1126,1045,1021,341085.887,3765534.217
Water,1034,1019,1022,1008,1175,1126,1045,1021,341084.245,3765536.156
Water,1034,1019,1022,1008,1175,1126,1045,1021,341082.187,3765536.591
Water,1033,1020,1029,1009,1183,1127,1045,1021,341086.052,3765528.915
Water,1034,1019,1022,1008,1175,1126,1045,1021,341085.517,3765534.669
Water,1034,1019,1022,1008,1175,1126,1045,1021,341086.851,3765534.255
Water,1031,1016,1021,1007,1161,1135,1045,1020,341091.572,3765533.494
Water,1034,1019,1022,1008,1175,1126,1045,1021,341089.182,3765530.801
Water,1033,1020,1029,1009,1183,1127,1045,1021,341085.233,3765528.390
Water,1034,1019,1022,1008,1175,1126,1045,1021,341082.210,3765536.746
Water,1034,1019,1022,1008,1175,1126,1045,1021,341088.100,3765537.009
Water,1033,1020,1029,1009,1183,1127,1045,1021,341087.594,3765529.352
Water,1034,1019,1022,1008,1175,1126,1045,1021,341087.086,3765534.441
Water,1031,1016,1021,1007,1161,1135,1045,1020,341090.108,3765532.423
Water,1034,1019,1022,1008,1175,1126,1045,1021,341085.444,3765538.536
Water,1034,1019,1022,1008,1175,1126,1045,1021,341087.928,3765535.136
Water,1034,1019,1022,1008,1175,1126,1045,1021,341082.017,3765532.314
Water,1034,1019,1022,1008,1175,1126,1045,1021,341083.899,3765535.585
Water,1034,1019,1022,1008,1175,1126,1045,1021,341085.657,3765534.024
Water,1034,1019,1022,1008,1175,1126,1045,1021,341081.158,3765531.940
Water,1031,1016,1021,1007,1161,1135,1045,1020,341090.702,3765534.103
Water,1033,1020,1029,1009,1183,1127,1045,1021,341087.620,3765529.506
Water,1034,1019,1022,1008,1175,1126,1045,1021,341088.602,3765532.514
Water,1034,1019,1022,1008,1175,1126,1045,1021,341089.287,3765535.716
Water,1034,1019,1022,1008,1175,1126,1045,1021,341082.194,3765532.480
Water,1034,1019,1022,1008,1175,1126,1045,1021,341085.446,3765538.178
Water,1034,1019,1022,1008,1175,1126,1045,1021,341086.898,3765538.663
Water,1034,1019,1022,1008,1175,1126,1045,1021,341089.173,3765533.320
Water,1034,1019,1022,1008,1175,1126,1045,1021,341082.742,3765534.376
Water,1034,1019,1022,1008,1175,1126,1045,1021,341086.758,3765535.226
Water,1034,1019,1022,1008,1175,1126,1045,1021,341088.808,3765537.622
Water,1034,1019,1022,1008,1175,1126,1045,1021,341085.814,3765534.057
Water,1031,1016,1021,1007,1161,1135,1045,1020,341092.328,3765530.733
Water,1031,1016,1021,1007,1161,1135,1045,1020,341090.380,3765532.949
Water,1034,1019,1022,1008,1175,1126,1045,1021,341084.646,3765535.840
Water,1031,1016,1021,1007,1161,1135,1045,1020,341090.485,3765532.707
Water,1033,1020,1029,1009,1183,1127,1045,1021,341085.366,3765529.213
Water,1033,1020,1029,1009,1183,1127,1045,1021,341086.876,3765528.739
Water,1031,1016,1021,1007,1161,1135,1045,1020,341091.582,3765533.145
Water,1034,1019,1022,1008,1175,1126,1045,1021,341084.576,3765536.984
Water,1031,1016,1021,1007,1161,1135,1045,1020,341090.220,3765533.292
Water,1034,1019,1022,1008,1175,1126,1045,1021,341083.072,3765536.233
Water,1034,1019,1022,1008,1175,1126,1045,1021,341088.269,3765538.708
Water,1030,1017,1029,1008,1154,1137,1045,1020,341090.001,3765528.939
Water,1034,1019,1022,1008,1175,1126,1045,1021,341083.948,3765536.666
Water,1031,1016,1021,1007,1161,1135,1045,1020,341091.424,3765534.242
Water,1034,1019,1022,1008,1175,1126,1045,1021,341085.880,3765533.300
Water,1033,1020,1029,1009,1183,1127,1045,1021,341086.861,3765528.660
Water,1034,1019,1022,1008,1175,1126,1045,1021,341081.513,3765532.221
Water,1033,1020,1029,1009,1183,1127,1045,1021,341082.254,3765528.532
Water,1034,1019,1022,1008,1175,1126,1045,1021,341087.477,3765537.978
Water,1034,1019,1022,1008,1175,1126,1045,1021,341086.617,3765532.512
Water,1033,1020,1029,1009,1183,1127,1045,1021,341088.968,3765529.692
Water,1034,1019,1022,1008,1175,1126,1045,1021,341088.932,3765535.807
Water,1034,1019,1022,1008,1175,1126,1045,1021,341086.436,3765532.816
Water,1034,1019,1022,1008,1175,1126,1045,1021,341084.648,3765530.044
Water,1031,1016,1021,1007,1161,1135,1045,1020,341090.463,3765536.427
Water,1034,1019,1022,1008,1175,1126,1045,1021,341083.327,3765536.973
Water,1034,1019,1022,1008,1175,1126,1045,1021,341084.310,3765537.621
Water,1031,1031,1020,1016,1155,1148,1046,1018,341318.826,3765464.519
Water,1039,1035,1020,1017,1156,1134,1044,1034,341322.726,3765452.542
Water,1039,1035,1020,1017,1156,1134,1044,1034,341323.663,3765455.796
Water,1039,1035,1020,1017,1156,1134,1044,1034,341329.350,3765457.423
Water,1031,1031,1020,1016,1155,1148,1046,1018,341319.679,3765462.809
Water,1031,1031,1020,1016,1155,1148,1046,1018,341319.317,3765463.819
Water,1039,1035,1020,1017,1156,1134,1044,1034,341325.226,3765454.522
Water,1039,1035,1020,1017,1156,1134,1044,1034,341327.930,3765457.888
Water,1039,1035,1020,1017,1156,1134,1044,1034,341323.715,3765457.950
Water,1034,1032,1020,1016,1176,1116,1039,1022,341330.396,3765460.301
Water,1039,1035,1020,1017,1156,1134,1044,1034,341322.023,3765455.653
Water,1035,1032,1020,1016,1168,1126,1046,1024,341323.267,3765463.445
Water,1035,1032,1019,1017,1154,1108,1039,1015,341319.025,3765459.190
Water,1039,1035,1020,1017,1156,1134,1044,1034,341322.081,3765456.221
Water,1031,1031,1020,1016,1155,1148,1046,1018,341318.696,3765463.436
Water,1039,1035,1020,1017,1156,1134,1044,1034,341328.523,3765455.124
Water,1035,1032,1019,1017,1154,1108,1039,1015,341318.142,3765457.414
Water,1035,1032,1020,1016,1168,1126,1046,1024,341325.691,3765466.032
Water,1039,1037,1020,1016,1181,1126,1046,1022,341331.320,3765454.361
Water,1035,1032,1019,1017,1154,1108,1039,1015,341319.289,3765454.399
Water,1039,1037,1020,1016,1181,1126,1046,1022,341331.393,3765456.570
Water,1035,1032,1020,1016,1168,1126,1046,1024,341327.868,3765465.905
Water,1035,1032,1020,1016,1168,1126,1046,1024,341326.621,3765464.823
Water,1039,1037,1020,1016,1181,1126,1046,1022,341330.851,3765456.583
Water,1035,1032,1020,1016,1168,1126,1046,1024,341322.547,3765462.867
Water,1035,1032,1020,1016,1168,1126,1046,1024,341328.602,3765460.153
Water,1039,1035,1020,1017,1156,1134,1044,1034,341320.596,3765457.237
Water,1035,1032,1019,1017,1154,1108,1039,1015,341319.839,3765457.316
Water,1035,1032,1020,1016,1168,1126,1046,1024,341324.112,3765462.055
Water,1039,1035,1020,1017,1156,1134,1044,1034,341325.863,3765459.961
Water,1035,1032,1020,1016,1168,1126,1046,1024,341325.408,3765461.480
Water,1035,1032,1020,1016,1168,1126,1046,1024,341325.833,3765460.075
Water,1039,1035,1020,1017,1156,1134,1044,1034,341321.539,3765455.258
Water,1031,1031,1020,1016,1155,1148,1046,1018,341318.899,3765464.100
Water,1039,1035,1020,1017,1156,1134,1044,1034,341321.905,3765456.757
Water,1035,1032,1020,1016,1168,1126,1046,1024,341326.267,3765460.658
Water,1035,1032,1020,1016,1168,1126,1046,1024,341322.070,3765460.610
Water,1035,1032,1020,1016,1168,1126,1046,1024,341320.447,3765463.638
Water,1039,1035,1020,1017,1156,1134,1044,1034,341322.290,3765455.261
Water,1039,1035,1020,1017,1156,1134,1044,1034,341329.621,3765458.340
Water,1031,1031,1020,1016,1155,1148,1046,1018,341319.891,3765460.377
Water,1035,1032,1020,1016,1168,1126,1046,1024,341321.597,3765461.637
Water,1035,1032,1020,1016,1168,1126,1046,1024,341324.719,3765463.871
Water,1039,1035,1020,1017,1156,1134,1044,1034,341327.262,3765454.297
Water,1035,1032,1019,1017,1154,1108,1039,1015,341318.786,3765458.891
Water,1035,1032,1020,1016,1168,1126,1046,1024,341326.237,3765464.634
Water,1031,1031,1020,1016,1155,1148,1046,1018,341317.164,3765462.901
Water,1035,1032,1020,1016,1168,1126,1046,1024,341321.861,3765460.407
Water,1035,1032,1019,1017,1154,1108,1039,1015,341318.102,3765455.864
Water,1034,1032,1020,1016,1176,1116,1039,1022,341330.601,3765461.299
Water,1031,1031,1020,1016,1155,1148,1046,1018,341317.454,3765460.342
Water,1035,1032,1020,1016,1168,1126,1046,1024,341325.713,3765464.229
Water,1031,1031,1020,1016,1155,1148,1046,1018,341317.365,3765462.316
Water,1039,1035,1020,1017,1156,1134,1044,1034,341322.481,3765459.690
Water,1035,1032,1019,1017,1154,1108,1039,1015,341318.691,3765458.553
Water,1039,1035,1020,1017,1156,1134,1044,1034,341326.648,3765457.710
Water,1035,1032,1020,1016,1168,1126,1046,1024,341322.123,3765464.952
Water,1035,1032,1019,1017,1154,1108,1039,1015,341318.891,3765458.466
Water,1031,1031,1020,1016,1155,1148,1046,1018,341317.645,3765463.634
Water,1035,1032,1019,1017,1154,1108,1039,1015,341317.591,3765458.006
Water,1039,1035,1020,1017,1156,1134,1044,1034,341328.817,3765459.371
Water,1031,1031,1020,1016,1155,1148,1046,1018,341317.295,3765461.430
Water,1035,1032,1020,1016,1168,1126,1046,1024,341327.202,3765460.910
Water,1039,1035,1020,1017,1156,1134,1044,1034,341323.090,3765456.815
Water,1039,1037,1020,1016,1181,1126,1046,1022,341330.207,3765455.485
Water,1035,1032,1020,1016,1168,1126,1046,1024,341329.459,3765464.415
Water,1039,1037,1020,1016,1181,1126,1046,1022,341331.144,3765455.416
Water,1035,1032,1020,1016,1168,1126,1046,1024,341328.681,3765464.107
Water,1039,1035,1020,1017,1156,1134,1044,1034,341323.116,3765453.805
Water,1035,1032,1020,1016,1168,1126,1046,1024,341325.237,3765465.389
Water,1039,1035,1020,1017,1156,1134,1044,1034,341321.442,3765457.588
Water,1039,1037,1020,1016,1181,1126,1046,1022,341330.464,3765455.644
Water,1039,1035,1020,1017,1156,1134,1044,1034,341326.746,3765459.093
Water,1039,1035,1020,1017,1156,1134,1044,1034,341328.094,3765455.982
Water,1035,1032,1020,1016,1168,1126,1046,1024,341322.820,3765465.225
Water,1035,1032,1019,1017,1154,1108,1039,1015,341319.129,3765456.911
Water,1039,1035,1020,1017,1156,1134,1044,1034,341321.488,3765457.239
Water,1035,1032,1020,1016,1168,1126,1046,1024,341322.034,3765465.250
Water,1031,1031,1020,1016,1155,1148,1046,1018,341316.639,3765462.093
Water,1039,1035,1020,1017,1156,1134,1044,1034,341327.259,3765453.463
Water,1035,1032,1019,1017,1154,1108,1039,1015,341319.331,3765453.811
Water,1035,1032,1020,1016,1168,1126,1046,1024,341324.727,3765462.343
Water,1039,1035,1020,1017,1156,1134,1044,1034,341320.903,3765457.775
Water,1039,1035,1020,1017,1156,1134,1044,1034,341327.250,3765458.393
Water,1039,1035,1020,1017,1156,1134,1044,1034,341324.371,3765458.878
Water,1035,1032,1020,1016,1168,1126,1046,1024,341321.350,3765461.138
Water,1039,1035,1020,1017,1156,1134,1044,1034,341326.041,3765453.503
Water,1039,1035,1020,1017,1156,1134,1044,1034,341322.879,3765455.045
Water,1039,1035,1020,1017,1156,1134,1044,1034,341320.510,3765453.354
Water,1039,1035,1020,1017,1156,1134,1044,1034,341327.283,3765458.095
Water,1035,1032,1019,1017,1154,1108,1039,1015,341319.194,3765454.627
Water,1035,1032,1020,1016,1168,1126,1046,1024,341321.837,3765464.333
Water,1035,1032,1020,1016,1168,1126,1046,1024,341328.708,3765465.053
Water,1039,1035,1020,1017,1156,1134,1044,1034,341326.242,3765454.017
Water,1039,1035,1020,1017,1156,1134,1044,1034,341322.913,3765453.647
Water,1035,1032,1020,1016,1168,1126,1046,1024,341326.942,3765466.531
Water,1039,1035,1020,1017,1156,1134,1044,1034,341323.293,3765458.077
Water,1039,1035,1020,1017,1156,1134,1044,1034,341327.427,3765455.812
Water,1035,1032,1020,1016,1168,1126,1046,1024,341327.246,3765463.204
Water,1035,1032,1020,1016,1168,1126,1046,1024,341327.179,3765462.857
Water,1039,1037,1020,1016,1181,1126,1046,1022,341331.412,3765456.827
Water,1035,1032,1020,1016,1168,1126,1046,1024,341325.554,3765466.200
Water,1039,1035,1020,1017,1156,1134,1044,1034,341320.510,3765458.377
Water,1035,1032,1020,1016,1168,1126,1046,1024,341327.454,3765461.951
Water,1039,1035,1020,1017,1156,1134,1044,1034,341326.127,3765457.144
Water,1039,1035,1020,1017,1156,1134,1044,1034,341323.879,3765459.930
Water,1039,1037,1020,1016,1181,1126,1046,1022,341330.400,3765459.785
Water,1035,1032,1020,1016,1168,1126,1046,1024,341325.124,3765460.130
Water,1031,1031,1020,1016,1155,1148,1046,1018,341319.758,3765463.158
Water,1035,1032,1019,1017,1154,1108,1039,1015,341319.950,3765457.331
Water,1035,1032,1019,1017,1154,1108,1039,1015,341319.632,3765452.765
Water,1035,1032,1020,1016,1168,1126,1046,1024,341328.172,3765460.908
Water,1039,1035,1020,1017,1156,1134,1044,1034,341325.992,3765459.207
Water,1035,1032,1020,1016,1168,1126,1046,1024,341323.390,3765464.741
Water,1035,1032,1020,1016,1168,1126,1046,1024,341328.046,3765465.231
Water,1035,1032,1020,1016,1168,1126,1046,1024,341321.806,3765463.636
Water,1035,1032,1020,1016,1168,1126,1046,1024,341322.970,3765460.871
Water,1039,1035,1020,1017,1156,1134,1044,1034,341324.743,3765454.192
Water,1039,1035,1020,1017,1156,1134,1044,1034,341322.757,3765455.657
Water,1031,1031,1020,1016,1155,1148,1046,1018,341317.780,3765463.115
Water,1039,1035,1020,1017,1156,1134,1044,1034,341327.401,3765453.395
Water,1039,1035,1020,1017,1156,1134,1044,1034,341320.494,3765459.442
Water,1039,1037,1020,1016,1181,1126,1046,1022,341331.071,3765455.542
Water,1039,1035,1020,1017,1156,1134,1044,1034,341320.635,3765453.593
Water,1039,1035,1020,1017,1156,1134,1044,1034,341327.980,3765454.860
Water,1035,1032,1020,1016,1168,1126,1046,1024,341328.081,3765464.769
Water,1035,1032,1019,1017,1154,1108,1039,1015,341319.422,3765458.034
Water,1039,1035,1020,1017,1156,1134,1044,1034,341326.145,3765455.786
Water,1039,1035,1020,1017,1156,1134,1044,1034,341324.065,3765458.346
Water,1035,1032,1020,1016,1168,1126,1046,1024,341323.029,3765460.472
Water,1035,1032,1019,1017,1154,1108,1039,1015,341318.317,3765454.016
Water,1035,1032,1019,1017,1154,1108,1039,1015,341318.378,3765454.362
Water,1035,1032,1020,1016,1168,1126,1046,1024,341329.207,3765460.634
Water,1039,1035,1020,1017,1156,1134,1044,1034,341326.973,3765454.993
Water,1039,1035,1020,1017,1156,1134,1044,1034,341324.402,3765454.787
Water,1039,1035,1020,1017,1156,1134,1044,1034,341323.409,3765453.826
Water,1039,1035,1020,1017,1156,1134,1044,1034,341326.919,3765453.328
Water,1035,1032,1020,1016,1168,1126,1046,1024,341327.660,3765460.623
Water,1039,1035,1020,1017,1156,1134,1044,1034,341328.290,3765456.750
Water,1039,1035,1020,1017,1156,1134,1044,1034,341325.799,3765457.229
Water,1035,1032,1020,1016,1168,1126,1046,1024,341326.846,3765462.723
Water,1035,1032,1020,1016,1168,1126,1046,1024,341320.754,3765462.590
Water,1035,1032,1019,1017,1154,1108,1039,1015,341317.263,3765458.230
Water,1035,1032,1019,1017,1154,1108,1039,1015,341317.466,3765458.832
Water,1035,1032,1019,1017,1154,1108,1039,1015,341319.565,3765452.045
Water,1039,1035,1020,1017,1156,1134,1044,1034,341320.973,3765455.509
Water,1031,1031,1020,1016,1155,1148,1046,1018,341317.090,3765463.193
Water,1039,1035,1020,1017,1156,1134,1044,1034,341322.244,3765456.097
Water,1039,1035,1020,1017,1156,1134,1044,1034,341324.888,3765455.150
Water,1035,1032,1020,1016,1168,1126,1046,1024,341323.934,3765465.582
Water,1029,1019,1017,1007,1172,1107,1039,1008,343214.581,3765746.720
Water,1037,1031,1009,1008,1179,1116,1055,1025,343241.820,3765759.522
Water,1030,1020,1014,1010,1157,1092,1025,1012,343237.908,3765778.913
Water,1029,1015,1019,1008,1157,1096,1031,1022,343233.867,3765780.491
Water,1032,1022,1012,1010,1170,1096,1021,1015,343238.699,3765767.256
Water,1033,1026,1011,1007,1191,1093,1037,1016,343240.818,3765778.905
Water,1029,1017,1016,1010,1175,1099,1038,1020,343225.391,3765760.280
Water,1033,1023,1011,1008,1164,1121,1038,1025,343233.135,3765757.086
Water,1025,1031,1016,1005,1159,1115,1039,1022,343257.973,3765802.006
Water,1028,1012,1022,1011,1147,1099,1050,1020,343215.522,3765774.648
Water,1036,1028,1008,1008,1162,1112,1041,1011,343246.290,3765768.052
Water,1024,1033,1012,1006,1175,1114,1046,1023,343253.249,3765783.324
Water,1033,1026,1011,1007,1191,1093,1037,1016,343247.200,3765778.209
Water,1024,1037,1008,1014,1160,1129,1044,1015,343260.552,3765797.041
Water,1038,1031,1008,1008,1197,1122,1043,1019,343249.594,3765740.985
Water,1036,1028,1008,1008,1162,1112,1041,1011,343244.811,3765760.167
Water,1029,1017,1020,1008,1184,1107,1042,1021,343211.291,3765754.544
Water,1030,1020,1014,1010,1157,1092,1025,1012,343238.246,3765772.833
Water,1028,1012,1022,1011,1147,1099,1050,1020,343219.457,3765778.763
Water,1029,1015,1018,1011,1139,1109,1044,1007,343228.607,3765774.611
Water,1027,1018,1022,1001,1176,1126,1039,1006,343238.827,3765802.763
Water,1029,1019,1017,1007,1172,1107,1039,1008,343218.716,3765745.765
Water,1028,1014,1022,1005,1188,1128,1030,1011,343231.958,3765797.728
Water,1033,1023,1011,1008,1164,1121,1038,1025,343237.257,3765753.616
Water,1023,1033,1015,1005,1174,1137,1033,1015,343252.924,3765796.666
Water,1030,1018,1015,1008,1166,1116,1026,1025,343223.785,3765753.882
Water,1029,1019,1017,1007,1172,1107,1039,1008,343213.532,3765745.174
Water,1034,1033,1007,1008,1190,1104,1046,1015,343251.497,3765755.743
Water,1029,1019,1017,1007,1172,1107,1039,1008,343210.966,3765747.067
Water,1030,1020,1014,1010,1157,1092,1025,1012,343235.876,3765772.936
Water,1029,1017,1020,1008,1184,1107,1042,1021,343217.697,3765758.877
Water,1028,1016,1022,1003,1169,1118,1044,1015,343222.895,3765800.002
Water,1028,1014,1022,1005,1188,1128,1030,1011,343230.067,3765796.780
Water,1033,1026,1011,1007,1191,1093,1037,1016,343241.234,3765773.121
Water,1028,1016,1019,1011,1160,1120,1030,1018,343218.366,3765782.231
Water,1024,1033,1012,1006,1175,1114,1046,1023,343252.648,3765783.246
Water,1034,1031,1006,1008,1155,1128,1045,1011,343255.028,3765763.276
Water,1028,1018,1019,1009,1168,1116,1031,1027,343217.951,3765794.557
Water,1039,1027,1007,1007,1172,1118,1038,1022,343242.533,3765739.509
Water,1032,1022,1012,1010,1170,1096,1021,1015,343234.935,3765769.911
Water,1030,1031,1008,1007,1184,1131,1046,1016,343255.080,3765778.105
Water,1023,1035,1008,1014,1178,1116,1044,1006,343264.991,3765785.212
Water,1026,1026,1016,1004,1150,1087,1036,1016,343240.522,3765784.685
Water,1027,1018,1022,1001,1176,1126,1039,1006,343230.616,3765802.217
Water,1033,1026,1011,1007,1191,1093,1037,1016,343242.681,3765773.679
Water,1032,1016,1014,1006,1179,1110,1026,1012,343222.701,3765744.872
Water,1037,1031,1009,1008,1179,1116,1055,1025,343243.293,3765755.401
Water,1028,1014,1022,1005,1188,1128,1030,1011,343230.657,3765797.007
Water,1028,1016,1019,1011,1160,1120,1030,1018,343217.101,3765782.115
Water,1034,1031,1006,1008,1155,1128,1045,1011,343256.752,3765766.678
Water,1024,1033,1012,1006,1175,1114,1046,1023,343259.987,3765787.193
Water,1028,1014,1022,1005,1188,1128,1030,1011,343232.951,3765790.953
Water,1032,1016,1014,1006,1179,1110,1026,1012,343224.678,3765747.476
Water,1036,1015,1014,1004,1166,1107,1030,1010,343237.565,3765739.823
Water,1023,1035,1008,1014,1178,1116,1044,1006,343263.706,3765788.760
Water,1026,1025,1021,1002,1168,1111,1034,1010,343248.718,3765800.360
Water,1038,1031,1008,1008,1197,1122,1043,1019,343249.544,3765744.570
Water,1029,1017,1020,1008,1184,1107,1042,1021,343213.766,3765753.414
Water,1028,1014,1022,1005,1188,1128,1030,1011,343230.849,3765798.258
Water,1030,1020,1014,1010,1157,1092,1025,1012,343236.595,3765774.972
Water,1023,1032,1007,1011,1180,1104,1041,996,343261.801,3765774.032
Water,1024,1025,1019,1002,1164,1116,1033,1005,343240.666,3765793.885
Water,1023,1033,1015,1005,1174,1137,1033,1015,343252.222,3765796.339
Water,1023,1033,1015,1005,1174,1137,1033,1015,343251.636,3765794.253
Water,1032,1016,1014,1006,1179,1110,1026,1012,343220.682,3765745.265
Water,1034,1031,1006,1008,1155,1128,1045,1011,343256.853,3765765.266
Water,1029,1019,1017,1007,1172,1107,1039,1008,343215.727,3765748.674
Water,1028,1012,1022,1010,1170,1098,1047,1012,343214.146,3765766.413
Water,1034,1031,1006,1008,1155,1128,1045,1011,343254.617,3765765.630
Water,1023,1033,1015,1005,1174,1137,1033,1015,343250.362,3765794.995
Water,1029,1019,1017,1007,1172,1107,1039,1008,343217.030,3765745.371
Water,1032,1016,1014,1006,1179,1110,1026,1012,343223.740,3765740.631
Water,1029,1017,1020,1008,1184,1107,1042,1021,343217.984,3765756.513
Water,1030,1020,1014,1010,1157,1092,1025,1012,343233.846,3765771.614
Water,1028,1012,1022,1010,1170,1098,1047,1012,343218.738,3765767.146
Water,1029,1015,1018,1011,1139,1109,1044,1007,343227.230,3765775.327
Water,1032,1016,1014,1006,1179,1110,1026,1012,343227.714,3765741.542
Water,1035,1033,1006,1009,1180,1127,1043,1020,343251.182,3765748.507
Water,1028,1014,1022,1005,1188,1128,1030,1011,343234.369,3765794.767
Water,1030,1020,1014,1010,1157,1092,1025,1012,343236.293,3765778.774
Water,1023,1035,1008,1014,1178,1116,1044,1006,343261.367,3765785.325
Water,1028,1018,1019,1009,1168,1116,1031,1027,343219.105,3765796.689
Water,1029,1012,1021,1007,1179,1123,1034,1027,343229.625,3765795.560
Water,1035,1020,1011,1006,1130,1122,1045,1013,343234.954,3765748.753
Water,1029,1015,1018,1011,1139,1109,1044,1007,343222.096,3765774.006
Water,1024,1025,1019,1002,1164,1116,1033,1005,343242.003,3765798.971
Water,1029,1015,1018,1011,1139,1109,1044,1007,343224.073,3765776.099
Water,1033,1023,1011,1008,1164,1121,1038,1025,343235.030,3765753.052
Water,1026,1037,1009,1011,1158,1104,1055,1027,343263.788,3765801.335
Water,1026,1037,1009,1011,1158,1104,1055,1027,343268.644,3765802.646
Water,1024,1033,1012,1006,1175,1114,1046,1023,343251.091,3765787.686
Water,1028,1020,1022,1008,1179,1115,1037,1022,343208.945,3765742.832
Water,1032,1022,1012,1010,1170,1096,1021,1015,343237.915,3765766.949
Water,1024,1037,1008,1014,1160,1129,1044,1015,343264.289,3765791.521
Water,1032,1016,1014,1006,1179,1110,1026,1012,343226.228,3765743.983
Water,1032,1022,1012,1010,1170,1096,1021,1015,343231.901,3765767.853
Water,1024,1036,1009,1017,1159,1126,1044,1021,343273.108,3765799.560
Water,1034,1033,1007,1008,1190,1104,1046,1015,343252.394,3765754.356
Water,1033,1026,1011,1007,1191,1093,1037,1016,343246.879,3765777.259
Water,1030,1020,1014,1010,1157,1092,1025,1012,343237.286,3765774.615
Water,1034,1033,1007,1008,1190,1104,1046,1015,343250.731,3765753.356
Water,1024,1025,1019,1002,1164,1116,1033,1005,343247.443,3765791.610
Water,1030,1031,1008,1007,1184,1131,1046,1016,343257.742,3765779.238
Water,1032,1016,1014,1006,1179,1110,1026,1012,343228.192,3765740.129
Water,1030,1020,1014,1010,1157,1092,1025,1012,343234.276,3765777.431
Water,1029,1012,1020,1010,1165,1123,1038,1023,343220.862,3765785.163
Water,1033,1023,1011,1008,1164,1121,1038,1025,343230.063,3765755.793
Water,1026,1026,1016,1004,1150,1087,1036,1016,343241.879,3765781.622
Water,1029,1017,1020,1008,1184,1107,1042,1021,343215.784,3765755.127
Water,1030,1020,1014,1010,1157,1092,1025,1012,343233.630,3765770.680
Water,1023,1032,1007,1011,1180,1104,1041,996,343262.240,3765775.287
Water,1037,1031,1009,1008,1179,1116,1055,1025,343246.941,3765753.903
Water,1030,1020,1014,1010,1157,1092,1025,1012,343239.754,3765773.081
Water,1032,1022,1012,1010,1170,1096,1021,1015,343239.957,3765766.556
Water,1035,1020,1011,1006,1130,1122,1045,1013,343238.305,3765742.186
Water,1024,1025,1019,1002,1164,1116,1033,1005,343247.041,3765794.901
Water,1029,1019,1017,1007,1172,1107,1039,1008,343219.209,3765748.894
Water,1029,1015,1019,1008,1157,1096,1031,1022,343234.126,3765784.887
Water,1024,1037,1008,1014,1160,1129,1044,1015,343262.927,3765798.454
Water,1029,1019,1017,1007,1172,1107,1039,1008,343219.840,3765741.696
Water,1028,1012,1022,1011,1147,1099,1050,1020,343215.735,3765774.487
Water,1024,1033,1012,1006,1175,1114,1046,1023,343256.001,3765780.857
Water,1028,1012,1022,1010,1170,1098,1047,1012,343217.212,3765766.684
Water,1029,1017,1016,1010,1175,1099,1038,1020,343223.705,3765765.853
Water,1037,1031,1009,1008,1179,1116,1055,1025,343246.805,3765751.770
Water,1023,1033,1015,1005,1174,1137,1033,1015,343256.015,3765795.559
Water,1034,1033,1007,1008,1190,1104,1046,1015,343252.647,3765754.030
Water,1029,1017,1020,1008,1184,1107,1042,1021,343213.366,3765759.374
Water,1033,1026,1011,1007,1191,1093,1037,1016,343246.289,3765772.836
Water,1028,1012,1022,1011,1147,1099,1050,1020,343216.039,3765771.969
Water,1024,1033,1012,1006,1175,1114,1046,1023,343257.523,3765785.969
Water,1026,1026,1016,1004,1150,1087,1036,1016,343240.293,3765788.192
Water,1033,1026,1011,1007,1191,1093,1037,1016,343249.289,3765775.900
Water,1030,1020,1014,1010,1157,1092,1025,1012,343230.629,3765775.708
Water,1026,1036,1008,1011,1166,1118,1045,1008,343272.078,3765801.201
Water,1029,1017,1020,1008,1184,1107,1042,1021,343219.713,3765756.136
Water,1030,1031,1008,1007,1184,1131,1046,1016,343253.399,3765777.201
Water,1030,1018,1015,1008,1166,1116,1026,1025,343225.728,3765752.226
Water,1029,1012,1021,1007,1179,1123,1034,1027,343222.362,3765799.720
Water,1026,1025,1021,1002,1168,1111,1034,1010,343244.209,3765802.317
Water,1029,1019,1017,1007,1172,1107,1039,1008,343218.221,3765746.774
Water,1029,1017,1016,1010,1175,1099,1038,1020,343225.882,3765764.130
Water,1029,1017,1016,1010,1175,1099,1038,1020,343226.110,3765768.990
Water,1030,1020,1014,1010,1157,1092,1025,1012,343233.130,3765773.860
Water,1033,1012,1015,1004,1172,1139,1032,1006,343228.241,3765738.818
Water,1023,1032,1007,1011,1180,1104,1041,996,343262.789,3765773.612
Water,1028,1016,1022,1003,1169,1118,1044,1015,343228.443,3765800.582
Water,1035,1020,1011,1006,1130,1122,1045,1013,343239.590,3765744.863
Water,1029,1017,1020,1008,1184,1107,1042,1021,343212.079,3765759.387
Water,1035,1020,1011,1006,1130,1122,1045,1013,343233.272,3765747.457
Water,1026,1026,1023,1008,1138,1092,1020,1012,344210.525,3765298.836
Water,1021,1013,1028,1011,1186,1102,1031,1012,344238.848,3765306.121
Water,1024,1015,1029,1014,1186,1104,1020,1009,344228.586,3765311.774
Water,1020,1016,1028,1009,1165,1099,1045,1023,344230.752,3765292.104
Water,1024,1017,1012,1007,1182,1097,1040,1012,344232.389,3765278.641
Water,1030,1027,1019,1008,1163,1113,1043,1020,344204.829,3765282.661
Water,1026,1026,1023,1008,1138,1092,1020,1012,344216.670,3765296.781
Water,1028,1018,1028,1009,1132,1094,1042,1020,344193.259,3765308.412
Water,1026,1020,1022,1010,1170,1105,1022,999,344245.899,3765286.241
Water,1025,1026,1023,1011,1160,1107,1026,1005,344217.776,3765307.824
Water,1024,1023,1023,1010,1190,1106,1036,1005,344248.200,3765303.126
Water,1029,1021,1030,1013,1192,1109,1035,1005,344232.695,3765329.558
Water,1026,1025,1018,1008,1184,1105,1027,1008,344217.601,3765280.324
Water,1029,1020,1025,1009,1178,1115,1032,1014,344249.331,3765334.384
Water,1031,1025,1022,1008,1138,1089,1048,1020,344196.406,3765287.390
Water,1028,1013,1032,1010,1192,1115,1036,1016,344193.309,3765331.876
Water,1028,1028,1022,1008,1194,1092,1043,1023,344207.916,3765296.770
Water,1028,1014,1026,1015,1170,1094,1020,1006,344204.020,3765323.890
Water,1030,1027,1019,1008,1163,1113,1043,1020,344204.846,3765281.980
Water,1026,1026,1023,1008,1138,1092,1020,1012,344212.276,3765296.738
Water,1027,1022,1024,1012,1167,1109,1028,1013,344206.779,3765317.816
Water,1028,1019,1027,1005,1175,1101,1036,1027,344243.900,3765341.079
Water,1028,1014,1030,1010,1147,1100,1028,1014,344195.209,3765316.222
Water,1028,1014,1026,1015,1170,1094,1020,1006,344204.795,3765322.500
Water,1021,1013,1028,1011,1186,1102,1031,1012,344232.309,3765305.816
Water,1027,1027,1023,1010,1180,1092,1026,1018,344205.584,3765306.287
Water,1030,1014,1025,1016,1150,1097,1032,1023,344217.196,3765334.572
Water,1024,1017,1012,1007,1182,1097,1040,1012,344238.182,3765279.968
Water,1021,1018,1028,1009,1140,1099,1030,1019,344228.504,3765294.700
Water,1028,1014,1030,1010,1147,1100,1028,1014,344195.039,3765318.255
Water,1028,1028,1022,1008,1194,1092,1043,1023,344201.130,3765299.904
Water,1028,1014,1026,1015,1170,1094,1020,1006,344205.538,3765324.982
Water,1021,1013,1028,1011,1186,1102,1031,1012,344234.935,3765309.811
Water,1024,1023,1023,1010,1190,1106,1036,1005,344244.899,3765306.465
Water,1025,1023,1023,1010,1182,1102,1035,1010,344242.511,3765311.040
Water,1029,1016,1025,1017,1153,1097,1015,1009,344219.861,3765324.336
Water,1028,1012,1032,1010,1162,1092,1032,1021,344199.627,3765326.948
Water,1031,1025,1022,1008,1138,1089,1048,1020,344197.256,3765285.198
Water,1021,1019,1021,1007,1187,1103,1039,1023,344227.550,3765280.217
Water,1030,1022,1030,1011,1180,1104,1047,1015,344231.056,3765335.986
Water,1028,1028,1022,1008,1194,1092,1043,1023,344207.545,3765292.736
Water,1029,1019,1030,1016,1175,1092,1034,1010,344226.001,3765320.752
Water,1025,1021,1024,1010,1165,1103,1034,1003,344247.369,3765297.839
Water,1021,1018,1028,1009,1140,1099,1030,1019,344228.649,3765296.429
Water,1024,1023,1023,1010,1190,1106,1036,1005,344247.035,3765301.279
Water,1021,1017,1022,1008,1184,1091,1042,1020,344237.866,3765282.649
Water,1029,1019,1030,1016,1175,1092,1034,1010,344228.992,3765324.562
Water,1020,1016,1028,1009,1165,1099,1045,1023,344234.104,3765299.460
Water,1029,1019,1030,1016,1175,1092,1034,1010,344223.329,3765327.571
Water,1026,1022,1024,1014,1165,1109,1038,1010,344213.340,3765312.757
Water,1029,1016,1025,1017,1153,1097,1015,1009,344212.414,3765329.701
Water,1021,1018,1028,1009,1140,1099,1030,1019,344223.127,3765296.436
Water,1031,1023,1012,1010,1150,1102,1031,1014,344204.288,3765279.045
Water,1030,1027,1019,1008,1163,1113,1043,1020,344206.166,3765282.596
Water,1029,1021,1030,1013,1192,1109,1035,1005,344234.606,3765326.799
Water,1027,1027,1023,1010,1180,1092,1026,1018,344204.243,3765306.134
Water,1029,1020,1025,1009,1178,1115,1032,1014,344241.617,3765333.784
Water,1024,1023,1023,1010,1190,1106,1036,1005,344241.427,3765309.416
Water,1028,1012,1032,1010,1162,1092,1032,1021,344196.985,3765325.273
Water,1021,1019,1021,1007,1187,1103,1039,1023,344222.334,3765282.441
Water,1030,1022,1030,1011,1180,1104,1047,1015,344231.749,3765330.641
Water,1028,1018,1028,1009,1132,1094,1042,1020,344196.531,3765309.753
Water,1029,1021,1030,1013,1192,1109,1035,1005,344231.637,3765328.119
Water,1025,1021,1024,1008,1172,1107,1034,1003,344252.030,3765333.471
Water,1021,1019,1021,1007,1187,1103,1039,1023,344227.499,3765282.032
Water,1029,1019,1030,1016,1175,1092,1034,1010,344223.557,3765329.855
Water,1028,1018,1028,1009,1132,1094,1042,1020,344195.140,3765304.396
Water,1029,1024,1025,1008,1162,1102,1025,1022,344199.177,3765295.426
Water,1021,1017,1022,1008,1184,1091,1042,1020,344237.303,3765289.284
Water,1025,1026,1023,1011,1160,1107,1026,1005,344212.659,3765308.316
Water,1029,1020,1025,1009,1178,1115,1032,1014,344241.881,3765337.291
Water,1030,1027,1019,1008,1163,1113,1043,1020,344202.010,3765287.040
Water,1029,1024,1025,1008,1162,1102,1025,1022,344198.776,3765293.701
Water,1025,1026,1023,1011,1160,1107,1026,1005,344210.365,3765303.344
Water,1031,1025,1022,1008,1138,1089,1048,1020,344197.876,3765289.878
Water,1026,1020,1022,1010,1170,1105,1022,999,344240.564,3765286.635
Water,1027,1027,1023,1010,1180,1092,1026,1018,344200.216,3765302.614
Water,1024,1017,1012,1007,1182,1097,1040,1012,344231.630,3765279.543
Water,1027,1022,1024,1012,1167,1109,1028,1013,344207.448,3765314.803
Water,1027,1027,1023,1010,1180,1092,1026,1018,344202.894,3765308.227
Water,1028,1012,1032,1010,1162,1092,1032,1021,344194.318,3765323.994
Water,1028,1012,1032,1010,1162,1092,1032,1021,344190.362,3765327.103
Water,1029,1016,1025,1017,1153,1097,1015,1009,344211.191,3765327.844
Water,1020,1016,1028,1009,1165,1099,1045,1023,344236.064,3765295.857
Water,1026,1022,1024,1014,1165,1109,1038,1010,344219.298,3765318.973
Water,1025,1026,1023,1011,1160,1107,1026,1005,344218.015,3765304.209
Water,1027,1027,1023,1010,1180,1092,1026,1018,344201.265,3765309.340
Water,1027,1022,1024,1012,1167,1109,1028,1013,344205.800,3765315.714
Water,1025,1026,1023,1011,1160,1107,1026,1005,344218.737,3765309.960
Water,1029,1016,1025,1017,1153,1097,1015,1009,344214.523,3765328.478
Water,1030,1027,1019,1008,1163,1113,1043,1020,344207.231,3765280.974
Water,1027,1027,1023,1010,1180,1092,1026,1018,344204.601,3765305.257
Water,1024,1015,1029,1014,1186,1104,1020,1009,344221.448,3765311.918
Water,1026,1022,1024,1014,1165,1109,1038,1010,344212.866,3765310.959
Water,1029,1011,1026,1015,1172,1089,1043,1027,344201.819,3765333.794
Water,1027,1027,1023,1010,1180,1092,1026,1018,344208.074,3765309.645
Water,1028,1014,1026,1015,1170,1094,1020,1006,344208.002,3765329.454
Water,1022,1014,1029,1012,1197,1102,1015,1016,344224.466,3765307.595
Water,1029,1019,1030,1016,1175,1092,1034,1010,344225.638,3765325.825
Water,1021,1018,1028,1009,1140,1099,1030,1019,344227.691,3765297.757
Water,1028,1014,1026,1015,1170,1094,1020,1006,344208.197,3765321.703
Water,1024,1015,1029,1014,1186,1104,1020,1009,344222.264,3765312.543
Water,1030,1027,1019,1008,1163,1113,1043,1020,344200.888,3765285.128
Water,1026,1025,1018,1008,1184,1105,1027,1008,344218.764,3765284.733
Water,1020,1016,1028,1009,1165,1099,1045,1023,344239.722,3765291.750
Water,1028,1014,1026,1015,1170,1094,1020,1006,344205.878,3765326.658
Water,1026,1026,1023,1008,1138,1092,1020,1012,344217.484,3765294.717
Water,1025,1023,1023,1010,1182,1102,1035,1010,344245.877,3765312.397
Water,1029,1019,1030,1016,1175,1092,1034,1010,344226.325,3765327.397
Water,1029,1024,1025,1008,1162,1102,1025,1022,344195.304,3765294.601
Water,1029,1019,1030,1016,1175,1092,1034,1010,344224.324,3765326.128
Water,1028,1014,1026,1015,1170,1094,1020,1006,344209.570,3765325.382
Water,1026,1025,1018,1008,1184,1105,1027,1008,344217.997,3765289.561
Water,1026,1020,1022,1010,1170,1105,1022,999,344243.628,3765281.170
Water,1029,1021,1030,1013,1192,1109,1035,1005,344231.405,3765327.797
Water,1029,1024,1025,1008,1162,1102,1025,1022,344196.543,3765296.847
Water,1026,1025,1018,1008,1184,1105,1027,1008,344213.848,3765287.728
Water,1029,1019,1029,1006,1167,1092,1047,1025,344237.185,3765340.114
Water,1029,1024,1025,1008,1162,1102,1025,1022,344199.796,3765296.303
Water,1029,1019,1030,1016,1175,1092,1034,1010,344226.181,3765325.491
Water,1028,1014,1030,1010,1147,1100,1028,1014,344197.985,3765316.959
Water,1026,1020,1022,1010,1170,1105,1022,999,344246.062,3765286.593
Water,1030,1022,1030,1011,1180,1104,1047,1015,344237.239,3765339.469
Water,1025,1026,1023,1011,1160,1107,1026,1005,344218.531,3765302.081
Water,1029,1024,1025,1008,1162,1102,1025,1022,344197.952,3765293.418
Water,1029,1019,1030,1016,1175,1092,1034,1010,344227.455,3765320.822
Water,1030,1014,1025,1016,1150,1097,1032,1023,344218.726,3765335.953
Water,1030,1027,1019,1008,1163,1113,1043,1020,344206.842,3765286.569
Water,1026,1020,1022,1010,1170,1105,1022,999,344242.949,3765280.062
Water,1029,1020,1025,1009,1178,1115,1032,1014,344249.007,3765334.487
Water,1028,1014,1030,1010,1147,1100,1028,1014,344194.838,3765318.328
Water,1025,1026,1023,1011,1160,1107,1026,1005,344214.760,3765301.834
Water,1021,1018,1028,1009,1140,1099,1030,1019,344225.851,3765297.284
Water,1029,1016,1025,1017,1153,1097,1015,1009,344215.601,3765327.511
Water,1030,1022,1030,1011,1180,1104,1047,1015,344239.074,3765330.413
Water,1026,1026,1023,1008,1138,1092,1020,1012,344217.339,3765291.252
Water,1031,1020,1030,1013,1177,1115,1036,1009,344229.699,3765338.566
Water,1026,1023,1023,1009,1160,1104,1034,1013,344250.882,3765327.023
Water,1025,1026,1023,1011,1160,1107,1026,1005,344217.065,3765303.448
Water,1027,1022,1024,1012,1167,1109,1028,1013,344207.150,3765313.545
Water,1025,1021,1024,1010,1165,1103,1034,1003,344246.516,3765297.814
Water,1029,1021,1030,1013,1192,1109,1035,1005,344237.427,3765328.068
Water,1030,1022,1030,1011,1180,1104,1047,1015,344236.622,3765339.650
Water,1029,1019,1030,1016,1175,1092,1034,1010,344224.996,3765327.587
Water,1031,1020,1030,1013,1177,1115,1036,1009,344227.270,3765333.887
Water,1026,1025,1018,1008,1184,1105,1027,1008,344218.580,3765285.439
Water,1025,1021,1024,1010,1165,1103,1034,1003,344240.739,3765294.498
Water,1028,1014,1026,1015,1170,1094,1020,1006,344205.360,3765320.054
Water,1025,1023,1023,1010,1182,1102,1035,1010,344248.181,3765311.416
Water,1029,1021,1030,1013,1192,1109,1035,1005,344230.346,3765326.179
Water,1035,1017,1032,1003,1136,1145,1043,1014,346031.173,3766547.900
Water,1039,1023,1025,1006,1164,1157,1040,1034,346025.611,3766538.532
Water,1035,1017,1032,1003,1136,1145,1043,1014,346033.095,3766542.488
Water,1035,1020,1031,1003,1139,1167,1033,1018,346024.781,3766545.587
Water,1035,1017,1032,1003,1136,1145,1043,1014,346030.557,3766548.448
Water,1030,1016,1028,1002,1166,1146,1043,1014,346031.858,3766551.453
Water,1041,1021,1032,1007,1159,1134,1037,1007,346031.299,3766536.463
Water,1039,1023,1025,1006,1164,1157,1040,1034,346021.466,3766534.995
Water,1030,1016,1028,1002,1166,1146,1043,1014,346032.116,3766552.946
Water,1035,1017,1032,1003,1136,1145,1043,1014,346031.128,3766542.647
Water,1035,1020,1031,1003,1139,1167,1033,1018,346025.858,3766542.050
Water,1035,1017,1032,1003,1136,1145,1043,1014,346033.633,3766543.776
Water,1039,1023,1025,1006,1164,1157,1040,1034,346026.802,3766539.361
Water,1041,1021,1032,1007,1159,1134,1037,1007,346031.364,3766535.465
Water,1035,1020,1031,1003,1139,1167,1033,1018,346025.864,3766546.759
Water,1035,1017,1032,1003,1136,1145,1043,1014,346030.821,3766546.424
Water,1030,1016,1028,1002,1166,1146,1043,1014,346032.865,3766554.031
Water,1035,1020,1031,1003,1139,1167,1033,1018,346027.189,3766545.625
Water,1035,1020,1031,1003,1139,1167,1033,1018,346026.053,3766544.912
Water,1035,1020,1031,1003,1139,1167,1033,1018,346027.038,3766546.185
Water,1030,1016,1028,1002,1166,1146,1043,1014,346033.615,3766550.004
Water,1035,1017,1032,1003,1136,1145,1043,1014,346030.380,3766545.714
Water,1039,1023,1025,1006,1164,1157,1040,1034,346029.553,3766536.622
Water,1039,1023,1025,1006,1164,1157,1040,1034,346024.053,3766536.663
Water,1035,1020,1031,1003,1139,1167,1033,1018,346027.122,3766548.408
Water,1039,1023,1025,1006,1164,1157,1040,1034,346023.994,3766539.911
Water,1035,1020,1031,1003,1139,1167,1033,1018,346028.355,3766540.802
Water,1039,1023,1025,1006,1164,1157,1040,1034,346024.717,3766537.826
Water,1030,1016,1028,1002,1166,1146,1043,1014,346031.596,3766556.871
Water,1041,1021,1032,1007,1159,1134,1037,1007,346030.948,3766536.514
Water,1039,1023,1025,1006,1164,1157,1040,1034,346022.666,3766535.451
Water,1035,1020,1031,1003,1139,1167,1033,1018,346027.852,3766542.265
Water,1030,1016,1028,1002,1166,1146,1043,1014,346035.685,3766556.633
Water,1030,1016,1028,1002,1166,1146,1043,1014,346035.638,3766553.603
Water,1039,1023,1025,1006,1164,1157,1040,1034,346029.922,3766536.651
Water,1030,1016,1028,1002,1166,1146,1043,1014,346032.937,3766554.305
Water,1035,1020,1031,1003,1139,1167,1033,1018,346022.752,3766548.144
Water,1041,1021,1032,1007,1159,1134,1037,1007,346031.592,3766538.915
Water,1030,1018,1029,1001,1158,1160,1043,1005,346027.335,3766553.119
Water,1039,1023,1025,1006,1164,1157,1040,1034,346021.286,3766535.787
Water,1035,1020,1031,1003,1139,1167,1033,1018,346024.332,3766541.839
Water,1030,1016,1028,1002,1166,1146,1043,1014,346035.403,3766556.683
Water,1035,1020,1031,1003,1139,1167,1033,1018,346026.091,3766542.986
Water,1035,1017,1032,1003,1136,1145,1043,1014,346032.607,3766541.369
Water,1035,1020,1031,1003,1139,1167,1033,1018,346022.717,3766545.984
Water,1035,1020,1031,1003,1139,1167,1033,1018,346027.225,3766540.684
Water,1039,1023,1025,1006,1164,1157,1040,1034,346027.526,3766536.774
Water,1030,1018,1029,1001,1158,1160,1043,1005,346028.882,3766555.572
Water,1035,1020,1031,1003,1139,1167,1033,1018,346026.324,3766542.818
Water,1030,1016,1028,1002,1166,1146,1043,1014,346031.551,3766553.483
Water,1035,1017,1032,1003,1136,1145,1043,1014,346031.021,3766546.219
Water,1035,1020,1031,1003,1139,1167,1033,1018,346021.776,3766541.296
Water,1039,1023,1025,1006,1164,1157,1040,1034,346023.290,3766538.608
Water,1035,1020,1031,1003,1139,1167,1033,1018,346027.822,3766548.194
Water,1039,1023,1025,1006,1164,1157,1040,1034,346029.438,3766538.334
Water,1035,1020,1031,1003,1139,1167,1033,1018,346025.426,3766549.129
Water,1030,1018,1029,1001,1158,1160,1043,1005,346029.286,3766554.078
Water,1035,1020,1031,1003,1139,1167,1033,1018,346028.206,3766546.922
Water,1030,1018,1029,1001,1158,1160,1043,1005,346023.246,3766553.368
Water,1035,1017,1032,1003,1136,1145,1043,1014,346032.378,3766540.934
Water,1035,1020,1031,1003,1139,1167,1033,1018,346024.667,3766546.859
Water,1035,1020,1031,1003,1139,1167,1033,1018,346028.823,3766546.917
Water,1035,1020,1031,1003,1139,1167,1033,1018,346022.895,3766541.563
Water,1030,1018,1029,1001,1158,1160,1043,1005,346025.724,3766554.067
Water,1030,1018,1029,1001,1158,1160,1043,1005,346025.790,3766555.171
Water,1035,1020,1031,1003,1139,1167,1033,1018,346024.934,3766547.544
Water,1035,1020,1031,1003,1139,1167,1033,1018,346028.193,3766549.281
Water,1030,1018,1029,1001,1158,1160,1043,1005,346027.691,3766551.020
Water,1030,1018,1029,1001,1158,1160,1043,1005,346023.785,3766555.413
Water,1035,1017,1032,1003,1136,1145,1043,1014,346033.550,3766542.807
Water,1030,1018,1029,1001,1158,1160,1043,1005,346023.763,3766552.493
Water,1039,1023,1025,1006,1164,1157,1040,1034,346029.418,3766539.659
Water,1039,1023,1025,1006,1164,1157,1040,1034,346025.024,3766535.775
Water,1039,1023,1025,1006,1164,1157,1040,1034,346024.199,3766535.451
Water,1041,1021,1032,1007,1159,1134,1037,1007,346030.214,3766536.914
Water,1035,1020,1031,1003,1139,1167,1033,1018,346026.082,3766541.306
Water,1041,1021,1032,1007,1159,1134,1037,1007,346032.792,3766537.634
Water,1035,1020,1031,1003,1139,1167,1033,1018,346025.596,3766540.907
Water,1035,1017,1032,1003,1136,1145,1043,1014,346030.546,3766542.953
Water,1035,1020,1031,1003,1139,1167,1033,1018,346027.616,3766542.711
Water,1035,1017,1032,1003,1136,1145,1043,1014,346033.192,3766547.174
Water,1035,1020,1031,1003,1139,1167,1033,1018,346028.434,3766541.311
Water,1041,1021,1032,1007,1159,1134,1037,1007,346031.821,3766539.405
Water,1030,1016,1028,1002,1166,1146,1043,1014,346031.935,3766550.501
Water,1030,1018,1029,1001,1158,1160,1043,1005,346023.322,3766552.915
Water,1030,1018,1029,1001,1158,1160,1043,1005,346029.438,3766552.969
Water,1041,1021,1032,1007,1159,1134,1037,1007,346032.352,3766537.032
Water,1030,1016,1028,1002,1166,1146,1043,1014,346034.974,3766551.629
Water,1035,1017,1032,1003,1136,1145,1043,1014,346032.303,3766547.759
Water,1035,1017,1032,1003,1136,1145,1043,1014,346033.473,3766545.849
Water,1039,1023,1025,1006,1164,1157,1040,1034,346024.912,3766537.398
Water,1030,1016,1028,1002,1166,1146,1043,1014,346030.691,3766554.125
Water,1030,1018,1029,1001,1158,1160,1043,1005,346026.043,3766550.688
Water,1030,1016,1028,1002,1166,1146,1043,1014,346034.851,3766556.776
Water,1035,1020,1031,1003,1139,1167,1033,1018,346022.640,3766544.479
Water,1039,1023,1025,1006,1164,1157,1040,1034,346021.507,3766537.202
Water,1035,1017,1032,1003,1136,1145,1043,1014,346033.576,3766548.258
Water,1039,1023,1025,1006,1164,1157,1040,1034,346023.104,3766536.322
Water,1035,1017,1032,1003,1136,1145,1043,1014,346031.760,3766543.817
Water,1035,1017,1032,1003,1136,1145,1043,1014,346034.287,3766549.767
Water,1035,1020,1031,1003,1139,1167,1033,1018,346026.319,3766544.828
Water,1039,1023,1025,1006,1164,1157,1040,1034,346024.590,3766536.718
Water,1035,1020,1031,1003,1139,1167,1033,1018,346026.095,3766547.410
Water,1030,1016,1028,1002,1166,1146,1043,1014,346032.020,3766555.289
Water,1039,1023,1025,1006,1164,1157,1040,1034,346022.250,3766536.826
Water,1035,1020,1031,1003,1139,1167,1033,1018,346026.133,3766545.372
Water,1035,1017,1032,1003,1136,1145,1043,1014,346033.530,3766545.268
Water,1030,1016,1028,1002,1166,1146,1043,1014,346030.624,3766550.814
Water,1035,1020,1031,1003,1139,1167,1033,1018,346028.274,3766549.476
Water,1030,1018,1029,1001,1158,1160,1043,1005,346026.274,3766555.358
Water,1035,1020,1031,1003,1139,1167,1033,1018,346025.811,3766548.575
Water,1030,1018,1029,1001,1158,1160,1043,1005,346026.794,3766552.289
Water,1035,1020,1031,1003,1139,1167,1033,1018,346023.561,3766540.266
Water,1030,1018,1029,1001,1158,1160,1043,1005,346028.834,3766551.662
Water,1035,1017,1032,1003,1136,1145,1043,1014,346032.695,3766541.531
Water,1030,1018,1029,1001,1158,1160,1043,1005,346025.975,3766550.925
Water,1030,1018,1029,1001,1158,1160,1043,1005,346023.860,3766552.739
Water,1030,1018,1029,1001,1158,1160,1043,1005,346029.009,3766554.848
Water,1030,1016,1028,1002,1166,1146,1043,1014,346031.682,3766554.374
Water,1030,1016,1028,1002,1166,1146,1043,1014,346030.207,3766555.969
Water,1035,1020,1031,1003,1139,1167,1033,1018,346024.481,3766545.062
Water,1035,1020,1031,1003,1139,1167,1033,1018,346029.184,3766543.167
Water,1030,1018,1029,1001,1158,1160,1043,1005,346027.503,3766551.682
Water,1030,1016,1028,1002,1166,1146,1043,1014,346030.840,3766555.638
Water,1035,1020,1031,1003,1139,1167,1033,1018,346028.899,3766547.465
Water,1035,1020,1031,1003,1139,1167,1033,1018,346027.073,3766548.832
Water,1035,1017,1032,1003,1136,1145,1043,1014,346032.316,3766543.790
Water,1039,1023,1025,1006,1164,1157,1040,1034,346023.900,3766536.039
Water,1035,1020,1031,1003,1139,1167,1033,1018,346022.545,3766540.801
Water,1035,1017,1032,1003,1136,1145,1043,1014,346032.739,3766546.081
Water,1035,1020,1031,1003,1139,1167,1033,1018,346026.176,3766542.305
Water,1035,1017,1032,1003,1136,1145,1043,1014,346033.729,3766547.392
Water,1030,1018,1029,1001,1158,1160,1043,1005,346028.522,3766550.956
Water,1039,1023,1025,1006,1164,1157,1040,1034,346025.540,3766539.827
Water,1035,1017,1032,1003,1136,1145,1043,1014,346032.297,3766544.739
Water,1039,1023,1025,1006,1164,1157,1040,1034,346029.535,3766535.406
Water,1035,1017,1032,1003,1136,1145,1043,1014,346032.553,3766541.993
Water,1039,1023,1025,1006,1164,1157,1040,1034,346029.060,3766538.608
Water,1030,1016,1028,1002,1166,1146,1043,1014,346033.638,3766556.918
Water,1035,1017,1032,1003,1136,1145,1043,1014,346030.719,3766540.744
Water,1030,1016,1028,1002,1166,1146,1043,1014,346036.090,3766557.936
Water,1039,1023,1025,1006,1164,1157,1040,1034,346021.188,3766536.991
Water,1035,1020,1031,1003,1139,1167,1033,1018,346027.564,3766548.044
Water,1035,1017,1032,1003,1136,1145,1043,1014,346032.771,3766540.305
Water,1030,1016,1028,1002,1166,1146,1043,1014,346031.518,3766554.593
Water,1039,1023,1025,1006,1164,1157,1040,1034,346021.695,3766539.543
Water,1030,1016,1028,1002,1166,1146,1043,1014,346030.984,3766554.661
Water,1030,1016,1028,1002,1166,1146,1043,1014,346033.865,3766553.427
Water,1030,1018,1029,1001,1158,1160,1043,1005,346028.101,3766556.583
Water,1030,1016,1028,1002,1166,1146,1043,1014,346031.337,3766550.057
Water,1030,1015,1031,1008,1173,1138,1033,1017,347865.439,3764888.215
Water,1026,1018,1023,1009,1183,1128,1051,1016,347945.625,3764941.947
Water,1033,1024,1022,1009,1118,1118,1045,1020,347927.054,3764821.707
Water,1042,1020,1014,1009,1167,1117,1050,1028,347886.784,3764818.948
Water,1038,1031,1020,1009,1172,1135,1035,1023,347789.335,3764835.992
Water,1031,1022,1022,1001,1152,1115,1035,1009,347832.834,3764947.762
Water,1034,1022,1022,1008,1173,1123,1037,1024,347842.915,3764834.162
Water,1029,1021,1021,1008,1168,1101,1041,1022,347804.897,3764953.500
Water,1022,1025,1017,1007,1178,1107,1041,1031,347896.832,3764844.161
Water,1036,1027,1030,1011,1170,1118,1036,1037,347869.836,3764823.246
Water,1039,1029,1021,1006,1185,1126,1036,1012,347794.065,3764841.047
Water,1029,1008,1027,1005,1152,1106,1032,1019,347865.300,3764914.163
Water,1040,1015,1024,1009,1190,1126,1045,1039,347849.866,3764848.359
Water,1034,1019,1019,1010,1183,1110,1031,1026,347885.166,3764828.481
Water,1036,1034,1019,1007,1170,1124,1037,1028,347793.714,3764834.347
Water,1036,1020,1021,1014,1156,1127,1028,1023,347940.654,3764889.581
Water,1036,1018,1018,1006,1153,1136,1050,1034,347964.161,3764837.463
Water,1032,1019,1023,1009,1178,1089,1023,1004,347930.453,3764883.622
Water,1031,1025,1022,1010,1143,1114,1037,1002,347894.666,3764967.296
Water,1026,1015,1028,1008,1163,1107,1046,1015,347890.237,3764912.498
Water,1030,1021,1029,1013,1160,1129,1044,1011,347879.570,3764844.214
Water,1031,1022,1022,1001,1152,1115,1035,1009,347838.830,3764944.742
Water,1028,1025,1027,1009,1180,1126,1031,1014,347807.510,3764901.459
Water,1033,1025,1026,1008,1163,1121,1028,1023,347807.922,3764923.540
Water,1036,1018,1018,1006,1153,1136,1050,1034,347966.063,3764833.985
Water,1032,1022,1017,1010,1172,1112,1046,1008,347943.939,3764903.725
Water,1031,1022,1022,1001,1152,1115,1035,1009,347831.758,3764940.112
Water,1032,1019,1023,1009,1178,1089,1023,1004,347934.166,3764888.205
Water,1030,1021,1029,1013,1160,1129,1044,1011,347879.779,3764849.260
Water,1029,1016,1021,1009,1143,1130,1040,1009,347855.746,3764926.917
Water,1025,1040,1029,1009,1166,1107,1032,1020,347817.459,3764874.763
Water,1028,1017,1032,1015,1146,1104,1040,1032,347891.854,3764892.382
Water,1024,1030,1012,1003,1172,1124,1041,1006,347816.349,3764846.943
Water,1030,1027,1015,1005,1157,1115,1052,1020,347838.247,3764904.370
Water,1028,1017,1023,1009,1188,1118,1028,1013,347906.521,3764820.447
Water,1027,1011,1027,1011,1162,1126,1043,1032,347865.556,3764936.137
Water,1024,1018,1012,1009,1170,1118,1035,1011,347935.514,3764918.616
Water,1025,1020,1021,1010,1167,1136,1045,1017,347883.406,3764845.028
Water,1037,1029,1028,1006,1167,1118,1043,1013,347835.155,3764885.290
Water,1037,1015,1030,1011,1180,1103,1043,1007,347853.167,3764871.098
Water,1025,1019,1019,1008,1148,1124,1045,1023,347898.236,3764833.701
Water,1025,1040,1029,1009,1166,1107,1032,1020,347818.170,3764879.889
Water,1030,1027,1015,1005,1157,1115,1052,1020,347832.374,3764904.721
Water,1031,1023,1021,1006,1195,1123,1050,1028,347957.093,3764833.503
Water,1037,1015,1030,1011,1180,1103,1043,1007,347857.879,3764879.525
Water,1026,1007,1030,1011,1125,1124,1033,1013,347875.090,3764932.251
Water,1035,1030,1030,1013,1175,1129,1036,1013,347830.308,3764860.286
Water,1028,1018,1014,1004,1152,1123,1043,1010,347912.278,3764935.195
Water,1029,1019,1019,1008,1130,1123,1040,1023,347911.656,3764941.258
Water,1031,1017,1035,1014,1157,1107,1032,1021,347886.908,3764880.303
Water,1026,1007,1030,1011,1125,1124,1033,1013,347870.314,3764932.414
Water,1034,1023,1020,1013,1177,1130,1033,1010,347941.652,3764874.087
Water,1029,1017,1032,1014,1180,1117,1032,1021,347892.586,3764887.067
Water,1026,1015,1019,1010,1168,1109,1033,1021,347927.435,3764966.836
Water,1039,1026,1013,1002,1183,1130,1035,1016,347853.137,3764958.438
Water,1029,1021,1021,1008,1168,1101,1041,1022,347806.079,3764958.503
Water,1031,1022,1024,1001,1148,1104,1038,1026,347833.127,3764953.940
Water,1031,1016,1017,1009,1177,1107,1033,1035,347895.524,3764824.394
Water,1041,1031,1019,1006,1195,1117,1048,1006,347921.246,3764841.900
Water,1025,1005,1031,1010,1153,1117,1036,991,347875.745,3764921.810
Water,1031,1027,1020,1001,1160,1117,1054,1011,347955.928,3764848.939
Water,1030,1011,1032,1005,1183,1107,1031,1010,347879.077,3764900.332
Water,1024,1037,1025,1007,1178,1127,1035,1019,347809.555,3764861.527
Water,1035,1028,1021,1002,1157,1127,1041,1011,347945.455,3764845.012
Water,1023,1013,1019,1008,1162,1115,1033,1014,347934.614,3764962.760
Water,1034,1019,1031,1013,1188,1127,1019,1019,347869.549,3764844.572
Water,1037,1015,1030,1011,1180,1103,1043,1007,347851.018,3764871.166
Water,1034,1019,1019,1010,1183,1110,1031,1026,347880.202,3764820.504
Water,1023,1026,1018,1007,1156,1139,1036,1027,347898.188,3764858.405
Water,1031,1017,1035,1014,1157,1107,1032,1021,347884.699,3764886.438
Water,1037,1020,1023,1012,1187,1121,1038,1023,347832.176,3764850.549
Water,1022,1016,1014,1008,1195,1144,1028,999,347927.726,3764906.070
Water,1033,1020,1026,1007,1159,1132,1049,1021,347879.967,3764957.737
Water,1027,1015,1029,1009,1173,1114,1045,1010,347882.436,3764861.920
Water,1028,1017,1032,1015,1146,1104,1040,1032,347894.852,3764890.354
Water,1030,1012,1021,1006,1158,1134,1033,1004,347855.216,3764900.042
Water,1036,1022,1020,1009,1178,1124,1041,1010,347930.358,3764869.775
Water,1022,1017,1013,1008,1177,1127,1033,1023,347923.029,3764929.765
Water,1028,1018,1014,1004,1152,1123,1043,1010,347914.978,3764934.662
Water,1027,1029,1023,1010,1160,1104,1035,1028,347802.211,3764961.581
Water,1028,1017,1023,1009,1188,1118,1028,1013,347905.618,3764827.180
Water,1025,1017,1022,1007,1195,1120,1024,1000,347921.694,3764891.967
Water,1030,1026,1022,1008,1150,1121,1041,1033,347959.698,3764813.073
Water,1029,1019,1019,1008,1130,1123,1040,1023,347913.966,3764943.896
Water,1033,1018,1024,1011,1175,1112,1032,1009,347909.948,3764818.927
Water,1023,1039,1025,1008,1138,1114,1031,1023,347814.051,3764867.224
Water,1021,1017,1011,1008,1168,1130,1033,1016,347926.666,3764910.765
Water,1034,1031,1024,1004,1163,1121,1046,1024,347825.370,3764890.772
Water,1039,1026,1020,1008,1182,1114,1044,997,347934.594,3764836.063
Water,1034,1034,1029,1006,1163,1127,1046,1024,347828.474,3764883.860
Water,1038,1024,1028,1012,1166,1134,1038,1020,347874.521,3764821.198
Water,1030,1028,1022,1008,1166,1130,1041,1023,347817.174,3764905.955
Water,1029,1017,1022,1009,1182,1106,1040,1022,347929.234,3764952.621
Water,1030,1010,1031,1008,1162,1138,1038,1012,347885.689,3764946.353
Water,1032,1032,1029,1007,1138,1126,1032,1026,347795.142,3764869.547
Water,1033,1025,1026,1008,1163,1121,1028,1023,347804.786,3764929.570
Water,1033,1016,1027,1010,1170,1132,1044,1018,347858.379,3764888.244
Water,1034,1031,1024,1004,1163,1121,1046,1024,347824.420,3764893.592
Water,1038,1023,1030,1012,1172,1114,1037,1009,347843.784,3764878.961
Water,1034,1022,1022,1008,1173,1123,1037,1024,347849.093,3764838.653
Water,1034,1026,1022,1009,1160,1118,1045,1029,347933.526,3764826.549
Water,1025,1018,1016,1008,1175,1127,1036,1014,347922.002,3764934.873
Water,1034,1025,1020,1009,1175,1123,1032,1018,347941.518,3764862.950
Water,1035,1027,1017,1006,1157,1135,1025,1034,347822.785,3764835.768
Water,1030,1022,1019,1009,1178,1118,1056,1009,347968.071,3764815.610
Water,1033,1027,1020,1009,1188,1134,1031,1014,347952.691,3764868.129
Water,1025,1040,1029,1009,1166,1107,1032,1020,347810.409,3764871.022
Water,1024,1018,1012,1009,1170,1118,1035,1011,347938.383,3764913.474
Water,1029,1017,1021,1013,1178,1121,1032,1031,347911.235,3764963.494
Water,1037,1024,1009,1002,1173,1135,1035,1028,347853.302,3764965.289
Water,1029,1017,1022,1009,1182,1106,1040,1022,347922.260,3764958.744
Water,1030,1007,1031,1006,1182,1126,1033,1011,347887.902,3764935.519
Water,1024,1030,1012,1003,1172,1124,1041,1006,347810.932,3764843.376
Water,1030,1022,1017,1007,1157,1120,1038,1002,347847.782,3764920.701
Water,1032,1021,1020,1008,1168,1126,1038,1026,347855.771,3764934.395
Water,1030,1023,1021,1004,1146,1124,1044,1000,347824.350,3764932.184
Water,1021,1028,1032,1008,1166,1130,1046,1006,347795.955,3764884.867
Water,1033,1024,1025,1007,1187,1110,1041,1023,347802.701,3764930.539
Water,1039,1026,1020,1008,1182,1114,1044,997,347936.865,3764837.406
Water,1028,1017,1023,1009,1188,1118,1028,1013,347907.135,3764829.724
Water,1027,1018,1022,1009,1173,1127,1041,1008,347937.401,3764945.049
Water,1030,1016,1033,1008,1156,1138,1036,1009,347875.715,3764892.639
Water,1023,1033,1029,1008,1172,1114,1049,1033,347803.375,3764883.804
Water,1030,1007,1031,1006,1182,1126,1033,1011,347886.524,3764930.890
Water,1027,1015,1017,1009,1156,1117,1033,1020,347921.867,3764972.209
Water,1029,1019,1019,1008,1130,1123,1040,1023,347910.799,3764940.049
Water,1025,1023,1020,1007,1175,1123,1043,1026,347904.882,3764833.761
Water,1027,1011,1027,1011,1162,1126,1043,1032,347862.947,3764936.934
Water,1034,1022,1017,1008,1173,1142,1045,1011,347923.966,3764867.378
Water,1033,1024,1025,1007,1187,1110,1041,1023,347802.357,3764935.546
Water,1031,1027,1020,1001,1160,1117,1054,1011,347958.164,3764841.492
Water,1030,1007,1031,1006,1182,1126,1033,1011,347884.964,3764935.893
Water,1026,1020,1017,1010,1153,1120,1043,1027,347916.314,3764877.383
Water,1031,1023,1021,1006,1195,1123,1050,1028,347953.114,3764835.132
Water,1032,1032,1029,1007,1138,1126,1032,1026,347798.120,3764867.381
Water,1031,1020,1022,1010,1187,1135,1028,1019,347972.021,3764817.394
Water,1025,1018,1013,1004,1167,1114,1032,1020,347913.153,3764926.967
Water,1025,1023,1020,1007,1175,1123,1043,1026,347903.084,3764832.016
Water,1030,1015,1031,1008,1173,1138,1033,1017,347865.903,3764881.317
Water,1030,1011,1027,1004,1162,1103,1036,1038,347891.405,3764926.536
Water,1029,1025,1021,1008,1175,1124,1049,1004,347918.159,3764839.196
Water,1030,1031,1016,1005,1156,1126,1056,1017,347821.267,3764903.544
Water,1022,1018,1020,1008,1144,1123,1043,1010,347903.161,3764910.941
Water,1030,1015,1031,1008,1173,1138,1033,1017,347865.775,3764888.885
Water,1033,1020,1026,1007,1159,1132,1049,1021,347875.829,3764950.258
Water,1028,1018,1029,1011,1157,1109,1033,1020,347896.647,3764871.867
Water,1026,1032,1014,1003,1177,1135,1043,1031,347805.921,3764840.487
Water,1034,1019,1019,1010,1183,1110,1031,1026,347888.440,3764827.930
Water,1028,1018,1021,1008,1156,1124,1028,1022,347927.935,3764949.163
Water,1025,1005,1031,1010,1153,1117,1036,991,347871.424,3764922.092
Vegetation,2190,4191,4974,3215,1424,1714,1448,5380,360790.559,3767835.667
Vegetation,2266,4051,4659,3325,1404,1814,1696,4825,360808.073,3767805.300
Vegetation,2327,4386,5010,3356,1602,1947,1828,5018,360830.499,3767806.033
Vegetation,2306,3860,4348,3375,1432,1819,1823,4174,360816.672,3767825.760
Vegetation,2378,4504,5177,3337,1529,1999,1756,6045,360853.839,3767812.715
Vegetation,2346,4302,5040,3373,1401,1880,1536,6176,360844.925,3767826.292
Vegetation,2306,3860,4348,3375,1432,1819,1823,4174,360811.299,3767826.109
Vegetation,2321,4143,4685,3369,1413,1806,1511,5101,360838.010,3767819.516
Vegetation,2364,3833,4395,3422,1418,1822,1717,4540,360823.695,3767844.828
Vegetation,2252,3955,4525,3333,1428,1872,1704,4868,360805.333,3767811.456
Vegetation,2350,4628,5374,3347,1582,2028,1712,5855,360844.928,3767801.573
Vegetation,2327,4325,4996,3321,1502,1879,1617,5289,360812.586,3767794.467
Vegetation,2318,4740,5714,3341,1328,1907,1528,6500,360841.895,3767794.605
Vegetation,2306,3860,4348,3375,1432,1819,1823,4174,360812.972,3767823.514
Vegetation,2206,4349,5147,3250,1388,1736,1462,5539,360794.096,3767842.176
Vegetation,2318,4740,5714,3341,1328,1907,1528,6500,360845.618,3767798.467
Vegetation,2307,4201,4754,3360,1505,1966,1790,4978,360828.030,3767800.232
Vegetation,2189,4097,4869,3211,1450,1794,1532,5544,360799.425,3767823.511
Vegetation,2335,3934,4440,3373,1390,1786,1646,4544,360815.088,3767838.099
Vegetation,2321,4143,4685,3369,1413,1806,1511,5101,360832.547,3767812.724
Vegetation,2324,3756,4337,3397,1360,1678,1628,4186,360824.982,3767826.729
Vegetation,2307,4201,4754,3360,1505,1966,1790,4978,360826.055,3767801.954
Vegetation,2335,3934,4440,3373,1390,1786,1646,4544,360818.622,3767836.786
Vegetation,2350,4628,5374,3347,1582,2028,1712,5855,360846.909,3767802.203
Vegetation,2289,4073,4608,3361,1392,1848,1653,4988,360813.241,3767806.314
Vegetation,2347,3715,4325,3413,1480,1808,1810,4257,360822.611,3767834.666
Vegetation,2327,4325,4996,3321,1502,1879,1617,5289,360819.970,3767795.776
Vegetation,2364,3833,4395,3422,1418,1822,1717,4540,360828.597,3767845.945
Vegetation,2347,3715,4325,3413,1480,1808,1810,4257,360824.444,3767830.084
Vegetation,2190,4191,4974,3215,1424,1714,1448,5380,360798.458,3767836.313
Vegetation,2321,4143,4685,3369,1413,1806,1511,5101,360833.598,3767815.409
Vegetation,2321,4143,4685,3369,1413,1806,1511,5101,360834.706,3767817.728
Vegetation,2335,3934,4440,3373,1390,1786,1646,4544,360815.875,3767830.076
Vegetation,2351,3780,4445,3420,1425,1830,1759,4877,360838.443,3767838.308
Vegetation,2372,4700,5679,3351,1327,1819,1432,6540,360822.967,3767783.596
Vegetation,2350,4628,5374,3347,1582,2028,1712,5855,360844.321,3767800.817
Vegetation,2368,3895,4447,3439,1390,1817,1702,4544,360832.581,3767851.284
Vegetation,2190,4191,4974,3215,1424,1714,1448,5380,360794.265,3767835.622
Vegetation,2261,3974,4525,3313,1411,1832,1656,5071,360801.104,3767821.458
Vegetation,2289,4073,4608,3361,1392,1848,1653,4988,360812.676,3767805.309
Vegetation,2350,4628,5374,3347,1582,2028,1712,5855,360843.758,3767802.710
Vegetation,2363,3773,4317,3440,1473,1814,1896,4159,360832.248,3767846.424
Vegetation,2318,4740,5714,3341,1328,1907,1528,6500,360840.229,3767792.294
Vegetation,2282,3918,4392,3379,1429,1770,1742,4283,360812.967,3767810.938
Vegetation,2307,4201,4754,3360,1505,1966,1790,4978,360829.947,3767808.408
Vegetation,2189,4097,4869,3211,1450,1794,1532,5544,360796.906,3767827.222
Vegetation,2353,4475,5209,3304,1568,1848,1645,4803,360808.796,3767786.669
Vegetation,2373,4584,5319,3337,1461,1946,1594,5944,360853.446,3767809.465
Vegetation,2315,4311,4920,3314,1483,1894,1662,5588,360804.028,3767840.304
Vegetation,2360,4482,5149,3358,1582,2026,1834,5853,360842.686,3767818.354
Vegetation,2366,4560,5342,3328,1364,1776,1474,5603,360811.665,3767780.221
Vegetation,2327,4325,4996,3321,1502,1879,1617,5289,360815.113,3767795.263
Vegetation,2357,4494,5301,3351,1522,1919,1700,5630,360824.371,3767794.033
Vegetation,2335,3934,4440,3373,1390,1786,1646,4544,360811.721,3767839.184
Vegetation,2363,3773,4317,3440,1473,1814,1896,4159,360834.931,3767843.728
Vegetation,2327,4386,5010,3356,1602,1947,1828,5018,360830.655,3767804.687
Vegetation,2364,3833,4395,3422,1418,1822,1717,4540,360823.818,3767842.776
Vegetation,2363,3773,4317,3440,1473,1814,1896,4159,360833.548,3767843.832
Vegetation,2350,4628,5374,3347,1582,2028,1712,5855,360848.092,3767805.597
Vegetation,2368,4139,4669,3371,1329,1790,1514,5308,360814.414,3767840.561
Vegetation,2360,4482,5149,3358,1582,2026,1834,5853,360848.289,3767815.586
Vegetation,2346,4302,5040,3373,1401,1880,1536,6176,360846.094,3767825.330
Vegetation,2354,4632,5541,3358,1389,1874,1571,6023,360832.167,3767794.443
Vegetation,2327,4325,4996,3321,1502,1879,1617,5289,360819.673,3767794.221
Vegetation,2357,4494,5301,3351,1522,1919,1700,5630,360828.879,3767797.699
Vegetation,2306,3860,4348,3375,1432,1819,1823,4174,360817.835,3767829.192
Vegetation,2282,3918,4392,3379,1429,1770,1742,4283,360818.275,3767813.317
Vegetation,2252,3955,4525,3333,1428,1872,1704,4868,360802.954,3767810.219
Vegetation,2364,3833,4395,3422,1418,1822,1717,4540,360827.507,3767847.206
Vegetation,2289,4073,4608,3361,1392,1848,1653,4988,360816.669,3767809.655
Vegetation,2289,4073,4608,3361,1392,1848,1653,4988,360815.233,3767801.782
Vegetation,2261,3974,4525,3313,1411,1832,1656,5071,360800.786,3767823.137
Vegetation,2368,4139,4669,3371,1329,1790,1514,5308,360812.330,3767840.139
Vegetation,2329,4607,5506,3332,1308,1748,1394,6200,360850.615,3767799.454
Vegetation,2327,4386,5010,3356,1602,1947,1828,5018,360832.466,3767805.818
Vegetation,2357,4494,5301,3351,1522,1919,1700,5630,360826.655,3767794.317
Vegetation,2261,3974,4525,3313,1411,1832,1656,5071,360801.588,3767825.326
Vegetation,2354,4632,5541,3358,1389,1874,1571,6023,360835.131,3767793.645
Vegetation,2327,4325,4996,3321,1502,1879,1617,5289,360812.579,3767792.582
Vegetation,2306,3860,4348,3375,1432,1819,1823,4174,360819.689,3767825.067
Vegetation,2296,3955,4433,3376,1272,1665,1518,4230,360823.265,3767814.068
Vegetation,2296,3955,4433,3376,1272,1665,1518,4230,360820.707,3767815.412
Vegetation,2366,4560,5342,3328,1364,1776,1474,5603,360819.697,3767782.534
Vegetation,2189,4097,4869,3211,1450,1794,1532,5544,360794.713,3767823.769
Vegetation,2327,4325,4996,3321,1502,1879,1617,5289,360818.289,3767792.136
Vegetation,2335,3934,4440,3373,1390,1786,1646,4544,360817.705,3767838.990
Vegetation,2366,4560,5342,3328,1364,1776,1474,5603,360814.142,3767788.339
Vegetation,2327,4325,4996,3321,1502,1879,1617,5289,360814.580,3767794.042
Vegetation,2266,4051,4659,3325,1404,1814,1696,4825,360807.497,3767805.298
Vegetation,2347,4127,4801,3395,1366,1828,1538,5736,360841.867,3767834.284
Vegetation,2315,4311,4920,3314,1483,1894,1662,5588,360809.556,3767847.733
Vegetation,2327,4325,4996,3321,1502,1879,1617,5289,360819.237,3767795.532
Vegetation,2315,4311,4920,3314,1483,1894,1662,5588,360806.855,3767846.606
Vegetation,2373,4584,5319,3337,1461,1946,1594,5944,360854.071,3767809.565
Vegetation,2337,3903,4568,3396,1307,1748,1463,5404,360830.143,3767822.776
Vegetation,2357,4494,5301,3351,1522,1919,1700,5630,360829.217,3767791.576
Vegetation,2327,4386,5010,3356,1602,1947,1828,5018,360835.817,3767801.575
Vegetation,2364,3833,4395,3422,1418,1822,1717,4540,360822.237,3767840.320
Vegetation,2266,4051,4659,3325,1404,1814,1696,4825,360802.349,3767803.814
Vegetation,2351,3780,4445,3420,1425,1830,1759,4877,360833.716,3767838.287
Vegetation,2306,3860,4348,3375,1432,1819,1823,4174,360812.195,3767826.759
Vegetation,2190,4191,4974,3215,1424,1714,1448,5380,360790.073,3767836.301
Vegetation,2190,4191,4974,3215,1424,1714,1448,5380,360796.375,3767834.364
Vegetation,2315,4311,4920,3314,1483,1894,1662,5588,360806.354,3767843.926
Vegetation,2372,4700,5679,3351,1327,1819,1432,6540,360821.761,3767785.986
Vegetation,2282,3918,4392,3379,1429,1770,1742,4283,360810.287,3767818.136
Vegetation,2354,4632,5541,3358,1389,1874,1571,6023,360831.049,3767795.703
Vegetation,2350,4628,5374,3347,1582,2028,1712,5855,360841.911,3767808.677
Vegetation,2282,3918,4392,3379,1429,1770,1742,4283,360819.378,3767819.476
Vegetation,2368,4139,4669,3371,1329,1790,1514,5308,360819.472,3767842.956
Vegetation,2371,3992,4582,3428,1371,1777,1574,5230,360825.508,3767852.289
Vegetation,2296,3955,4433,3376,1272,1665,1518,4230,360824.498,3767815.569
Vegetation,2321,4143,4685,3369,1413,1806,1511,5101,360833.436,3767817.823
Vegetation,2190,4191,4974,3215,1424,1714,1448,5380,360797.446,3767830.536
Vegetation,2366,4560,5342,3328,1364,1776,1474,5603,360817.070,3767788.164
Vegetation,2347,3715,4325,3413,1480,1808,1810,4257,360820.934,3767836.629
Vegetation,2350,4628,5374,3347,1582,2028,1712,5855,360843.868,3767805.008
Vegetation,2327,4386,5010,3356,1602,1947,1828,5018,360836.345,3767807.260
Vegetation,2135,4311,5243,3159,1350,1840,1498,5761,360786.664,3767839.818
Vegetation,2347,4127,4801,3395,1366,1828,1538,5736,360840.439,3767831.864
Vegetation,2347,3715,4325,3413,1480,1808,1810,4257,360820.160,3767838.088
Vegetation,2282,3918,4392,3379,1429,1770,1742,4283,360818.982,3767819.464
Vegetation,2350,4628,5374,3347,1582,2028,1712,5855,360841.176,3767802.142
Vegetation,2190,4191,4974,3215,1424,1714,1448,5380,360794.697,3767832.546
Vegetation,2368,4139,4669,3371,1329,1790,1514,5308,360819.939,3767841.817
Vegetation,2354,4632,5541,3358,1389,1874,1571,6023,360833.854,3767790.029
Vegetation,2347,4127,4801,3395,1366,1828,1538,5736,360841.934,3767832.017
Vegetation,2378,4504,5177,3337,1529,1999,1756,6045,360854.385,3767812.546
Vegetation,2346,4302,5040,3373,1401,1880,1536,6176,360846.572,3767820.348
Vegetation,2303,4262,4928,3288,1350,1700,1516,4680,360809.977,3767794.443
Vegetation,2252,3955,4525,3333,1428,1872,1704,4868,360805.435,3767817.066
Vegetation,2282,4093,4657,3307,1338,1766,1504,5416,360806.730,3767838.020
Vegetation,2368,4139,4669,3371,1329,1790,1514,5308,360811.872,3767842.231
Vegetation,2353,4475,5209,3304,1568,1848,1645,4803,360809.277,3767785.236
Vegetation,2350,4628,5374,3347,1582,2028,1712,5855,360841.619,3767804.938
Vegetation,2368,4139,4669,3371,1329,1790,1514,5308,360818.928,3767842.102
Vegetation,2261,3974,4525,3313,1411,1832,1656,5071,360808.073,3767823.829
Vegetation,2307,4201,4754,3360,1505,1966,1790,4978,360822.213,3767807.598
Vegetation,2296,3955,4433,3376,1272,1665,1518,4230,360821.059,3767811.078
Vegetation,2335,3934,4440,3373,1390,1786,1646,4544,360810.623,3767834.913
Vegetation,2324,3756,4337,3397,1360,1678,1628,4186,360823.182,3767829.117
Vegetation,2315,4311,4920,3314,1483,1894,1662,5588,360800.053,3767844.081
Vegetation,2327,4325,4996,3321,1502,1879,1617,5289,360812.326,3767797.819
Vegetation,2347,4127,4801,3395,1366,1828,1538,5736,360842.154,3767833.718
Vegetation,2321,4143,4685,3369,1413,1806,1511,5101,360839.747,3767817.148
Vegetation,2190,4191,4974,3215,1424,1714,1448,5380,360794.022,3767836.650
Vegetation,2327,4386,5010,3356,1602,1947,1828,5018,360830.776,3767809.034
Vegetation,2351,3780,4445,3420,1425,1830,1759,4877,360839.651,3767839.235
Vegetation,2306,3860,4348,3375,1432,1819,1823,4174,360811.547,3767826.138
Vegetation,2327,4325,4996,3321,1502,1879,1617,5289,360811.156,3767790.263
Vegetation,2070,4803,5966,3069,1278,1672,1309,7040,360995.445,3768009.384
Vegetation,2041,4481,5529,3036,1339,1670,1433,6416,360993.293,3768017.664
Vegetation,2046,4590,5666,3029,1306,1664,1377,6472,360988.140,3768004.224
Vegetation,2187,5110,6230,3219,1300,1778,1346,6959,361023.226,3768002.540
Vegetation,2099,4704,5709,3157,1273,1691,1342,6717,361011.792,3768025.271
Vegetation,2070,4803,5966,3069,1278,1672,1309,7040,360992.697,3768004.840
Vegetation,2046,4590,5666,3029,1306,1664,1377,6472,360983.003,3768006.272
Vegetation,2031,4212,5145,3013,1358,1728,1505,5384,360984.950,3768017.256
Vegetation,2251,4908,6042,3315,1270,1680,1333,7191,361020.391,3768022.049
Vegetation,2070,4803,5966,3069,1278,1672,1309,7040,360990.423,3768009.190
Vegetation,2016,4388,5273,3053,1388,1711,1465,5559,361005.586,3768028.122
Vegetation,2031,4212,5145,3013,1358,1728,1505,5384,360982.735,3768017.527
Vegetation,2099,4704,5709,3157,1273,1691,1342,6717,361010.783,3768026.722
Vegetation,2228,5137,6327,3300,1217,1658,1268,7056,361022.291,3768013.103
Vegetation,2085,4926,6049,3099,1304,1744,1350,6612,360997.756,3767998.976
Vegetation,2070,4803,5966,3069,1278,1672,1309,7040,360998.135,3768001.743
Vegetation,2158,4958,6029,3107,1309,1828,1395,6880,361011.919,3767999.493
Vegetation,2121,4950,6122,3176,1241,1700,1270,7209,361016.758,3768011.031
Vegetation,2041,4481,5529,3036,1339,1670,1433,6416,360994.151,3768013.355
Vegetation,2031,4212,5145,3013,1358,1728,1505,5384,360982.345,3768017.119
Vegetation,2060,4805,5900,3062,1288,1678,1396,6568,360984.473,3767999.047
Vegetation,2031,4212,5145,3013,1358,1728,1505,5384,360989.095,3768015.944
Vegetation,2070,4630,5681,3003,1251,1624,1313,6757,360977.141,3767992.974
Vegetation,2060,4805,5900,3062,1288,1678,1396,6568,360989.390,3767995.776
Vegetation,2158,4958,6029,3107,1309,1828,1395,6880,361012.141,3767999.513
Vegetation,2070,4803,5966,3069,1278,1672,1309,7040,360999.426,3768006.574
Vegetation,2059,4731,5856,3089,1225,1614,1315,6596,361002.766,3768014.819
Vegetation,2070,4803,5966,3069,1278,1672,1309,7040,360998.577,3768008.644
Vegetation,2099,4704,5709,3157,1273,1691,1342,6717,361010.765,3768024.700
Vegetation,2041,4481,5529,3036,1339,1670,1433,6416,360995.571,3768014.280
Vegetation,2032,4295,5241,2990,1389,1809,1527,6324,360977.725,3768002.242
Vegetation,2099,4704,5709,3157,1273,1691,1342,6717,361013.555,3768022.373
Vegetation,2121,4950,6122,3176,1241,1700,1270,7209,361010.013,3768013.087
Vegetation,2060,4805,5900,3062,1288,1678,1396,6568,360986.783,3767997.460
Vegetation,2013,3671,4335,3013,1333,1680,1426,4991,360983.301,3768021.394
Vegetation,2099,4704,5709,3157,1273,1691,1342,6717,361017.273,3768021.888
Vegetation,2085,4926,6049,3099,1304,1744,1350,6612,360991.469,3767995.732
Vegetation,2000,3961,4736,3002,1306,1558,1385,4415,360995.037,3768029.910
Vegetation,2070,4630,5681,3003,1251,1624,1313,6757,360979.356,3767995.239
Vegetation,2046,4590,5666,3029,1306,1664,1377,6472,360988.243,3768004.943
Vegetation,2070,4803,5966,3069,1278,1672,1309,7040,360999.674,3768003.857
Vegetation,2121,4950,6122,3176,1241,1700,1270,7209,361011.203,3768016.241
Vegetation,2046,4590,5666,3029,1306,1664,1377,6472,360980.596,3768006.237
Vegetation,2099,4704,5709,3157,1273,1691,1342,6717,361018.137,3768029.690
Vegetation,2140,5035,6229,3160,1292,1774,1356,6891,361012.075,3768001.472
Vegetation,2121,4950,6122,3176,1241,1700,1270,7209,361011.359,3768017.703
Vegetation,2101,4932,6141,3109,1253,1702,1335,6912,361005.533,3768003.624
Vegetation,2027,3925,4705,3018,1282,1626,1455,5083,360979.101,3768016.698
Vegetation,2099,4704,5709,3157,1273,1691,1342,6717,361018.762,3768025.794
Vegetation,2000,3961,4736,3002,1306,1558,1385,4415,360996.524,3768023.676
Vegetation,2046,4590,5666,3029,1306,1664,1377,6472,360981.270,3768009.956
Vegetation,2046,4590,5666,3029,1306,1664,1377,6472,360985.391,3768001.488
Vegetation,2059,4731,5856,3089,1225,1614,1315,6596,361000.371,3768019.611
Vegetation,2131,4526,5387,3195,1549,1906,1684,5833,361013.608,3768031.933
Vegetation,2070,4803,5966,3069,1278,1672,1309,7040,360996.963,3768005.532
Vegetation,2000,3961,4736,3002,1306,1558,1385,4415,360993.776,3768022.195
Vegetation,2140,5035,6229,3160,1292,1774,1356,6891,361019.730,3768004.511
Vegetation,2099,4704,5709,3157,1273,1691,1342,6717,361014.185,3768022.069
Vegetation,2144,4991,6128,3115,1302,1752,1364,6744,361002.359,3767997.435
Vegetation,2000,3961,4736,3002,1306,1558,1385,4415,360997.464,3768020.576
Vegetation,2187,5110,6230,3219,1300,1778,1346,6959,361025.840,3768004.544
Vegetation,2059,4731,5856,3089,1225,1614,1315,6596,361009.383,3768017.113
Vegetation,2070,4630,5681,3003,1251,1624,1313,6757,360977.597,3767999.327
Vegetation,2228,5137,6327,3300,1217,1658,1268,7056,361020.431,3768015.355
Vegetation,2046,4590,5666,3029,1306,1664,1377,6472,360986.336,3768008.860
Vegetation,2013,3671,4335,3013,1333,1680,1426,4991,360982.614,3768024.419
Vegetation,2228,5137,6327,3300,1217,1658,1268,7056,361026.320,3768014.494
Vegetation,2060,4805,5900,3062,1288,1678,1396,6568,360989.717,3767998.842
Vegetation,2121,4950,6122,3176,1241,1700,1270,7209,361019.527,3768011.520
Vegetation,2041,4481,5529,3036,1339,1670,1433,6416,360994.039,3768011.423
Vegetation,2101,4932,6141,3109,1253,1702,1335,6912,361001.176,3768003.959
Vegetation,2121,4950,6122,3176,1241,1700,1270,7209,361012.888,3768010.781
Vegetation,2121,4950,6122,3176,1241,1700,1270,7209,361019.386,3768010.295
Vegetation,2140,5035,6229,3160,1292,1774,1356,6891,361011.115,3768005.403
Vegetation,2099,4704,5709,3157,1273,1691,1342,6717,361015.963,3768027.131
Vegetation,2144,4991,6128,3115,1302,1752,1364,6744,361003.234,3767999.266
Vegetation,2228,5137,6327,3300,1217,1658,1268,7056,361022.438,3768016.502
Vegetation,2031,4212,5145,3013,1358,1728,1505,5384,360989.048,3768012.645
Vegetation,2013,3671,4335,3013,1333,1680,1426,4991,360982.892,3768022.721
Vegetation,2031,4212,5145,3013,1358,1728,1505,5384,360981.166,3768017.463
Vegetation,2140,5035,6229,3160,1292,1774,1356,6891,361012.564,3768008.928
Vegetation,2013,3671,4335,3013,1333,1680,1426,4991,360983.251,3768027.083
Vegetation,2070,4803,5966,3069,1278,1672,1309,7040,360993.312,3768002.766
Vegetation,2013,3671,4335,3013,1333,1680,1426,4991,360980.642,3768021.598
Vegetation,2046,4590,5666,3029,1306,1664,1377,6472,360989.303,3768002.823
Vegetation,2016,4388,5273,3053,1388,1711,1465,5559,361004.243,3768025.336
Vegetation,2000,3961,4736,3002,1306,1558,1385,4415,360994.772,3768021.753
Vegetation,2099,4704,5709,3157,1273,1691,1342,6717,361017.784,3768029.911
Vegetation,2041,4481,5529,3036,1339,1670,1433,6416,360992.215,3768018.492
Vegetation,2013,3671,4335,3013,1333,1680,1426,4991,360985.340,3768020.258
Vegetation,2099,4704,5709,3157,1273,1691,1342,6717,361011.006,3768022.632
Vegetation,2131,4526,5387,3195,1549,1906,1684,5833,361013.712,3768031.198
Vegetation,2140,5035,6229,3160,1292,1774,1356,6891,361014.985,3768004.639
Vegetation,2228,5137,6327,3300,1217,1658,1268,7056,361022.368,3768014.770
Vegetation,2031,4212,5145,3013,1358,1728,1505,5384,360984.769,3768015.393
Vegetation,2000,3961,4736,3002,1306,1558,1385,4415,360995.590,3768027.449
Vegetation,2046,4590,5666,3029,1306,1664,1377,6472,360983.853,3768001.846
Vegetation,2016,4388,5273,3053,1388,1711,1465,5559,361009.702,3768028.334
Vegetation,2059,4731,5856,3089,1225,1614,1315,6596,361009.295,3768016.702
Vegetation,2016,4388,5273,3053,1388,1711,1465,5559,361006.808,3768024.399
Vegetation,2085,4926,6049,3099,1304,1744,1350,6612,360994.415,3767999.317
Vegetation,2048,4141,4880,3094,1358,1662,1502,5124,361006.168,3768031.087
Vegetation,2059,4731,5856,3089,1225,1614,1315,6596,361001.919,3768016.545
Vegetation,2187,5110,6230,3219,1300,1778,1346,6959,361020.990,3768009.068
Vegetation,2121,4950,6122,3176,1241,1700,1270,7209,361014.511,3768014.337
Vegetation,2251,4908,6042,3315,1270,1680,1333,7191,361023.298,3768026.717
Vegetation,2070,4803,5966,3069,1278,1672,1309,7040,360992.689,3768004.741
Vegetation,2121,4950,6122,3176,1241,1700,1270,7209,361014.575,3768013.203
Vegetation,2027,3925,4705,3018,1282,1626,1455,5083,360976.490,3768016.742
Vegetation,2031,4212,5145,3013,1358,1728,1505,5384,360982.909,3768012.017
Vegetation,2121,4950,6122,3176,1241,1700,1270,7209,361015.733,3768014.390
Vegetation,2070,4803,5966,3069,1278,1672,1309,7040,360999.986,3768000.849
Vegetation,2000,3961,4736,3002,1306,1558,1385,4415,360999.038,3768029.204
Vegetation,2000,3961,4736,3002,1306,1558,1385,4415,360997.544,3768024.115
Vegetation,2101,4932,6141,3109,1253,1702,1335,6912,361000.270,3768008.128
Vegetation,2228,5137,6327,3300,1217,1658,1268,7056,361025.711,3768011.207
Vegetation,2144,4991,6128,3115,1302,1752,1364,6744,361003.658,3767999.761
Vegetation,2101,4932,6141,3109,1253,1702,1335,6912,361000.088,3768006.588
Vegetation,2046,4590,5666,3029,1306,1664,1377,6472,360982.202,3768006.622
Vegetation,2046,4590,5666,3029,1306,1664,1377,6472,360982.110,3768005.145
Vegetation,2070,4803,5966,3069,1278,1672,1309,7040,360992.968,3768004.775
Vegetation,2099,4704,5709,3157,1273,1691,1342,6717,361013.842,3768020.360
Vegetation,2000,3961,4736,3002,1306,1558,1385,4415,360998.276,3768026.551
Vegetation,2099,4704,5709,3157,1273,1691,1342,6717,361019.154,3768023.470
Vegetation,2144,4991,6128,3115,1302,1752,1364,6744,361000.054,3767997.794
Vegetation,2000,3961,4736,3002,1306,1558,1385,4415,360997.246,3768024.555
Vegetation,2101,4932,6141,3109,1253,1702,1335,6912,361008.344,3768009.068
Vegetation,2187,5110,6230,3219,1300,1778,1346,6959,361024.422,3768008.623
Vegetation,2101,4932,6141,3109,1253,1702,1335,6912,361005.776,3768006.810
Vegetation,2060,4805,5900,3062,1288,1678,1396,6568,360989.165,3767999.601
Vegetation,2013,3671,4335,3013,1333,1680,1426,4991,360981.866,3768023.595
Vegetation,2027,3925,4705,3018,1282,1626,1455,5083,360976.447,3768016.869
Vegetation,2144,4991,6128,3115,1302,1752,1364,6744,361008.088,3767999.932
Vegetation,2059,4731,5856,3089,1225,1614,1315,6596,361000.143,3768016.375
Vegetation,2070,4803,5966,3069,1278,1672,1309,7040,360994.549,3768002.065
Vegetation,2032,4295,5241,2990,1389,1809,1527,6324,360976.942,3768002.667
Vegetation,2016,4388,5273,3053,1388,1711,1465,5559,361000.601,3768028.205
Vegetation,2031,4212,5145,3013,1358,1728,1505,5384,360986.813,3768011.473
Vegetation,2085,4926,6049,3099,1304,1744,1350,6612,360995.396,3767998.686
Vegetation,2228,5137,6327,3300,1217,1658,1268,7056,361022.066,3768013.127
Vegetation,2099,4704,5709,3157,1273,1691,1342,6717,361019.692,3768029.549
Vegetation,2041,4481,5529,3036,1339,1670,1433,6416,360994.602,3768015.865
Vegetation,2228,5137,6327,3300,1217,1658,1268,7056,361020.880,3768014.464
Vegetation,2101,4932,6141,3109,1253,1702,1335,6912,361001.582,3768003.560
Vegetation,2041,4481,5529,3036,1339,1670,1433,6416,360999.287,3768019.507
Vegetation,2121,4950,6122,3176,1241,1700,1270,7209,361014.176,3768018.963
Vegetation,2000,3961,4736,3002,1306,1558,1385,4415,360999.912,3768027.896
Vegetation,2060,4805,5900,3062,1288,1678,1396,6568,360981.114,3767994.908
Vegetation,2099,4704,5709,3157,1273,1691,1342,6717,361019.873,3768020.515
Vegetation,2121,4950,6122,3176,1241,1700,1270,7209,361014.850,3768015.171
Vegetation,2538,4191,4949,3532,1486,1928,1779,5633,361244.396,3767981.719
Vegetation,2915,4120,4605,4143,1980,2488,2568,5053,361281.174,3767956.460
Vegetation,2276,4563,5505,3351,1258,1672,1315,6125,361234.282,3767966.575
Vegetation,2915,4120,4605,4143,1980,2488,2568,5053,361282.242,3767952.039
Vegetation,2574,4599,5381,3824,1346,1874,1462,5999,361278.126,3767967.340
Vegetation,2501,4422,5279,3546,1652,2080,1794,5739,361251.617,3767982.451
Vegetation,2478,4744,5646,3711,1305,1848,1331,6313,361278.939,3767971.203
Vegetation,2276,4563,5505,3351,1258,1672,1315,6125,361239.512,3767968.940
Vegetation,2339,4711,5671,3549,1610,2028,1702,5549,361266.909,3767971.066
Vegetation,2574,4599,5381,3824,1346,1874,1462,5999,361277.698,3767963.840
Vegetation,2409,4954,6026,3555,1305,1878,1428,6616,361285.346,3767998.179
Vegetation,2299,4704,5713,3430,1359,1850,1404,6704,361270.401,3767998.500
Vegetation,2360,4319,5154,3406,1359,1758,1530,5810,361238.766,3767978.172
Vegetation,2581,4628,5437,3735,1412,1946,1529,6149,361251.825,3767942.521
Vegetation,2168,4433,5350,3206,1334,1767,1449,6581,361274.130,3768002.092
Vegetation,2574,4599,5381,3824,1346,1874,1462,5999,361276.466,3767965.957
Vegetation,2822,4399,5072,3978,1826,2418,2268,5749,361250.736,3767939.129
Vegetation,2403,4807,5812,3598,1355,1894,1426,6528,361270.017,3767989.175
Vegetation,2574,4599,5381,3824,1346,1874,1462,5999,361279.510,3767964.962
Vegetation,2380,4648,5622,3522,1703,2104,1976,5500,361266.619,3767984.449
Vegetation,2389,4686,5582,3625,1353,1830,1405,5900,361268.947,3767968.678
Vegetation,2538,4191,4949,3532,1486,1928,1779,5633,361246.498,3767983.493
Vegetation,2378,4455,5338,3458,1326,1769,1461,6168,361246.848,3767974.649
Vegetation,2478,4744,5646,3711,1305,1848,1331,6313,361273.162,3767971.673
Vegetation,2786,4684,5436,3991,1662,2100,1897,6049,361287.552,3767975.875
Vegetation,2709,4594,5391,3828,1652,2268,1888,6135,361240.238,3767938.504
Vegetation,2299,4704,5713,3430,1359,1850,1404,6704,361274.068,3767996.925
Vegetation,2861,3996,4476,4089,1858,2274,2414,4328,361283.542,3767947.101
Vegetation,2403,4807,5812,3598,1355,1894,1426,6528,361276.900,3767982.300
Vegetation,2689,4392,5054,3891,1584,2144,1866,5560,361266.308,3767949.942
Vegetation,2501,4422,5279,3546,1652,2080,1794,5739,361253.396,3767985.503
Vegetation,2581,4628,5437,3735,1412,1946,1529,6149,361253.554,3767944.230
Vegetation,2339,4711,5671,3549,1610,2028,1702,5549,361265.391,3767972.870
Vegetation,2902,4424,5022,4113,1768,2226,2258,5432,361281.457,3767962.590
Vegetation,2689,4392,5054,3891,1584,2144,1866,5560,361266.642,3767947.952
Vegetation,2529,4573,5354,3749,1354,1852,1502,5784,361266.195,3767958.486
Vegetation,2389,4686,5582,3625,1353,1830,1405,5900,361268.745,3767962.829
Vegetation,2422,4724,5622,3581,1311,1755,1364,6016,361258.766,3767950.173
Vegetation,2568,4901,5849,3775,1420,1940,1519,6480,361287.299,3767983.009
Vegetation,2345,4687,5625,3518,1358,1805,1422,6007,361257.347,3767968.243
Vegetation,2308,4845,5967,3331,1329,1864,1382,6804,361286.979,3768004.312
Vegetation,2345,4687,5625,3518,1358,1805,1422,6007,361258.130,3767965.151
Vegetation,2380,4648,5622,3522,1703,2104,1976,5500,361265.515,3767989.822
Vegetation,2380,4648,5622,3522,1703,2104,1976,5500,361262.954,3767986.193
Vegetation,2581,4628,5437,3735,1412,1946,1529,6149,361259.576,3767949.538
Vegetation,2321,4743,5728,3395,1290,1767,1371,6172,361239.417,3767941.052
Vegetation,2389,4686,5582,3625,1353,1830,1405,5900,361264.957,3767969.698
Vegetation,2403,4807,5812,3598,1355,1894,1426,6528,361272.940,3767986.853
Vegetation,2581,4628,5437,3735,1412,1946,1529,6149,361254.240,3767942.270
Vegetation,2345,4687,5625,3518,1358,1805,1422,6007,361253.392,3767964.171
Vegetation,2308,4845,5967,3331,1329,1864,1382,6804,361287.291,3768006.573
Vegetation,2378,4455,5338,3458,1326,1769,1461,6168,361246.093,3767975.052
Vegetation,2276,4563,5505,3351,1258,1672,1315,6125,361232.370,3767963.573
Vegetation,2380,4648,5622,3522,1703,2104,1976,5500,361265.268,3767989.933
Vegetation,2325,4763,5731,3436,1284,1810,1380,6248,361249.916,3767957.981
Vegetation,2538,4191,4949,3532,1486,1928,1779,5633,361244.187,3767980.417
Vegetation,2378,4455,5338,3458,1326,1769,1461,6168,361240.594,3767976.396
Vegetation,2389,4686,5582,3625,1353,1830,1405,5900,361262.205,3767960.622
Vegetation,2339,4711,5671,3549,1610,2028,1702,5549,361268.278,3767972.443
Vegetation,2542,4174,4936,3492,1490,1904,1880,5396,361255.160,3767991.481
Vegetation,2325,4763,5731,3436,1284,1810,1380,6248,361244.251,3767957.177
Vegetation,2782,4181,4734,4009,1760,2226,2294,4791,361274.583,3767946.677
Vegetation,2371,4586,5511,3506,1648,2042,1786,5795,361257.300,3767973.890
Vegetation,2689,4392,5054,3891,1584,2144,1866,5560,361261.339,3767947.561
Vegetation,2529,4573,5354,3749,1354,1852,1502,5784,361262.368,3767955.273
Vegetation,2360,4319,5154,3406,1359,1758,1530,5810,361232.166,3767971.783
Vegetation,2786,4684,5436,3991,1662,2100,1897,6049,361282.380,3767972.597
Vegetation,2568,4901,5849,3775,1420,1940,1519,6480,361284.543,3767982.734
Vegetation,2345,4687,5625,3518,1358,1805,1422,6007,361256.016,3767960.873
Vegetation,2344,4444,5350,3409,1424,1817,1581,6125,361269.662,3767996.378
Vegetation,2529,4573,5354,3749,1354,1852,1502,5784,361260.846,3767951.664
Vegetation,2168,4433,5350,3206,1334,1767,1449,6581,361274.295,3768001.114
Vegetation,2501,4422,5279,3546,1652,2080,1794,5739,361255.151,3767983.536
Vegetation,2581,4628,5437,3735,1412,1946,1529,6149,361253.477,3767948.413
Vegetation,2529,4573,5354,3749,1354,1852,1502,5784,361266.827,3767952.217
Vegetation,2325,4763,5731,3436,1284,1810,1380,6248,361243.233,3767957.094
Vegetation,2568,4901,5849,3775,1420,1940,1519,6480,361282.824,3767983.257
Vegetation,2786,4684,5436,3991,1662,2100,1897,6049,361287.967,3767971.541
Vegetation,2529,4573,5354,3749,1354,1852,1502,5784,361268.266,3767959.942
Vegetation,2542,4174,4936,3492,1490,1904,1880,5396,361251.979,3767991.010
Vegetation,2371,4586,5511,3506,1648,2042,1786,5795,361254.224,3767972.523
Vegetation,2529,4573,5354,3749,1354,1852,1502,5784,361268.880,3767954.174
Vegetation,2501,4422,5279,3546,1652,2080,1794,5739,361257.674,3767989.754
Vegetation,2276,4563,5505,3351,1258,1672,1315,6125,361239.424,3767960.594
Vegetation,2902,4424,5022,4113,1768,2226,2258,5432,361281.226,3767968.797
Vegetation,2782,4181,4734,4009,1760,2226,2294,4791,361270.359,3767946.283
Vegetation,2299,4704,5713,3430,1359,1850,1404,6704,361278.546,3767996.277
Vegetation,2459,4745,5662,3570,1331,1906,1441,6216,361243.312,3767949.317
Vegetation,2344,4444,5350,3409,1424,1817,1581,6125,361268.215,3767997.715
Vegetation,2299,4704,5713,3430,1359,1850,1404,6704,361273.455,3767994.221
Vegetation,2786,4684,5436,3991,1662,2100,1897,6049,361286.790,3767971.778
Vegetation,2236,4688,5683,3312,1250,1766,1311,6153,361239.084,3767951.759
Vegetation,2380,4648,5622,3522,1703,2104,1976,5500,361265.927,3767986.677
Vegetation,2307,4646,5599,3426,1278,1794,1405,6312,361246.296,3767961.485
Vegetation,2501,4422,5279,3546,1652,2080,1794,5739,361251.627,3767982.731
Vegetation,2581,4628,5437,3735,1412,1946,1529,6149,361252.784,3767941.114
Vegetation,2325,4763,5731,3436,1284,1810,1380,6248,361240.463,3767955.501
Vegetation,2693,4372,5015,3936,1564,2096,1975,5589,361276.506,3767950.663
Vegetation,2529,4573,5354,3749,1354,1852,1502,5784,361263.480,3767957.345
Vegetation,2581,4628,5437,3735,1412,1946,1529,6149,361251.709,3767949.076
Vegetation,2360,4319,5154,3406,1359,1758,1530,5810,361232.557,3767971.748
Vegetation,2689,4392,5054,3891,1584,2144,1866,5560,361266.882,3767943.155
Vegetation,2307,4646,5599,3426,1278,1794,1405,6312,361242.473,3767963.500
Vegetation,2542,4174,4936,3492,1490,1904,1880,5396,361256.981,3767991.230
Vegetation,2693,4372,5015,3936,1564,2096,1975,5589,361276.021,3767958.694
Vegetation,2321,4743,5728,3395,1290,1767,1371,6172,361239.471,3767941.149
Vegetation,2915,4120,4605,4143,1980,2488,2568,5053,361280.472,3767958.066
Vegetation,2325,4763,5731,3436,1284,1810,1380,6248,361240.317,3767950.354
Vegetation,2568,4901,5849,3775,1420,1940,1519,6480,361281.458,3767984.881
Vegetation,2308,4845,5967,3331,1329,1864,1382,6804,361288.370,3768000.199
Vegetation,2971,4473,5109,4200,2256,2740,2788,5119,361290.774,3767971.773
Vegetation,2693,4372,5015,3936,1564,2096,1975,5589,361272.427,3767950.713
Vegetation,2308,4845,5967,3331,1329,1864,1382,6804,361284.250,3768003.992
Vegetation,2574,4599,5381,3824,1346,1874,1462,5999,361274.491,3767960.441
Vegetation,2307,4646,5599,3426,1278,1794,1405,6312,361247.923,3767967.576
Vegetation,2344,4444,5350,3409,1424,1817,1581,6125,361263.502,3767990.815
Vegetation,2307,4646,5599,3426,1278,1794,1405,6312,361248.866,3767969.913
Vegetation,2568,4901,5849,3775,1420,1940,1519,6480,361289.705,3767989.969
Vegetation,2689,4392,5054,3891,1584,2144,1866,5560,361260.523,3767941.914
Vegetation,2308,4845,5967,3331,1329,1864,1382,6804,361287.032,3768000.843
Vegetation,2581,4628,5437,3735,1412,1946,1529,6149,361251.249,3767944.030
Vegetation,2574,4599,5381,3824,1346,1874,1462,5999,361279.955,3767969.523
Vegetation,2693,4372,5015,3936,1564,2096,1975,5589,361277.153,3767956.271
Vegetation,2409,4954,6026,3555,1305,1878,1428,6616,361282.919,3767996.808
Vegetation,2538,4191,4949,3532,1486,1928,1779,5633,361243.405,3767982.079
Vegetation,2325,4763,5731,3436,1284,1810,1380,6248,361249.551,3767952.053
Vegetation,2389,4686,5582,3625,1353,1830,1405,5900,361269.514,3767965.846
Vegetation,2689,4392,5054,3891,1584,2144,1866,5560,361260.815,3767943.983
Vegetation,2299,4704,5713,3430,1359,1850,1404,6704,361274.222,3767997.844
Vegetation,2693,4372,5015,3936,1564,2096,1975,5589,361278.053,3767954.575
Vegetation,2339,4711,5671,3549,1610,2028,1702,5549,361262.791,3767970.949
Vegetation,2478,4744,5646,3711,1305,1848,1331,6313,361270.647,3767979.402
Vegetation,2782,4181,4734,4009,1760,2226,2294,4791,361274.882,3767948.764
Vegetation,2786,4684,5436,3991,1662,2100,1897,6049,361283.839,3767977.949
Vegetation,2422,4724,5622,3581,1311,1755,1364,6016,361251.337,3767952.245
Vegetation,2389,4686,5582,3625,1353,1830,1405,5900,361269.149,3767960.772
Vegetation,2371,4586,5511,3506,1648,2042,1786,5795,361258.373,3767974.596
Vegetation,2574,4599,5381,3824,1346,1874,1462,5999,361272.656,3767963.803
Vegetation,2236,4688,5683,3312,1250,1766,1311,6153,361234.511,3767956.575
Vegetation,2422,4724,5622,3581,1311,1755,1364,6016,361258.890,3767956.185
Vegetation,2371,4586,5511,3506,1648,2042,1786,5795,361250.815,3767978.899
Vegetation,2581,4628,5437,3735,1412,1946,1529,6149,361258.634,3767945.753
Vegetation,2786,4684,5436,3991,1662,2100,1897,6049,361280.024,3767978.379
Vegetation,2378,4455,5338,3458,1326,1769,1461,6168,361243.719,3767973.336
Vegetation,2538,4191,4949,3532,1486,1928,1779,5633,361244.410,3767985.736
Vegetation,2915,4120,4605,4143,1980,2488,2568,5053,361286.141,3767953.229
Vegetation,2236,4688,5683,3312,1250,1766,1311,6153,361235.252,3767951.215
Vegetation,2339,4711,5671,3549,1610,2028,1702,5549,361265.757,3767972.433
Vegetation,2422,4724,5622,3581,1311,1755,1364,6016,361255.452,3767953.378
Vegetation,2581,4628,5437,3735,1412,1946,1529,6149,361256.113,3767944.581
Vegetation,2104,4728,5793,3187,1267,1764,1310,6247,361393.716,3768437.777
Vegetation,2165,4750,5826,3230,1262,1816,1331,6375,361391.289,3768415.741
Vegetation,2101,4636,5654,3165,1216,1700,1281,6197,361376.682,3768431.381
Vegetation,2109,4686,5747,3189,1269,1740,1320,6292,361385.011,3768414.662
Vegetation,2104,4728,5793,3187,1267,1764,1310,6247,361394.906,3768433.966
Vegetation,2104,4728,5793,3187,1267,1764,1310,6247,361399.910,3768437.259
Vegetation,2165,4750,5826,3230,1262,1816,1331,6375,361396.286,3768419.708
Vegetation,2101,4636,5654,3165,1216,1700,1281,6197,361378.577,3768435.751
Vegetation,2073,4712,5779,3156,1251,1712,1321,6152,361382.502,3768425.587
Vegetation,2074,4695,5726,3149,1236,1714,1282,6161,361372.454,3768427.306
Vegetation,2179,4757,5859,3243,1268,1834,1350,6306,361400.600,3768440.308
Vegetation,2136,4454,5426,3252,1216,1630,1344,5676,361386.151,3768450.280
Vegetation,2179,4757,5859,3243,1268,1834,1350,6306,361402.079,3768443.270
Vegetation,2241,4752,5850,3344,1285,1803,1357,6604,361405.229,3768463.407
Vegetation,2101,4636,5654,3165,1216,1700,1281,6197,361376.420,3768435.814
Vegetation,2154,4662,5682,3235,1264,1746,1336,6204,361385.114,3768402.928
Vegetation,2136,4454,5426,3252,1216,1630,1344,5676,361385.314,3768452.233
Vegetation,2154,4662,5682,3235,1264,1746,1336,6204,361385.664,3768402.191
Vegetation,2179,4757,5859,3243,1268,1834,1350,6306,361402.162,3768448.050
Vegetation,2071,4673,5720,3162,1234,1682,1269,5991,361387.297,3768435.444
Vegetation,2083,4634,5627,3166,1248,1687,1290,6193,361377.985,3768410.100
Vegetation,2073,4712,5779,3156,1251,1712,1321,6152,361389.613,3768424.428
Vegetation,2104,4728,5793,3187,1267,1764,1310,6247,361393.165,3768439.618
Vegetation,2104,4570,5571,3205,1229,1682,1298,5852,361386.219,3768445.700
Vegetation,2073,4712,5779,3156,1251,1712,1321,6152,361385.199,3768422.807
Vegetation,2202,4266,5153,3264,1268,1754,1453,5385,361377.399,3768451.299
Vegetation,2113,4530,5486,3202,1297,1714,1343,6059,361374.639,3768403.840
Vegetation,2109,4686,5747,3189,1269,1740,1320,6292,361389.168,3768417.896
Vegetation,2073,4712,5779,3156,1251,1712,1321,6152,361380.043,3768420.478
Vegetation,2154,4662,5682,3235,1264,1746,1336,6204,361385.137,3768403.323
Vegetation,2083,4634,5627,3166,1248,1687,1290,6193,361377.653,3768416.034
Vegetation,2179,4757,5859,3243,1268,1834,1350,6306,361401.469,3768444.431
Vegetation,2122,4754,5829,3192,1236,1792,1311,6332,361397.029,3768426.489
Vegetation,2101,4636,5654,3165,1216,1700,1281,6197,361379.933,3768437.550
Vegetation,2101,4636,5654,3165,1216,1700,1281,6197,361375.136,3768433.439
Vegetation,2198,4798,5873,3242,1299,1866,1366,6307,361400.177,3768438.947
Vegetation,2136,4454,5426,3252,1216,1630,1344,5676,361388.130,3768456.832
Vegetation,2083,4634,5627,3166,1248,1687,1290,6193,361371.633,3768417.352
Vegetation,2154,4662,5682,3235,1264,1746,1336,6204,361380.611,3768402.688
Vegetation,2109,4670,5719,3214,1282,1771,1292,6180,361390.029,3768440.454
Vegetation,2109,4670,5719,3214,1282,1771,1292,6180,361397.262,3768448.711
Vegetation,2165,4382,5304,3256,1355,1772,1500,5576,361372.508,3768396.454
Vegetation,2104,4728,5793,3187,1267,1764,1310,6247,361390.792,3768432.201
Vegetation,2074,4695,5726,3149,1236,1714,1282,6161,361379.566,3768427.240
Vegetation,2109,4686,5747,3189,1269,1740,1320,6292,361381.292,3768410.892
Vegetation,2206,4640,5584,3294,1266,1804,1343,5876,361384.453,3768397.915
Vegetation,2165,4750,5826,3230,1262,1816,1331,6375,361396.167,3768410.710
Vegetation,2168,4325,5287,3304,1616,1970,1792,5167,361386.243,3768460.427
Vegetation,2071,4662,5645,3167,1278,1692,1310,6071,361369.595,3768415.648
Vegetation,2164,4457,5412,3214,1282,1741,1384,5997,361374.676,3768444.665
Vegetation,2113,4530,5486,3202,1297,1714,1343,6059,361376.493,3768408.653
Vegetation,2165,4382,5304,3256,1355,1772,1500,5576,361379.817,3768397.394
Vegetation,2101,4636,5654,3165,1216,1700,1281,6197,361372.273,3768433.304
Vegetation,2177,4554,5612,3314,1405,1907,1484,6018,361392.281,3768460.919
Vegetation,2109,4686,5747,3189,1269,1740,1320,6292,361384.275,3768419.623
Vegetation,2109,4686,5747,3189,1269,1740,1320,6292,361389.925,3768411.885
Vegetation,2074,4695,5726,3149,1236,1714,1282,6161,361376.015,3768427.401
Vegetation,2121,4614,5620,3201,1226,1703,1324,6296,361369.793,3768432.874
Vegetation,2179,4757,5859,3243,1268,1834,1350,6306,361401.340,3768447.224
Vegetation,2164,4457,5412,3214,1282,1741,1384,5997,361376.082,3768446.122
Vegetation,2071,4673,5720,3162,1234,1682,1269,5991,361384.461,3768439.729
Vegetation,2074,4695,5726,3149,1236,1714,1282,6161,361375.377,3768420.177
Vegetation,2109,4686,5747,3189,1269,1740,1320,6292,361381.877,3768418.730
Vegetation,2073,4712,5779,3156,1251,1712,1321,6152,361383.241,3768425.718
Vegetation,2109,4670,5719,3214,1282,1771,1292,6180,361399.005,3768442.627
Vegetation,2109,4670,5719,3214,1282,1771,1292,6180,361394.868,3768444.517
Vegetation,2101,4636,5654,3165,1216,1700,1281,6197,361377.118,3768435.785
Vegetation,2165,4750,5826,3230,1262,1816,1331,6375,361395.244,3768415.184
Vegetation,2109,4670,5719,3214,1282,1771,1292,6180,361393.497,3768442.771
Vegetation,2074,4695,5726,3149,1236,1714,1282,6161,361370.887,3768427.274
Vegetation,2207,4766,5809,3272,1271,1804,1361,6383,361391.804,3768402.234
Vegetation,2121,4614,5620,3201,1226,1703,1324,6296,361369.344,3768438.575
Vegetation,2071,4673,5720,3162,1234,1682,1269,5991,361387.246,3768430.710
Vegetation,2083,4634,5627,3166,1248,1687,1290,6193,361373.845,3768418.849
Vegetation,2109,4670,5719,3214,1282,1771,1292,6180,361395.215,3768440.345
Vegetation,2165,4750,5826,3230,1262,1816,1331,6375,361396.947,3768414.712
Vegetation,2136,4454,5426,3252,1216,1630,1344,5676,361384.822,3768458.955
Vegetation,2136,4454,5426,3252,1216,1630,1344,5676,361385.454,3768457.125
Vegetation,2109,4670,5719,3214,1282,1771,1292,6180,361391.973,3768442.994
Vegetation,2236,4092,4891,3292,1290,1756,1517,5008,361368.233,3768453.400
Vegetation,2122,4754,5829,3192,1236,1792,1311,6332,361398.488,3768423.786
Vegetation,2122,4754,5829,3192,1236,1792,1311,6332,361390.148,3768426.518
Vegetation,2074,4695,5726,3149,1236,1714,1282,6161,361371.579,3768422.421
Vegetation,2154,4662,5682,3235,1264,1746,1336,6204,361388.795,3768400.516
Vegetation,2164,4457,5412,3214,1282,1741,1384,5997,361371.205,3768444.077
Vegetation,2109,4686,5747,3189,1269,1740,1320,6292,361384.637,3768418.581
Vegetation,2104,4728,5793,3187,1267,1764,1310,6247,361392.811,3768431.999
Vegetation,2104,4570,5571,3205,1229,1682,1298,5852,361388.077,3768448.448
Vegetation,2193,4355,5266,3249,1270,1785,1385,6080,361368.780,3768445.802
Vegetation,2165,4750,5826,3230,1262,1816,1331,6375,361395.405,3768414.498
Vegetation,2101,4636,5654,3165,1216,1700,1281,6197,361370.316,3768439.803
Vegetation,2101,4636,5654,3165,1216,1700,1281,6197,361373.989,3768434.193
Vegetation,2071,4673,5720,3162,1234,1682,1269,5991,361382.515,3768436.150
Vegetation,2136,4454,5426,3252,1216,1630,1344,5676,361383.677,3768459.857
Vegetation,2071,4673,5720,3162,1234,1682,1269,5991,361389.849,3768435.046
Vegetation,2071,4662,5645,3167,1278,1692,1310,6071,361369.545,3768417.596
Vegetation,2122,4754,5829,3192,1236,1792,1311,6332,361397.766,3768422.346
Vegetation,2073,4712,5779,3156,1251,1712,1321,6152,361380.649,3768429.128
Vegetation,2101,4636,5654,3165,1216,1700,1281,6197,361377.923,3768434.331
Vegetation,2165,4382,5304,3256,1355,1772,1500,5576,361370.421,3768394.761
Vegetation,2074,4695,5726,3149,1236,1714,1282,6161,361376.147,3768422.233
Vegetation,2133,4612,5659,3257,1267,1704,1314,5991,361392.116,3768458.398
Vegetation,2241,4752,5850,3344,1285,1803,1357,6604,361402.903,3768462.984
Vegetation,2109,4670,5719,3214,1282,1771,1292,6180,361390.301,3768445.207
Vegetation,2236,4092,4891,3292,1290,1756,1517,5008,361368.766,3768454.219
Vegetation,2121,4614,5620,3201,1226,1703,1324,6296,361368.751,3768435.641
Vegetation,2136,4454,5426,3252,1216,1630,1344,5676,361382.927,3768454.571
Vegetation,2113,4530,5486,3202,1297,1714,1343,6059,361376.536,3768403.986
Vegetation,2136,4454,5426,3252,1216,1630,1344,5676,361380.252,3768455.625
Vegetation,2133,4612,5659,3257,1267,1704,1314,5991,361393.514,3768459.945
Vegetation,2164,4457,5412,3214,1282,1741,1384,5997,361376.883,3768443.176
Vegetation,2104,4570,5571,3205,1229,1682,1298,5852,361384.711,3768446.139
Vegetation,2207,4766,5809,3272,1271,1804,1361,6383,361390.234,3768406.515
Vegetation,2165,4382,5304,3256,1355,1772,1500,5576,361374.095,3768396.019
Vegetation,2109,4686,5747,3189,1269,1740,1320,6292,361384.185,3768410.082
Vegetation,2207,4766,5809,3272,1271,1804,1361,6383,361393.806,3768406.560
Vegetation,2206,4640,5584,3294,1266,1804,1343,5876,361384.824,3768398.486
Vegetation,2206,4640,5584,3294,1266,1804,1343,5876,361381.066,3768395.433
Vegetation,2122,4754,5829,3192,1236,1792,1311,6332,361399.176,3768428.331
Vegetation,2104,4728,5793,3187,1267,1764,1310,6247,361394.831,3768432.640
Vegetation,2104,4728,5793,3187,1267,1764,1310,6247,361395.737,3768433.969
Vegetation,2136,4454,5426,3252,1216,1630,1344,5676,361384.402,3768452.633
Vegetation,2154,4662,5682,3235,1264,1746,1336,6204,361387.685,3768402.436
Vegetation,2073,4712,5779,3156,1251,1712,1321,6152,361385.842,3768421.150
Vegetation,2177,4554,5612,3314,1405,1907,1484,6018,361399.137,3768462.825
Vegetation,2165,4382,5304,3256,1355,1772,1500,5576,361379.360,3768397.017
Vegetation,2202,4266,5153,3264,1268,1754,1453,5385,361373.522,3768451.734
Vegetation,2165,4750,5826,3230,1262,1816,1331,6375,361395.277,3768415.752
Vegetation,2165,4382,5304,3256,1355,1772,1500,5576,361377.315,3768396.797
Vegetation,2165,4382,5304,3256,1355,1772,1500,5576,361374.764,3768399.538
Vegetation,2164,4457,5412,3214,1282,1741,1384,5997,361371.932,3768445.228
Vegetation,2090,4527,5473,3188,1278,1702,1334,5875,361369.643,3768409.029
Vegetation,2193,4355,5266,3249,1270,1785,1385,6080,361368.012,3768448.514
Vegetation,2073,4712,5779,3156,1251,1712,1321,6152,361383.912,3768422.716
Vegetation,2136,4454,5426,3252,1216,1630,1344,5676,361388.912,3768452.095
Vegetation,2164,4457,5412,3214,1282,1741,1384,5997,361376.339,3768449.382
Vegetation,2104,4570,5571,3205,1229,1682,1298,5852,361383.290,3768449.772
Vegetation,2154,4662,5682,3235,1264,1746,1336,6204,361389.408,3768400.967
Vegetation,2179,4757,5859,3243,1268,1834,1350,6306,361402.281,3768449.424
Vegetation,2122,4754,5829,3192,1236,1792,1311,6332,361393.201,3768422.869
Vegetation,2136,4454,5426,3252,1216,1630,1344,5676,361386.275,3768456.506
Vegetation,2101,4636,5654,3165,1216,1700,1281,6197,361377.595,3768430.353
Vegetation,2104,4728,5793,3187,1267,1764,1310,6247,361390.669,3768435.794
Vegetation,2074,4695,5726,3149,1236,1714,1282,6161,361370.373,3768428.300
Vegetation,2165,4750,5826,3230,1262,1816,1331,6375,361395.411,3768412.980
Vegetation,2207,4766,5809,3272,1271,1804,1361,6383,361390.933,3768402.646
Vegetation,2154,4662,5682,3235,1264,1746,1336,6204,361387.363,3768406.643
Vegetation,2179,4757,5859,3243,1268,1834,1350,6306,361400.116,3768441.089
Vegetation,2113,4530,5486,3202,1297,1714,1343,6059,361375.743,3768402.396
Vegetation,2101,4636,5654,3165,1216,1700,1281,6197,361375.060,3768437.984
Vegetation,2286,4441,5308,3046,1345,1718,1485,5961,361687.460,3768370.668
Vegetation,2367,4503,5295,3168,1493,1984,1767,5240,361662.435,3768367.589
Vegetation,2186,4251,5002,2884,1327,1672,1500,5452,361665.624,3768389.233
Vegetation,1843,3397,4176,2484,1122,1249,1166,3215,361666.626,3768404.812
Vegetation,2369,4728,5523,3318,1301,1794,1435,6049,361671.892,3768352.092
Vegetation,2287,4356,5162,3010,1464,1904,1783,5423,361676.818,3768378.448
Vegetation,2395,4712,5556,3361,1272,1703,1388,5267,361682.489,3768352.164
Vegetation,2389,4497,5277,3186,1407,1926,1706,5112,361657.227,3768369.165
Vegetation,2446,4820,5699,3413,1349,1830,1600,5508,361698.402,3768351.999
Vegetation,1840,3333,4029,2399,1152,1444,1259,4528,361675.632,3768402.550
Vegetation,2395,4712,5556,3361,1272,1703,1388,5267,361684.677,3768354.297
Vegetation,2350,4756,5702,3276,1478,1848,1588,5564,361690.006,3768367.980
Vegetation,2061,3798,4368,2568,1334,1607,1549,3953,361690.707,3768400.786
Vegetation,1840,3333,4029,2399,1152,1444,1259,4528,361673.795,3768409.485
Vegetation,2219,4116,4736,2796,1308,1646,1495,4543,361692.083,3768395.001
Vegetation,2147,3948,4524,2683,1492,1784,1750,4959,361688.815,3768397.317
Vegetation,2259,4243,4920,2883,1532,1783,1752,5127,361683.773,3768380.952
Vegetation,2186,4186,4880,2824,1434,1906,1742,5495,361676.991,3768388.366
Vegetation,2389,4497,5277,3186,1407,1926,1706,5112,361653.983,3768369.115
Vegetation,2136,4206,5065,2924,1331,1771,1377,5908,361659.384,3768396.008
Vegetation,2331,4598,5520,3206,1317,1716,1381,5832,361689.953,3768363.497
Vegetation,2286,4441,5308,3046,1345,1718,1485,5961,361687.734,3768376.969
Vegetation,2333,4866,5762,3271,1444,1796,1592,5743,361701.746,3768374.248
Vegetation,2369,4728,5523,3318,1301,1794,1435,6049,361673.897,3768359.266
Vegetation,2302,4357,5135,3034,1478,1896,1689,5392,361661.008,3768375.842
Vegetation,2446,4820,5699,3413,1349,1830,1600,5508,361690.817,3768357.588
Vegetation,2522,5053,5953,3473,1460,2010,1724,5751,361700.290,3768355.694
Vegetation,2136,4206,5065,2924,1331,1771,1377,5908,361657.518,3768394.199
Vegetation,2230,4512,5458,3121,1396,1993,1436,6460,361645.053,3768397.499
Vegetation,2395,4712,5556,3361,1272,1703,1388,5267,361687.785,3768358.660
Vegetation,2061,3798,4368,2568,1334,1607,1549,3953,361697.325,3768405.621
Vegetation,1840,3333,4029,2399,1152,1444,1259,4528,361675.460,3768403.904
Vegetation,2302,4357,5135,3034,1478,1896,1689,5392,361669.086,3768373.118
Vegetation,1759,3120,3668,2242,1105,1379,1192,3855,361683.693,3768410.382
Vegetation,2041,3733,4360,2544,1428,1800,1716,5377,361701.181,3768413.253
Vegetation,2395,4712,5556,3361,1272,1703,1388,5267,361687.371,3768351.857
Vegetation,2389,4497,5277,3186,1407,1926,1706,5112,361653.476,3768365.353
Vegetation,2301,4611,5508,3134,1421,1900,1538,5864,361695.720,3768371.582
Vegetation,2390,4816,5826,3346,1414,2020,1506,6340,361639.591,3768388.108
Vegetation,1877,3394,3927,2348,1285,1511,1419,3866,361698.790,3768412.601
Vegetation,2369,4728,5523,3318,1301,1794,1435,6049,361670.435,3768351.541
Vegetation,2389,4497,5277,3186,1407,1926,1706,5112,361655.325,3768360.067
Vegetation,2287,4356,5162,3010,1464,1904,1783,5423,361670.253,3768373.473
Vegetation,2395,4712,5556,3361,1272,1703,1388,5267,361683.889,3768358.063
Vegetation,2259,4243,4920,2883,1532,1783,1752,5127,361686.226,3768389.532
Vegetation,2260,4438,5287,3063,1321,1812,1418,5908,361656.789,3768385.556
Vegetation,2367,4503,5295,3168,1493,1984,1767,5240,361660.297,3768360.450
Vegetation,2382,4689,5484,3285,1371,1902,1535,6044,361666.612,3768359.205
Vegetation,2367,4503,5295,3168,1493,1984,1767,5240,361660.843,3768362.376
Vegetation,1840,3333,4029,2399,1152,1444,1259,4528,361674.715,3768406.450
Vegetation,2041,3733,4360,2544,1428,1800,1716,5377,361702.818,3768414.119
Vegetation,2172,4053,4772,2762,1402,1785,1618,5232,361701.177,3768403.429
Vegetation,2363,4557,5396,3208,1364,1858,1490,5836,361643.151,3768379.476
Vegetation,2172,4053,4772,2762,1402,1785,1618,5232,361706.295,3768408.920
Vegetation,2382,4689,5484,3285,1371,1902,1535,6044,361665.114,3768354.367
Vegetation,1759,3120,3668,2242,1105,1379,1192,3855,361684.428,3768411.616
Vegetation,1877,3394,3927,2348,1285,1511,1419,3866,361699.657,3768413.339
Vegetation,1843,3397,4176,2484,1122,1249,1166,3215,361663.368,3768405.711
Vegetation,2286,4441,5308,3046,1345,1718,1485,5961,361686.013,3768378.449
Vegetation,1840,3333,4029,2399,1152,1444,1259,4528,361671.809,3768406.830
Vegetation,2302,4357,5135,3034,1478,1896,1689,5392,361668.992,3768378.520
Vegetation,2382,4689,5484,3285,1371,1902,1535,6044,361662.691,3768350.738
Vegetation,2287,4356,5162,3010,1464,1904,1783,5423,361674.992,3768373.230
Vegetation,2389,4497,5277,3186,1407,1926,1706,5112,361652.489,3768366.100
Vegetation,2033,3931,4683,2701,1179,1511,1312,4584,361661.493,3768391.191
Vegetation,2037,3845,4503,2620,1236,1636,1466,5408,361673.377,3768393.507
Vegetation,2061,3798,4368,2568,1334,1607,1549,3953,361694.936,3768403.174
Vegetation,2299,4387,5116,2985,1378,1783,1497,5663,361691.429,3768387.831
Vegetation,2037,3845,4503,2620,1236,1636,1466,5408,361677.616,3768393.551
Vegetation,2254,4348,5138,2960,1494,1727,1630,5544,361705.736,3768393.170
Vegetation,2136,4206,5065,2924,1331,1771,1377,5908,361653.323,3768392.027
Vegetation,2308,4619,5468,3130,1536,1879,1656,5747,361700.468,3768385.437
Vegetation,2260,4438,5287,3063,1321,1812,1418,5908,361652.841,3768386.367
Vegetation,1960,3748,4561,2703,1231,1570,1256,4504,361653.032,3768402.146
Vegetation,2395,4712,5556,3361,1272,1703,1388,5267,361685.151,3768352.590
Vegetation,2308,4619,5468,3130,1536,1879,1656,5747,361700.311,3768384.968
Vegetation,2186,4186,4880,2824,1434,1906,1742,5495,361673.646,3768382.647
Vegetation,2405,5011,5924,3386,1388,1866,1542,6020,361701.597,3768362.846
Vegetation,2147,3948,4524,2683,1492,1784,1750,4959,361688.073,3768396.607
Vegetation,2369,4728,5523,3318,1301,1794,1435,6049,361678.184,3768355.973
Vegetation,2331,4598,5520,3206,1317,1716,1381,5832,361686.676,3768366.477
Vegetation,2186,4186,4880,2824,1434,1906,1742,5495,361675.934,3768388.027
Vegetation,1950,3558,4120,2447,1229,1607,1397,4856,361685.939,3768403.947
Vegetation,2147,3948,4524,2683,1492,1784,1750,4959,361683.875,3768396.502
Vegetation,2230,4512,5458,3121,1396,1993,1436,6460,361648.856,3768391.671
Vegetation,2446,4820,5699,3413,1349,1830,1600,5508,361695.359,3768358.330
Vegetation,2367,4503,5295,3168,1493,1984,1767,5240,361660.922,3768361.635
Vegetation,2433,4595,5440,3262,1482,1956,1758,5071,361650.001,3768352.534
Vegetation,2302,4357,5135,3034,1478,1896,1689,5392,361664.272,3768371.077
Vegetation,2230,4512,5458,3121,1396,1993,1436,6460,361646.793,3768398.661
Vegetation,2286,4441,5308,3046,1345,1718,1485,5961,361683.285,3768376.919
Vegetation,2348,4537,5376,3174,1336,1760,1514,5849,361678.891,3768365.670
Vegetation,2369,4728,5523,3318,1301,1794,1435,6049,361678.068,3768354.305
Vegetation,2433,4595,5440,3262,1482,1956,1758,5071,361655.696,3768356.570
Vegetation,1843,3397,4176,2484,1122,1249,1166,3215,361660.630,3768403.668
Vegetation,2041,3733,4360,2544,1428,1800,1716,5377,361707.773,3768416.517
Vegetation,2369,4728,5523,3318,1301,1794,1435,6049,361679.343,3768357.390
Vegetation,2033,3931,4683,2701,1179,1511,1312,4584,361667.639,3768396.991
Vegetation,1840,3333,4029,2399,1152,1444,1259,4528,361676.367,3768406.235
Vegetation,2395,4712,5556,3361,1272,1703,1388,5267,361680.165,3768358.919
Vegetation,2382,4689,5484,3285,1371,1902,1535,6044,361664.975,3768356.554
Vegetation,2446,4820,5699,3413,1349,1830,1600,5508,361697.204,3768354.663
Vegetation,2433,4595,5440,3262,1482,1956,1758,5071,361655.394,3768356.996
Vegetation,2363,4557,5396,3208,1364,1858,1490,5836,361646.000,3768376.656
Vegetation,2299,4387,5116,2985,1378,1783,1497,5663,361695.430,3768385.393
Vegetation,1843,3397,4176,2484,1122,1249,1166,3215,361667.592,3768401.237
Vegetation,2302,4357,5135,3034,1478,1896,1689,5392,361664.956,3768375.690
Vegetation,2299,4387,5116,2985,1378,1783,1497,5663,361698.155,3768388.844
Vegetation,2037,3845,4503,2620,1236,1636,1466,5408,361679.212,3768394.428
Vegetation,2331,4445,5226,3120,1327,1860,1435,5798,361651.366,3768378.346
Vegetation,2433,4595,5440,3262,1482,1956,1758,5071,361653.964,3768357.080
Vegetation,2433,4595,5440,3262,1482,1956,1758,5071,361656.358,3768358.398
Vegetation,2287,4356,5162,3010,1464,1904,1783,5423,361672.186,3768378.616
Vegetation,2147,3948,4524,2683,1492,1784,1750,4959,361686.745,3768393.893
Vegetation,2369,4728,5523,3318,1301,1794,1435,6049,361673.339,3768355.957
Vegetation,2367,4503,5295,3168,1493,1984,1767,5240,361665.203,3768367.248
Vegetation,2302,4357,5135,3034,1478,1896,1689,5392,361662.824,3768371.082
Vegetation,2367,4503,5295,3168,1493,1984,1767,5240,361666.903,3768362.682
Vegetation,2302,4357,5135,3034,1478,1896,1689,5392,361667.163,3768376.730
Vegetation,1840,3333,4029,2399,1152,1444,1259,4528,361679.728,3768401.307
Vegetation,1950,3558,4120,2447,1229,1607,1397,4856,361685.567,3768405.542
Vegetation,2302,4357,5135,3034,1478,1896,1689,5392,361668.163,3768370.786
Vegetation,2033,3931,4683,2701,1179,1511,1312,4584,361668.928,3768398.612
Vegetation,2286,4441,5308,3046,1345,1718,1485,5961,361680.492,3768376.417
Vegetation,2367,4503,5295,3168,1493,1984,1767,5240,361661.259,3768368.261
Vegetation,2041,3733,4360,2544,1428,1800,1716,5377,361700.850,3768413.408
Vegetation,2061,3798,4368,2568,1334,1607,1549,3953,361694.684,3768407.233
Vegetation,2299,4387,5116,2985,1378,1783,1497,5663,361692.095,3768386.853
Vegetation,2328,4627,5561,3217,1359,1908,1462,6140,361643.956,3768388.851
Vegetation,2302,4357,5135,3034,1478,1896,1689,5392,361660.362,3768373.109
Vegetation,2136,4206,5065,2924,1331,1771,1377,5908,361658.244,3768396.202
Vegetation,2299,4387,5116,2985,1378,1783,1497,5663,361696.562,3768388.558
Vegetation,2260,4438,5287,3063,1321,1812,1418,5908,361656.200,3768385.542
Vegetation,2331,4445,5226,3120,1327,1860,1435,5798,361659.632,3768371.676
Vegetation,2302,4357,5135,3034,1478,1896,1689,5392,361662.260,3768376.378
Vegetation,2041,3733,4360,2544,1428,1800,1716,5377,361706.503,3768410.911
Vegetation,2328,4627,5561,3217,1359,1908,1462,6140,361642.817,3768385.578
Vegetation,2033,3931,4683,2701,1179,1511,1312,4584,361662.524,3768394.775
Vegetation,2369,4728,5523,3318,1301,1794,1435,6049,361675.391,3768355.963
Vegetation,2333,4866,5762,3271,1444,1796,1592,5743,361702.277,3768370.622
Vegetation,1840,3333,4029,2399,1152,1444,1259,4528,361670.569,3768401.142
Vegetation,2302,4357,5135,3034,1478,1896,1689,5392,361661.705,3768375.262
Vegetation,2172,4053,4772,2762,1402,1785,1618,5232,361700.669,3768404.313
Vegetation,2423,4547,5408,3231,1462,1922,1744,4861,361647.277,3768357.811
Vegetation,2033,3931,4683,2701,1179,1511,1312,4584,361667.923,3768396.058
Vegetation,2186,4186,4880,2824,1434,1906,1742,5495,361678.685,3768384.348
Vegetation,2494,4779,5670,3407,1337,1841,1467,6635,361652.304,3768348.495
Vegetation,2395,4712,5556,3361,1272,1703,1388,5267,361684.878,3768357.821
Vegetation,2219,4116,4736,2796,1308,1646,1495,4543,361695.226,3768395.482
Vegetation,2287,4356,5162,3010,1464,1904,1783,5423,361675.645,3768371.258
Vegetation,2763,4925,5542,3865,1728,2210,1998,5725,363012.887,3768497.256
Vegetation,2365,4356,5042,3435,1380,1775,1590,5431,362973.137,3768462.946
Vegetation,2215,4341,5099,3277,1338,1740,1464,5579,362999.905,3768441.306
Vegetation,2771,5229,5943,3842,1877,2462,2258,5980,363029.250,3768481.310
Vegetation,2610,5127,5815,3789,1454,2144,1706,6555,363008.203,3768463.175
Vegetation,2328,3590,3963,3438,1570,1888,2002,3785,363033.420,3768531.440
Vegetation,2329,4035,4560,3397,1415,1918,1624,5742,362973.355,3768491.658
Vegetation,2546,4765,5392,3683,1461,1926,1644,5700,362985.295,3768478.048
Vegetation,2672,5337,6181,3713,1508,2192,1671,6702,363031.452,3768471.128
Vegetation,2671,4786,5468,3803,1848,2244,2088,5724,362998.318,3768494.193
Vegetation,2733,5277,6078,3802,1469,2128,1715,6516,363022.634,3768471.829
Vegetation,2572,5107,5853,3632,1439,2080,1650,6412,363020.834,3768450.220
Vegetation,2365,4356,5042,3435,1380,1775,1590,5431,362979.267,3768466.902
Vegetation,2195,3786,4308,3215,1381,1776,1575,5268,362974.508,3768501.939
Vegetation,2477,3656,4160,3523,1670,2068,2138,4728,363044.352,3768533.901
Vegetation,2658,5227,5963,3808,1492,2178,1704,6761,363016.429,3768469.590
Vegetation,2389,4725,5469,3475,1416,1920,1646,5983,363001.861,3768444.312
Vegetation,2239,4150,4961,3306,1205,1467,1388,4342,362977.808,3768458.152
Vegetation,2408,4286,4819,3460,1443,1965,1678,5609,362997.940,3768519.573
Vegetation,2349,4678,5432,3445,1403,1952,1548,6572,362998.629,3768456.198
Vegetation,2550,4661,5264,3621,1544,1991,1700,6148,362998.702,3768506.582
Vegetation,2523,4937,5603,3676,1600,2156,1881,6460,362994.916,3768465.900
Vegetation,2310,3985,4407,3411,1408,1869,1706,4841,363022.834,3768523.843
Vegetation,2442,4680,5346,3558,1513,2072,1734,6249,362984.890,3768468.639
Vegetation,2188,3739,4221,3253,1273,1662,1493,3875,363006.701,3768520.666
Vegetation,2535,4528,5177,3650,1427,1954,1602,5909,362984.329,3768491.640
Vegetation,2517,4616,5170,3619,1477,2030,1708,6065,363025.256,3768515.999
Vegetation,2701,4903,5599,3869,1574,1962,1735,5516,362998.472,3768487.321
Vegetation,2517,4616,5170,3619,1477,2030,1708,6065,363025.456,3768513.962
Vegetation,2701,4903,5599,3869,1574,1962,1735,5516,362993.100,3768482.525
Vegetation,2425,4060,4528,3529,1608,2074,2124,4607,363038.520,3768526.953
Vegetation,2737,4808,5433,3857,1797,2578,2188,5725,363005.419,3768493.026
Vegetation,2365,4356,5042,3435,1380,1775,1590,5431,362978.241,3768464.377
Vegetation,2733,5277,6078,3802,1469,2128,1715,6516,363027.395,3768474.659
Vegetation,2215,4341,5099,3277,1338,1740,1464,5579,362993.430,3768442.561
Vegetation,2120,3925,4606,3172,1262,1591,1447,4723,362990.867,3768435.259
Vegetation,2748,5137,5794,3827,1807,2528,2240,5946,363025.061,3768499.494
Vegetation,2671,4786,5468,3803,1848,2244,2088,5724,362993.400,3768494.250
Vegetation,2072,3800,4472,3086,1139,1320,1330,4257,362980.579,3768436.627
Vegetation,2404,4234,4785,3491,1406,1886,1615,5581,362976.324,3768488.311
Vegetation,2556,4073,4677,3637,1689,2266,2316,4672,363041.289,3768526.274
Vegetation,2462,4821,5457,3466,1422,1976,1601,5963,363032.585,3768448.776
Vegetation,2748,5137,5794,3827,1807,2528,2240,5946,363029.594,3768498.675
Vegetation,2548,5069,5842,3567,1372,1974,1526,6420,363031.707,3768454.023
Vegetation,2427,4307,4829,3470,1352,1712,1514,4924,363005.852,3768511.874
Vegetation,2763,4925,5542,3865,1728,2210,1998,5725,363013.224,3768492.800
Vegetation,2648,4776,5356,3717,1448,1978,1641,6104,363018.018,3768505.929
Vegetation,2663,5000,5632,3758,1508,2044,1740,6709,363026.086,3768509.186
Vegetation,2735,5213,5924,3895,1509,2184,1810,6448,363018.777,3768477.318
Vegetation,2412,4369,4956,3469,1306,1910,1524,6064,362980.938,3768508.184
Vegetation,2463,4417,4946,3523,1368,1792,1552,5413,363011.717,3768512.155
Vegetation,2517,4616,5170,3619,1477,2030,1708,6065,363020.985,3768516.019
Vegetation,2389,4725,5469,3475,1416,1920,1646,5983,363009.184,3768445.705
Vegetation,2733,5277,6078,3802,1469,2128,1715,6516,363029.859,3768471.049
Vegetation,2579,4660,5322,3721,1530,1886,1624,5476,362983.560,3768485.549
Vegetation,2666,5237,6048,3732,1466,2162,1687,6700,363026.478,3768460.580
Vegetation,2143,4112,4891,3189,1197,1417,1300,4615,362984.426,3768440.163
Vegetation,2550,4661,5264,3621,1544,1991,1700,6148,362999.087,3768507.332
Vegetation,2701,4903,5599,3869,1574,1962,1735,5516,362996.794,3768488.971
Vegetation,2463,4417,4946,3523,1368,1792,1552,5413,363017.911,3768517.443
Vegetation,2305,4029,4547,3335,1396,1798,1592,5119,362984.586,3768511.704
Vegetation,2671,4786,5468,3803,1848,2244,2088,5724,362994.199,3768497.805
Vegetation,2365,4356,5042,3435,1380,1775,1590,5431,362972.851,3768464.829
Vegetation,2365,4356,5042,3435,1380,1775,1590,5431,362976.972,3768460.056
Vegetation,2658,5227,5963,3808,1492,2178,1704,6761,363019.558,3768468.712
Vegetation,2641,5012,5659,3818,1618,2050,1861,6000,362995.881,3768471.585
Vegetation,2546,4765,5392,3683,1461,1926,1644,5700,362983.904,3768475.085
Vegetation,2195,3786,4308,3215,1381,1776,1575,5268,362973.066,3768508.019
Vegetation,2663,5000,5632,3758,1508,2044,1740,6709,363028.768,3768504.226
Vegetation,2610,4663,5233,3671,1552,2108,1872,5941,363003.966,3768503.294
Vegetation,2427,4307,4829,3470,1352,1712,1514,4924,363004.022,3768519.106
Vegetation,2170,4018,4696,3159,1342,1657,1620,4799,362975.908,3768438.871
Vegetation,2737,4808,5433,3857,1797,2578,2188,5725,363006.578,3768491.222
Vegetation,2771,5229,5943,3842,1877,2462,2258,5980,363024.375,3768484.109
Vegetation,2666,5237,6048,3732,1466,2162,1687,6700,363024.214,3768460.057
Vegetation,2671,4786,5468,3803,1848,2244,2088,5724,362993.257,3768490.132
Vegetation,2349,4678,5432,3445,1403,1952,1548,6572,362991.620,3768452.228
Vegetation,2546,4765,5392,3683,1461,1926,1644,5700,362984.674,3768470.413
Vegetation,2664,5122,5811,3776,1416,1977,1584,6892,363030.681,3768507.247
Vegetation,2143,4112,4891,3189,1197,1417,1300,4615,362986.198,3768443.923
Vegetation,2329,4035,4560,3397,1415,1918,1624,5742,362976.992,3768496.637
Vegetation,2763,4925,5542,3865,1728,2210,1998,5725,363018.067,3768498.722
Vegetation,2648,4776,5356,3717,1448,1978,1641,6104,363010.943,3768508.264
Vegetation,2546,4765,5392,3683,1461,1926,1644,5700,362985.809,3768473.249
Vegetation,2562,5112,5848,3662,1451,2058,1609,6550,363013.267,3768452.224
Vegetation,2671,4786,5468,3803,1848,2244,2088,5724,362991.803,3768494.669
Vegetation,2349,4678,5432,3445,1403,1952,1548,6572,362991.077,3768450.628
Vegetation,2792,5070,5731,3924,1739,2238,2113,6216,363018.040,3768480.905
Vegetation,2769,4962,5617,3933,1564,2094,1822,6180,363006.838,3768486.097
Vegetation,2711,5297,6012,3781,1510,2118,1668,6714,363036.518,3768495.415
Vegetation,2328,3590,3963,3438,1570,1888,2002,3785,363030.713,3768530.918
Vegetation,2711,5297,6012,3781,1510,2118,1668,6714,363030.644,3768498.893
Vegetation,2420,4384,4984,3497,1457,1978,1688,5984,362978.368,3768476.823
Vegetation,2653,5406,6195,3726,1420,2078,1552,6905,363040.054,3768493.110
Vegetation,2663,5000,5632,3758,1508,2044,1740,6709,363024.861,3768508.537
Vegetation,2648,4776,5356,3717,1448,1978,1641,6104,363014.933,3768503.101
Vegetation,2572,5107,5853,3632,1439,2080,1650,6412,363028.317,3768451.888
Vegetation,2748,5137,5794,3827,1807,2528,2240,5946,363024.439,3768494.583
Vegetation,2412,4369,4956,3469,1306,1910,1524,6064,362982.569,3768505.876
Vegetation,2579,4660,5322,3721,1530,1886,1624,5476,362989.414,3768482.026
Vegetation,2487,4969,5707,3599,1388,1940,1547,6419,363004.355,3768452.284
Vegetation,2535,4528,5177,3650,1427,1954,1602,5909,362983.968,3768498.001
Vegetation,2365,4356,5042,3435,1380,1775,1590,5431,362974.707,3768462.485
Vegetation,2569,4710,5316,3693,1588,2096,1894,5977,363030.177,3768510.531
Vegetation,2666,5237,6048,3732,1466,2162,1687,6700,363027.538,3768464.706
Vegetation,2556,4073,4677,3637,1689,2266,2316,4672,363043.547,3768526.901
Vegetation,2349,4678,5432,3445,1403,1952,1548,6572,362998.506,3768456.814
Vegetation,2425,4060,4528,3529,1608,2074,2124,4607,363036.535,3768520.364
Vegetation,2487,4969,5707,3599,1388,1940,1547,6419,363009.508,3768458.277
Vegetation,2404,4234,4785,3491,1406,1886,1615,5581,362974.975,3768487.803
Vegetation,2188,3739,4221,3253,1273,1662,1493,3875,363005.973,3768522.107
Vegetation,2701,4903,5599,3869,1574,1962,1735,5516,362990.749,3768485.380
Vegetation,2517,4616,5170,3619,1477,2030,1708,6065,363021.128,3768518.500
Vegetation,2701,4903,5599,3869,1574,1962,1735,5516,362990.831,3768481.939
Vegetation,2420,4384,4984,3497,1457,1978,1688,5984,362979.342,3768476.664
Vegetation,2771,5229,5943,3842,1877,2462,2258,5980,363022.268,3768489.678
Vegetation,2733,5277,6078,3802,1469,2128,1715,6516,363020.389,3768473.761
Vegetation,2487,4969,5707,3599,1388,1940,1547,6419,363008.618,3768452.573
Vegetation,2641,5012,5659,3818,1618,2050,1861,6000,362993.092,3768476.648
Vegetation,2735,5213,5924,3895,1509,2184,1810,6448,363014.922,3768472.238
Vegetation,2664,5122,5811,3776,1416,1977,1584,6892,363035.221,3768507.547
Vegetation,2562,5112,5848,3662,1451,2058,1609,6550,363016.230,3768459.196
Vegetation,2412,4369,4956,3469,1306,1910,1524,6064,362987.378,3768503.780
Vegetation,2546,4765,5392,3683,1461,1926,1644,5700,362987.207,3768473.611
Vegetation,2548,5069,5842,3567,1372,1974,1526,6420,363033.020,3768457.884
Vegetation,2195,3786,4308,3215,1381,1776,1575,5268,362972.460,3768500.843
Vegetation,2610,5127,5815,3789,1454,2144,1706,6555,363005.090,3768461.741
Vegetation,2671,4786,5468,3803,1848,2244,2088,5724,362992.192,3768498.621
Vegetation,2310,3985,4407,3411,1408,1869,1706,4841,363023.625,3768528.594
Vegetation,2550,4661,5264,3621,1544,1991,1700,6148,362995.253,3768505.596
Vegetation,2711,5297,6012,3781,1510,2118,1668,6714,363032.930,3768492.817
Vegetation,2569,4710,5316,3693,1588,2096,1894,5977,363038.204,3768518.956
Vegetation,2408,4286,4819,3460,1443,1965,1678,5609,362991.671,3768511.663
Vegetation,2672,5337,6181,3713,1508,2192,1671,6702,363036.203,3768479.781
Vegetation,2562,5112,5848,3662,1451,2058,1609,6550,363015.403,3768452.716
Vegetation,2664,5122,5811,3776,1416,1977,1584,6892,363034.860,3768508.965
Vegetation,2408,4286,4819,3460,1443,1965,1678,5609,362990.847,3768512.002
Vegetation,2310,3985,4407,3411,1408,1869,1706,4841,363029.760,3768522.338
Vegetation,2664,5122,5811,3776,1416,1977,1584,6892,363036.592,3768500.575
Vegetation,2329,4035,4560,3397,1415,1918,1624,5742,362979.803,3768499.486
Vegetation,2546,4765,5392,3683,1461,1926,1644,5700,362987.763,3768475.470
Vegetation,2174,4038,4845,3214,1181,1438,1338,4445,362976.923,3768449.759
Vegetation,2701,4903,5599,3869,1574,1962,1735,5516,362997.815,3768480.982
Vegetation,2064,3489,3992,3066,1267,1602,1416,3983,362967.728,3768501.034
Vegetation,2266,4405,5183,3347,1316,1805,1438,5836,362982.489,3768452.483
Vegetation,2572,5107,5853,3632,1439,2080,1650,6412,363020.555,3768459.256
Vegetation,2266,4405,5183,3347,1316,1805,1438,5836,362981.872,3768457.186
Vegetation,2349,4678,5432,3445,1403,1952,1548,6572,362996.842,3768452.976
Vegetation,2328,3590,3963,3438,1570,1888,2002,3785,363038.285,3768531.390
Vegetation,2658,5227,5963,3808,1492,2178,1704,6761,363010.443,3768464.928
Vegetation,1943,3520,4169,2791,1317,1730,1426,5097,363140.375,3768257.473
Vegetation,2380,4138,4592,3484,1576,1946,1849,5092,363106.990,3768280.146
Vegetation,2418,4288,4850,3651,1325,1741,1510,6048,363093.598,3768295.065
Vegetation,2469,4320,4878,3571,1406,1783,1580,5228,363106.296,3768255.384
Vegetation,2273,3614,4073,3199,1478,1831,1944,3818,363121.141,3768273.049
Vegetation,2338,3819,4357,3360,1274,1701,1553,4426,363114.537,3768261.688
Vegetation,2469,4320,4878,3571,1406,1783,1580,5228,363106.729,3768258.493
Vegetation,1943,3520,4169,2791,1317,1730,1426,5097,363142.767,3768250.723
Vegetation,1990,3048,3452,2854,1174,1349,1413,2549,363142.021,3768285.380
Vegetation,2336,4917,5814,3617,1402,1896,1584,6400,363119.539,3768314.146
Vegetation,2196,4132,4787,3082,1258,1686,1403,5453,363137.692,3768255.261
Vegetation,2347,4223,4822,3359,1408,1890,1638,5871,363125.210,3768299.970
Vegetation,2447,4384,4942,3486,1383,1867,1528,5671,363116.375,3768250.288
Vegetation,2199,3504,3964,3089,1452,1805,1838,4120,363137.748,3768289.297
Vegetation,2342,4774,5612,3470,1352,1858,1478,6340,363129.634,3768304.141
Vegetation,2310,3707,4206,3330,1447,1725,1852,3862,363119.137,3768276.392
Vegetation,2342,4774,5612,3470,1352,1858,1478,6340,363123.768,3768303.372
Vegetation,2418,4288,4850,3651,1325,1741,1510,6048,363096.304,3768294.471
Vegetation,2347,4223,4822,3359,1408,1890,1638,5871,363121.718,3768293.639
Vegetation,2313,3764,4311,3403,1430,1764,1826,3975,363102.228,3768273.847
Vegetation,2372,5067,5892,3440,1409,1952,1487,6888,363131.059,3768316.410
Vegetation,1990,3048,3452,2854,1174,1349,1413,2549,363149.584,3768285.479
Vegetation,2374,4393,4943,3471,1369,1838,1549,5927,363112.296,3768291.277
Vegetation,2343,3824,4406,3432,1368,1781,1630,4439,363107.527,3768264.709
Vegetation,2365,4591,5393,3656,1363,1814,1535,6028,363101.921,3768308.341
Vegetation,2199,3504,3964,3089,1452,1805,1838,4120,363136.002,3768289.691
Vegetation,2310,3707,4206,3330,1447,1725,1852,3862,363114.268,3768276.252
Vegetation,1912,2991,3349,2724,1266,1542,1398,3420,363143.561,3768261.145
Vegetation,2109,3565,4071,3000,1213,1477,1364,3876,363145.810,3768298.453
Vegetation,2196,4132,4787,3082,1258,1686,1403,5453,363135.049,3768251.285
Vegetation,2365,4591,5393,3656,1363,1814,1535,6028,363105.590,3768306.163
Vegetation,2449,4899,5641,3433,1324,1965,1514,6458,363123.061,3768243.334
Vegetation,2199,3504,3964,3089,1452,1805,1838,4120,363134.363,3768289.215
Vegetation,2545,4822,5434,3594,1429,2096,1596,6528,363118.036,3768242.638
Vegetation,2196,4132,4787,3082,1258,1686,1403,5453,363137.114,3768253.374
Vegetation,2572,4683,5259,3665,1411,1955,1602,5563,363109.480,3768244.853
Vegetation,2365,4591,5393,3656,1363,1814,1535,6028,363106.859,3768304.774
Vegetation,1990,3048,3452,2854,1174,1349,1413,2549,363144.083,3768286.537
Vegetation,2343,3824,4406,3432,1368,1781,1630,4439,363109.011,3768267.344
Vegetation,2365,4591,5393,3656,1363,1814,1535,6028,363104.228,3768302.690
Vegetation,2145,3323,3708,3004,1393,1780,1836,3576,363134.257,3768272.476
Vegetation,2447,4384,4942,3486,1383,1867,1528,5671,363113.384,3768252.692
Vegetation,2373,4111,4617,3538,1538,1908,1823,4643,363095.845,3768283.445
Vegetation,2418,4314,5085,3756,1378,1826,1667,5895,363093.012,3768303.425
Vegetation,2338,3819,4357,3360,1274,1701,1553,4426,363111.027,3768268.180
Vegetation,2364,4047,4489,3394,1625,2023,1881,4718,363113.468,3768283.385
Vegetation,2449,4899,5641,3433,1324,1965,1514,6458,363125.248,3768240.554
Vegetation,2273,3614,4073,3199,1478,1831,1944,3818,363123.720,3768271.438
Vegetation,2338,3819,4357,3360,1274,1701,1553,4426,363110.483,3768266.054
Vegetation,1912,2991,3349,2724,1266,1542,1398,3420,363146.101,3768264.729
Vegetation,1928,2834,3110,2745,1198,1416,1494,2550,363149.739,3768275.771
Vegetation,2365,4591,5393,3656,1363,1814,1535,6028,363104.994,3768307.064
Vegetation,2342,4774,5612,3470,1352,1858,1478,6340,363126.337,3768300.735
Vegetation,2273,3614,4073,3199,1478,1831,1944,3818,363122.914,3768277.112
Vegetation,2469,4320,4878,3571,1406,1783,1580,5228,363103.151,3768257.267
Vegetation,2109,3565,4071,3000,1213,1477,1364,3876,363141.173,3768293.054
Vegetation,2310,3707,4206,3330,1447,1725,1852,3862,363111.494,3768274.400
Vegetation,2364,4047,4489,3394,1625,2023,1881,4718,363119.434,3768284.087
Vegetation,2323,4654,5412,3344,1359,1850,1449,6236,363134.949,3768305.143
Vegetation,2365,4591,5393,3656,1363,1814,1535,6028,363103.328,3768309.330
Vegetation,2347,4223,4822,3359,1408,1890,1638,5871,363124.904,3768295.099
Vegetation,2021,4004,4774,2908,1251,1656,1348,6045,363144.467,3768240.641
Vegetation,2545,4822,5434,3594,1429,2096,1596,6528,363113.981,3768244.301
Vegetation,2109,3565,4071,3000,1213,1477,1364,3876,363140.192,3768291.915
Vegetation,2324,3836,4309,3269,1542,1980,1900,4623,363121.982,3768289.915
Vegetation,1943,3520,4169,2791,1317,1730,1426,5097,363140.221,3768255.371
Vegetation,2145,3323,3708,3004,1393,1780,1836,3576,363139.293,3768274.715
Vegetation,2286,3809,4318,3214,1301,1664,1626,4563,363122.669,3768262.656
Vegetation,1990,3048,3452,2854,1174,1349,1413,2549,363149.838,3768286.933
Vegetation,2354,4642,5491,3696,1490,1908,1771,5771,363104.293,3768311.942
Vegetation,2021,4004,4774,2908,1251,1656,1348,6045,363145.484,3768243.188
Vegetation,1928,2834,3110,2745,1198,1416,1494,2550,363141.931,3768277.625
Vegetation,2343,3824,4406,3432,1368,1781,1630,4439,363109.496,3768261.710
Vegetation,1928,2834,3110,2745,1198,1416,1494,2550,363143.467,3768274.676
Vegetation,2418,4314,5085,3756,1378,1826,1667,5895,363093.747,3768304.967
Vegetation,1912,2991,3349,2724,1266,1542,1398,3420,363147.776,3768260.622
Vegetation,2338,3819,4357,3360,1274,1701,1553,4426,363119.219,3768266.503
Vegetation,2365,4591,5393,3656,1363,1814,1535,6028,363104.040,3768302.180
Vegetation,2144,3533,3982,3002,1331,1728,1630,4448,363139.699,3768263.009
Vegetation,2403,4929,5584,3322,1415,2046,1544,6893,363140.710,3768314.358
Vegetation,2274,4626,5421,3204,1230,1712,1382,6384,363135.976,3768242.692
Vegetation,2403,4929,5584,3322,1415,2046,1544,6893,363140.442,3768316.299
Vegetation,2342,4774,5612,3470,1352,1858,1478,6340,363128.966,3768309.412
Vegetation,2144,3533,3982,3002,1331,1728,1630,4448,363139.297,3768268.361
Vegetation,1943,3520,4169,2791,1317,1730,1426,5097,363144.673,3768252.903
Vegetation,2145,3323,3708,3004,1393,1780,1836,3576,363139.116,3768273.383
Vegetation,2349,5063,5968,3538,1386,1848,1476,6612,363128.266,3768314.547
Vegetation,2196,4132,4787,3082,1258,1686,1403,5453,363136.404,3768255.240
Vegetation,2313,3764,4311,3403,1430,1764,1826,3975,363106.604,3768272.359
Vegetation,2380,4138,4592,3484,1576,1946,1849,5092,363109.322,3768281.807
Vegetation,1928,2834,3110,2745,1198,1416,1494,2550,363146.615,3768271.790
Vegetation,2145,3323,3708,3004,1393,1780,1836,3576,363137.535,3768271.041
Vegetation,2109,3565,4071,3000,1213,1477,1364,3876,363141.042,3768292.942
Vegetation,2109,3565,4071,3000,1213,1477,1364,3876,363149.231,3768295.465
Vegetation,2196,4132,4787,3082,1258,1686,1403,5453,363138.998,3768255.216
Vegetation,2449,4899,5641,3433,1324,1965,1514,6458,363128.786,3768248.703
Vegetation,1912,2991,3349,2724,1266,1542,1398,3420,363146.935,3768261.622
Vegetation,2286,3809,4318,3214,1301,1664,1626,4563,363124.770,3768266.250
Vegetation,2323,4654,5412,3344,1359,1850,1449,6236,363132.172,3768307.453
Vegetation,2342,4774,5612,3470,1352,1858,1478,6340,363123.659,3768307.339
Vegetation,2285,4384,4968,3183,1335,1820,1461,5979,363146.200,3768301.704
Vegetation,2145,3323,3708,3004,1393,1780,1836,3576,363131.402,3768278.949
Vegetation,2199,3504,3964,3089,1452,1805,1838,4120,363138.272,3768287.145
Vegetation,2449,4899,5641,3433,1324,1965,1514,6458,363129.542,3768241.730
Vegetation,2273,3614,4073,3199,1478,1831,1944,3818,363126.958,3768277.995
Vegetation,2273,3614,4073,3199,1478,1831,1944,3818,363123.953,3768272.878
Vegetation,2145,3323,3708,3004,1393,1780,1836,3576,363131.606,3768276.091
Vegetation,2365,4591,5393,3656,1363,1814,1535,6028,363107.734,3768302.081
Vegetation,2144,3533,3982,3002,1331,1728,1630,4448,363131.129,3768267.959
Vegetation,2338,3819,4357,3360,1274,1701,1553,4426,363114.632,3768263.467
Vegetation,2374,4393,4943,3471,1369,1838,1549,5927,363115.829,3768296.591
Vegetation,2310,3707,4206,3330,1447,1725,1852,3862,363118.346,3768275.149
Vegetation,2286,3809,4318,3214,1301,1664,1626,4563,363127.474,3768269.147
Vegetation,2199,3504,3964,3089,1452,1805,1838,4120,363138.058,3768287.136
Vegetation,1990,3048,3452,2854,1174,1349,1413,2549,363141.867,3768283.374
Vegetation,2340,4745,5568,3561,1334,1802,1444,6304,363117.203,3768304.643
Vegetation,2418,4288,4850,3651,1325,1741,1510,6048,363096.844,3768293.494
Vegetation,2338,3819,4357,3360,1274,1701,1553,4426,363111.386,3768262.690
Vegetation,2364,4047,4489,3394,1625,2023,1881,4718,363119.242,3768282.370
Vegetation,2109,3565,4071,3000,1213,1477,1364,3876,363141.847,3768295.604
Vegetation,1990,3048,3452,2854,1174,1349,1413,2549,363142.000,3768284.329
Vegetation,2372,5067,5892,3440,1409,1952,1487,6888,363139.783,3768311.040
Vegetation,2340,4745,5568,3561,1334,1802,1444,6304,363116.336,3768306.363
Vegetation,2310,3707,4206,3330,1447,1725,1852,3862,363110.359,3768272.452
Vegetation,2196,4132,4787,3082,1258,1686,1403,5453,363134.109,3768255.516
Vegetation,2449,4899,5641,3433,1324,1965,1514,6458,363123.595,3768242.652
Vegetation,2373,4111,4617,3538,1538,1908,1823,4643,363096.163,3768289.518
Vegetation,2354,4642,5491,3696,1490,1908,1771,5771,363109.760,3768310.216
Vegetation,2324,3836,4309,3269,1542,1980,1900,4623,363121.369,3768281.266
Vegetation,2144,3533,3982,3002,1331,1728,1630,4448,363135.160,3768267.049
Vegetation,2374,4393,4943,3471,1369,1838,1549,5927,363110.167,3768294.737
Vegetation,2286,3809,4318,3214,1301,1664,1626,4563,363124.840,3768265.735
Vegetation,2364,4047,4489,3394,1625,2023,1881,4718,363119.083,3768288.067
Vegetation,2324,3836,4309,3269,1542,1980,1900,4623,363123.796,3768285.416
Vegetation,2380,5015,5884,3369,1273,1828,1412,6826,363137.286,3768238.940
Vegetation,2323,4654,5412,3344,1359,1850,1449,6236,363130.055,3768304.743
Vegetation,2144,3533,3982,3002,1331,1728,1630,4448,363130.139,3768268.228
Vegetation,2286,3809,4318,3214,1301,1664,1626,4563,363125.101,3768261.591
Vegetation,2469,4320,4878,3571,1406,1783,1580,5228,363105.649,3768256.777
Vegetation,2418,4288,4850,3651,1325,1741,1510,6048,363094.674,3768298.748
Vegetation,2273,3614,4073,3199,1478,1831,1944,3818,363127.166,3768273.590
Vegetation,2199,3504,3964,3089,1452,1805,1838,4120,363132.645,3768285.650
Vegetation,2380,5015,5884,3369,1273,1828,1412,6826,363137.568,3768239.556
Vegetation,1990,3048,3452,2854,1174,1349,1413,2549,363148.994,3768287.730
Vegetation,1928,2834,3110,2745,1198,1416,1494,2550,363140.035,3768275.580
Vegetation,2310,3707,4206,3330,1447,1725,1852,3862,363112.760,3768279.937
Vegetation,2347,4223,4822,3359,1408,1890,1638,5871,363126.559,3768293.520
Vegetation,2310,3707,4206,3330,1447,1725,1852,3862,363114.874,3768272.423
Vegetation,2545,4822,5434,3594,1429,2096,1596,6528,363116.486,3768249.029
Vegetation,2418,4288,4850,3651,1325,1741,1510,6048,363094.936,3768296.521
Vegetation,1978,4499,5392,2977,1273,1718,1324,6470,361562.570,3768665.065
Vegetation,1877,3676,4610,2782,1186,1483,1224,4283,361546.142,3768639.429
Vegetation,1910,3989,4968,2884,1286,1647,1284,5683,361551.981,3768641.299
Vegetation,2092,4478,5440,3081,1346,1780,1392,5963,361579.662,3768696.338
Vegetation,2194,4265,5239,3075,1376,1876,1544,6328,361588.157,3768654.989
Vegetation,2093,4386,5414,3036,1312,1732,1414,6427,361570.715,3768653.770
Vegetation,2014,4465,5520,3040,1284,1691,1324,6206,361554.746,3768671.529
Vegetation,2002,4431,5367,3019,1253,1688,1317,5779,361561.637,3768681.368
Vegetation,1978,4499,5392,2977,1273,1718,1324,6470,361569.192,3768662.394
Vegetation,2123,4680,5548,3094,1215,1553,1249,5553,361588.753,3768679.051
Vegetation,1915,4009,4847,2772,1238,1532,1280,4518,361573.501,3768639.889
Vegetation,1978,4499,5392,2977,1273,1718,1324,6470,361564.216,3768663.672
Vegetation,1910,3989,4968,2884,1286,1647,1284,5683,361558.065,3768645.298
Vegetation,2023,4467,5359,3027,1205,1574,1286,4958,361578.650,3768688.013
Vegetation,1975,4520,5376,2983,1252,1662,1296,5840,361562.914,3768671.877
Vegetation,1915,4009,4847,2772,1238,1532,1280,4518,361571.733,3768637.590
Vegetation,1975,4520,5376,2983,1252,1662,1296,5840,361563.152,3768675.640
Vegetation,1915,4009,4847,2772,1238,1532,1280,4518,361571.740,3768636.028
Vegetation,2150,4249,5271,3095,1228,1612,1291,5913,361540.281,3768686.496
Vegetation,1996,4299,5329,3016,1220,1662,1293,5832,361544.621,3768668.544
Vegetation,1877,3979,4820,2760,1181,1429,1193,4684,361566.075,3768639.023
Vegetation,1963,3819,4725,2788,1306,1631,1430,5051,361583.278,3768638.613
Vegetation,2011,4591,5386,3001,1142,1436,1216,4583,361572.662,3768671.379
Vegetation,2013,4369,5412,3000,1279,1686,1353,6271,361563.148,3768659.656
Vegetation,2035,4564,5404,3004,1228,1646,1301,6091,361574.210,3768663.378
Vegetation,2001,3983,4949,2914,1245,1710,1263,5743,361535.890,3768644.481
Vegetation,1918,3918,4877,2879,1276,1683,1315,5359,361544.191,3768648.966
Vegetation,2157,4512,5542,3134,1320,1839,1415,6124,361584.941,3768699.660
Vegetation,2035,4564,5404,3004,1228,1646,1301,6091,361577.749,3768664.872
Vegetation,1979,4196,5222,2928,1276,1644,1301,5840,361560.726,3768646.438
Vegetation,1851,3728,4645,2752,1189,1440,1206,4637,361551.023,3768638.266
Vegetation,2123,4680,5548,3094,1215,1553,1249,5553,361588.611,3768673.193
Vegetation,1952,4214,5232,2968,1262,1652,1282,6172,361554.968,3768652.593
Vegetation,2030,4105,5066,2969,1250,1683,1301,5341,361539.902,3768650.703
Vegetation,1915,4009,4847,2772,1238,1532,1280,4518,361571.229,3768636.566
Vegetation,2131,4511,5457,3102,1243,1678,1307,5804,361588.631,3768683.805
Vegetation,1877,3676,4610,2782,1186,1483,1224,4283,361540.589,3768636.963
Vegetation,2042,4189,5067,3014,1299,1665,1289,5427,361531.121,3768665.909
Vegetation,2115,4144,4958,3049,1290,1659,1345,5757,361535.552,3768678.973
Vegetation,2002,4431,5367,3019,1253,1688,1317,5779,361560.720,3768682.989
Vegetation,2123,4680,5548,3094,1215,1553,1249,5553,361588.069,3768674.546
Vegetation,2115,4144,4958,3049,1290,1659,1345,5757,361531.500,3768676.051
Vegetation,1915,4009,4847,2772,1238,1532,1280,4518,361577.463,3768633.262
Vegetation,1958,4126,5117,2957,1240,1642,1312,5696,361549.486,3768650.829
Vegetation,1842,3774,4543,2660,1143,1497,1190,5281,361561.399,3768629.905
Vegetation,1975,4403,5437,3003,1280,1636,1324,6184,361553.373,3768666.170
Vegetation,1978,4499,5392,2977,1273,1718,1324,6470,361562.059,3768660.689
Vegetation,1958,4126,5117,2957,1240,1642,1312,5696,361544.230,3768656.723
Vegetation,1996,4299,5329,3016,1220,1662,1293,5832,361549.378,3768667.014
Vegetation,1877,3979,4820,2760,1181,1429,1193,4684,361569.709,3768632.611
Vegetation,2194,4265,5239,3075,1376,1876,1544,6328,361581.423,3768650.729
Vegetation,1979,4196,5222,2928,1276,1644,1301,5840,361564.265,3768640.352
Vegetation,1918,3918,4877,2879,1276,1683,1315,5359,361548.402,3768644.979
Vegetation,2150,4249,5271,3095,1228,1612,1291,5913,361546.161,3768685.754
Vegetation,1975,4403,5437,3003,1280,1636,1324,6184,361550.753,3768664.544
Vegetation,1978,4499,5392,2977,1273,1718,1324,6470,361567.986,3768660.564
Vegetation,1952,4214,5232,2968,1262,1652,1282,6172,361556.633,3768655.870
Vegetation,2011,4591,5386,3001,1142,1436,1216,4583,361579.018,3768672.856
Vegetation,1881,3678,4559,2710,1108,1368,1170,4727,361553.180,3768627.509
Vegetation,1851,3728,4645,2752,1189,1440,1206,4637,361550.311,3768634.637
Vegetation,1922,3714,4618,2766,1143,1439,1159,4426,361542.205,3768628.939
Vegetation,2002,4431,5367,3019,1253,1688,1317,5779,361560.332,3768686.985
Vegetation,2013,4369,5412,3000,1279,1686,1353,6271,361562.535,3768653.482
Vegetation,2144,4598,5475,3084,1283,1724,1403,6527,361582.366,3768667.198
Vegetation,1952,4214,5232,2968,1262,1652,1282,6172,361559.779,3768655.919
Vegetation,1877,3676,4610,2782,1186,1483,1224,4283,361541.087,3768633.823
Vegetation,2153,4322,5284,3106,1238,1692,1352,5992,361555.565,3768693.188
Vegetation,1922,3714,4618,2766,1143,1439,1159,4426,361547.504,3768626.165
Vegetation,2061,4340,5380,3062,1247,1646,1265,5926,361540.299,3768674.059
Vegetation,2157,4512,5542,3134,1320,1839,1415,6124,361586.038,3768696.371
Vegetation,2092,4478,5440,3081,1346,1780,1392,5963,361578.292,3768699.035
Vegetation,2035,4564,5404,3004,1228,1646,1301,6091,361571.819,3768666.652
Vegetation,2144,4598,5475,3084,1283,1724,1403,6527,361584.181,3768662.139
Vegetation,2042,4189,5067,3014,1299,1665,1289,5427,361537.626,3768662.931
Vegetation,2150,4249,5271,3095,1228,1612,1291,5913,361543.269,3768687.503
Vegetation,1877,3979,4820,2760,1181,1429,1193,4684,361564.375,3768633.928
Vegetation,1996,4299,5329,3016,1220,1662,1293,5832,361542.950,3768667.681
Vegetation,2093,4386,5414,3036,1312,1732,1414,6427,361576.548,3768659.515
Vegetation,1979,4196,5222,2928,1276,1644,1301,5840,361567.953,3768646.833
Vegetation,2068,4402,5480,3077,1290,1727,1341,6157,361554.361,3768687.322
Vegetation,2042,4189,5067,3014,1299,1665,1289,5427,361534.495,3768662.323
Vegetation,2144,4598,5475,3084,1283,1724,1403,6527,361582.585,3768665.700
Vegetation,2061,4340,5380,3062,1247,1646,1265,5926,361541.206,3768672.163
Vegetation,1979,4196,5222,2928,1276,1644,1301,5840,361569.522,3768641.230
Vegetation,2114,3961,4658,2972,1374,1776,1561,5189,361527.436,3768674.569
Vegetation,1877,3979,4820,2760,1181,1429,1193,4684,361565.058,3768637.421
Vegetation,1975,4520,5376,2983,1252,1662,1296,5840,361560.944,3768674.240
Vegetation,1851,3728,4645,2752,1189,1440,1206,4637,361555.075,3768636.369
Vegetation,1881,3678,4559,2710,1108,1368,1170,4727,361557.090,3768627.075
Vegetation,1877,3676,4610,2782,1186,1483,1224,4283,361543.267,3768632.544
Vegetation,2091,4415,5354,3072,1293,1736,1359,6096,361569.594,3768698.549
Vegetation,1952,4214,5232,2968,1262,1652,1282,6172,361558.156,3768653.687
Vegetation,2150,4249,5271,3095,1228,1612,1291,5913,361540.657,3768684.427
Vegetation,2093,4386,5414,3036,1312,1732,1414,6427,361573.235,3768653.105
Vegetation,2023,4467,5359,3027,1205,1574,1286,4958,361577.752,3768683.691
Vegetation,2091,4415,5354,3072,1293,1736,1359,6096,361560.403,3768695.757
Vegetation,1979,4196,5222,2928,1276,1644,1301,5840,361568.951,3768649.481
Vegetation,2092,4478,5440,3081,1346,1780,1392,5963,361570.024,3768691.063
Vegetation,1851,3728,4645,2752,1189,1440,1206,4637,361556.263,3768630.970
Vegetation,2157,4512,5542,3134,1320,1839,1415,6124,361581.671,3768699.945
Vegetation,2091,4415,5354,3072,1293,1736,1359,6096,361568.523,3768691.737
Vegetation,1877,3979,4820,2760,1181,1429,1193,4684,361569.549,3768636.030
Vegetation,2061,4340,5380,3062,1247,1646,1265,5926,361541.419,3768673.231
Vegetation,1952,4214,5232,2968,1262,1652,1282,6172,361556.797,3768654.570
Vegetation,1958,4126,5117,2957,1240,1642,1312,5696,361542.424,3768659.632
Vegetation,1958,4126,5117,2957,1240,1642,1312,5696,361546.404,3768659.881
Vegetation,2131,4511,5457,3102,1243,1678,1307,5804,361583.522,3768684.017
Vegetation,2011,4591,5386,3001,1142,1436,1216,4583,361572.582,3768677.995
Vegetation,1851,3728,4645,2752,1189,1440,1206,4637,361557.247,3768635.101
Vegetation,2115,4144,4958,3049,1290,1659,1345,5757,361532.022,3768677.134
Vegetation,2013,4369,5412,3000,1279,1686,1353,6271,361566.151,3768655.555
Vegetation,2201,4682,5802,3189,1311,1797,1422,6171,361580.378,3768702.759
Vegetation,1958,4126,5117,2957,1240,1642,1312,5696,361549.942,3768652.556
Vegetation,1881,3678,4559,2710,1108,1368,1170,4727,361552.023,3768626.794
Vegetation,2123,4680,5548,3094,1215,1553,1249,5553,361581.669,3768677.131
Vegetation,1975,4520,5376,2983,1252,1662,1296,5840,361564.037,3768671.085
Vegetation,1963,3819,4725,2788,1306,1631,1430,5051,361588.243,3768633.738
Vegetation,1975,4520,5376,2983,1252,1662,1296,5840,361565.286,3768678.046
Vegetation,2131,4511,5457,3102,1243,1678,1307,5804,361580.692,3768681.577
Vegetation,2131,4511,5457,3102,1243,1678,1307,5804,361583.880,3768684.713
Vegetation,1954,3825,4715,2850,1222,1522,1227,4824,361535.349,3768636.449
Vegetation,2133,4005,4989,2976,1390,1856,1542,5728,361581.782,3768645.169
Vegetation,2144,4598,5475,3084,1283,1724,1403,6527,361585.051,3768660.707
Vegetation,1918,3918,4877,2879,1276,1683,1315,5359,361547.721,3768640.645
Vegetation,1877,3979,4820,2760,1181,1429,1193,4684,361561.054,3768631.578
Vegetation,2093,4386,5414,3036,1312,1732,1414,6427,361578.413,3768657.019
Vegetation,1975,4403,5437,3003,1280,1636,1324,6184,361558.846,3768660.161
Vegetation,2133,4005,4989,2976,1390,1856,1542,5728,361583.617,3768640.154
Vegetation,2093,4386,5414,3036,1312,1732,1414,6427,361577.778,3768651.226
Vegetation,1918,3918,4877,2879,1276,1683,1315,5359,361548.043,3768645.802
Vegetation,2014,4465,5520,3040,1284,1691,1324,6206,361558.223,3768674.789
Vegetation,2133,4005,4989,2976,1390,1856,1542,5728,361581.012,3768645.738
Vegetation,2035,4564,5404,3004,1228,1646,1301,6091,361574.155,3768662.414
Vegetation,1958,4126,5117,2957,1240,1642,1312,5696,361543.238,3768657.959
Vegetation,1958,4126,5117,2957,1240,1642,1312,5696,361544.542,3768655.046
Vegetation,1979,4196,5222,2928,1276,1644,1301,5840,361568.368,3768641.106
Vegetation,2093,4386,5414,3036,1312,1732,1414,6427,361573.353,3768650.074
Vegetation,2030,4105,5066,2969,1250,1683,1301,5341,361530.729,3768658.751
Vegetation,1978,4499,5392,2977,1273,1718,1324,6470,361564.372,3768663.822
Vegetation,2115,4144,4958,3049,1290,1659,1345,5757,361539.630,3768678.880
Vegetation,1915,4009,4847,2772,1238,1532,1280,4518,361579.393,3768637.672
Vegetation,1851,3728,4645,2752,1189,1440,1206,4637,361550.119,3768633.327
Vegetation,2194,4265,5239,3075,1376,1876,1544,6328,361583.622,3768652.875
Vegetation,2201,4682,5802,3189,1311,1797,1422,6171,361583.374,3768701.562
Vegetation,2115,4144,4958,3049,1290,1659,1345,5757,361537.532,3768677.875
Vegetation,1922,3714,4618,2766,1143,1439,1159,4426,361547.988,3768625.617
Vegetation,1881,3678,4559,2710,1108,1368,1170,4727,361551.721,3768629.159
Vegetation,2194,4265,5239,3075,1376,1876,1544,6328,361581.871,3768652.724
Vegetation,2053,4201,5229,2959,1341,1736,1421,5840,361573.481,3768642.988
Vegetation,2194,4265,5239,3075,1376,1876,1544,6328,361581.083,3768658.146
Vegetation,2383,5046,5775,3287,1381,2004,1544,6557,363188.375,3768163.374
Vegetation,2249,4886,5706,3238,1308,1868,1459,6132,363212.503,3768172.880
Vegetation,2034,4335,5056,2910,1318,1745,1404,6289,363174.580,3768151.495
Vegetation,1656,3322,3982,2493,1086,1340,1156,3299,363175.613,3768137.349
Vegetation,1655,3403,4050,2518,1004,1140,1065,2707,363179.087,3768124.552
Vegetation,2306,5269,6171,3331,1396,1928,1456,6804,363218.860,3768166.437
Vegetation,2165,5038,5945,3159,1372,1913,1399,7148,363204.889,3768144.712
Vegetation,1908,3964,4755,2801,1163,1448,1226,4404,363186.498,3768147.775
Vegetation,2034,4335,5056,2910,1318,1745,1404,6289,363173.912,3768157.726
Vegetation,2422,5552,6394,3408,1359,2046,1522,7148,363222.910,3768148.344
Vegetation,1817,3775,4474,2674,1212,1573,1225,4568,363176.754,3768142.293
Vegetation,2187,4805,5669,3163,1299,1828,1378,6728,363199.116,3768157.983
Vegetation,2306,5269,6171,3331,1396,1928,1456,6804,363212.065,3768161.588
Vegetation,2298,5427,6328,3308,1387,1958,1474,7155,363213.330,3768147.867
Vegetation,1908,3964,4755,2801,1163,1448,1226,4404,363183.685,3768148.730
Vegetation,2008,4211,4644,2961,1230,1538,1356,4119,363227.526,3768189.524
Vegetation,1817,3775,4474,2674,1212,1573,1225,4568,363176.362,3768147.990
Vegetation,2008,4211,4644,2961,1230,1538,1356,4119,363228.030,3768187.195
Vegetation,2401,5480,6270,3404,1375,1971,1494,6968,363223.623,3768152.814
Vegetation,1902,3887,4660,2736,1186,1478,1195,4444,363192.627,3768137.304
Vegetation,2024,4385,5245,2962,1246,1612,1327,5543,363196.892,3768140.001
Vegetation,2110,4472,5271,3031,1227,1655,1291,4972,363189.352,3768154.153
Vegetation,2024,4385,5245,2962,1246,1612,1327,5543,363198.969,3768149.477
Vegetation,2189,4876,5798,3095,1372,1904,1434,7039,363215.156,3768133.713
Vegetation,2032,4418,5280,2916,1344,1766,1355,6436,363208.757,3768138.942
Vegetation,2337,5558,6452,3386,1438,1970,1521,6956,363218.531,3768154.199
Vegetation,2348,5049,5889,3330,1394,1905,1544,6444,363201.503,3768174.010
Vegetation,2306,5269,6171,3331,1396,1928,1456,6804,363215.678,3768161.256
Vegetation,1777,3522,4228,2595,1147,1410,1224,4284,363180.137,3768130.439
Vegetation,1777,3522,4228,2595,1147,1410,1224,4284,363182.056,3768134.492
Vegetation,1872,3683,4363,2672,1165,1386,1224,4344,363193.280,3768122.176
Vegetation,2249,4886,5706,3238,1308,1868,1459,6132,363213.039,3768179.319
Vegetation,2309,5043,5844,3261,1341,1766,1467,6491,363220.679,3768169.485
Vegetation,2309,5001,5730,3201,1393,2007,1511,7037,363174.688,3768167.684
Vegetation,2178,4620,5302,3113,1244,1682,1411,5444,363220.950,3768178.956
Vegetation,2475,5109,5852,3387,1406,1974,1542,6568,363196.313,3768173.961
Vegetation,2309,5001,5730,3201,1393,2007,1511,7037,363172.666,3768160.814
Vegetation,2391,5147,5932,3338,1380,1971,1491,6961,363199.340,3768162.149
Vegetation,2032,4418,5280,2916,1344,1766,1355,6436,363209.935,3768138.660
Vegetation,2249,4886,5706,3238,1308,1868,1459,6132,363218.659,3768179.673
Vegetation,2024,4385,5245,2962,1246,1612,1327,5543,363197.290,3768145.382
Vegetation,2032,4418,5280,2916,1344,1766,1355,6436,363200.267,3768138.816
Vegetation,1656,3322,3982,2493,1086,1340,1156,3299,363179.346,3768135.728
Vegetation,1777,3522,4228,2595,1147,1410,1224,4284,363182.751,3768139.251
Vegetation,2034,4335,5056,2910,1318,1745,1404,6289,363177.499,3768159.214
Vegetation,2337,5558,6452,3386,1438,1970,1521,6956,363213.210,3768156.922
Vegetation,2189,4876,5798,3095,1372,1904,1434,7039,363217.286,3768131.411
Vegetation,1902,3887,4660,2736,1186,1478,1195,4444,363193.652,3768139.644
Vegetation,1872,3683,4363,2672,1165,1386,1224,4344,363198.292,3768126.512
Vegetation,1902,3887,4660,2736,1186,1478,1195,4444,363192.133,3768131.225
Vegetation,2249,4886,5706,3238,1308,1868,1459,6132,363217.467,3768174.823
Vegetation,1656,3322,3982,2493,1086,1340,1156,3299,363179.231,3768135.963
Vegetation,1908,3964,4755,2801,1163,1448,1226,4404,363189.899,3768143.481
Vegetation,1908,3964,4755,2801,1163,1448,1226,4404,363181.291,3768147.658
Vegetation,2010,4276,5037,2848,1286,1778,1354,5665,363212.528,3768127.905
Vegetation,2189,4876,5798,3095,1372,1904,1434,7039,363218.181,3768138.056
Vegetation,2383,5046,5775,3287,1381,2004,1544,6557,363182.215,3768165.171
Vegetation,2391,5147,5932,3338,1380,1971,1491,6961,363194.653,3768164.540
Vegetation,2187,4805,5669,3163,1299,1828,1378,6728,363198.835,3768157.909
Vegetation,2165,5038,5945,3159,1372,1913,1399,7148,363200.915,3768148.962
Vegetation,2008,4211,4644,2961,1230,1538,1356,4119,363221.045,3768181.084
Vegetation,2391,5147,5932,3338,1380,1971,1491,6961,363192.710,3768166.645
Vegetation,1872,3683,4363,2672,1165,1386,1224,4344,363198.307,3768126.926
Vegetation,1901,3932,4646,2725,1159,1381,1191,3950,363209.716,3768126.416
Vegetation,1901,3932,4646,2725,1159,1381,1191,3950,363205.129,3768129.296
Vegetation,1908,3964,4755,2801,1163,1448,1226,4404,363183.998,3768144.586
Vegetation,2383,5046,5775,3287,1381,2004,1544,6557,363187.286,3768166.126
Vegetation,2337,5558,6452,3386,1438,1970,1521,6956,363219.428,3768151.088
Vegetation,2401,5480,6270,3404,1375,1971,1494,6968,363220.351,3768153.527
Vegetation,2032,4418,5280,2916,1344,1766,1355,6436,363202.617,3768136.883
Vegetation,1908,3964,4755,2801,1163,1448,1226,4404,363188.147,3768145.488
Vegetation,2165,5038,5945,3159,1372,1913,1399,7148,363205.202,3768145.627
Vegetation,2383,5046,5775,3287,1381,2004,1544,6557,363183.427,3768162.969
Vegetation,1790,3507,4164,2602,1181,1517,1252,4676,363182.668,3768129.897
Vegetation,2309,5043,5844,3261,1341,1766,1467,6491,363224.380,3768162.859
Vegetation,2391,5147,5932,3338,1380,1971,1491,6961,363193.494,3768169.391
Vegetation,1790,3507,4164,2602,1181,1517,1252,4676,363185.065,3768125.432
Vegetation,2189,4876,5798,3095,1372,1904,1434,7039,363216.977,3768133.049
Vegetation,1902,3887,4660,2736,1186,1478,1195,4444,363195.451,3768136.723
Vegetation,2309,5001,5730,3201,1393,2007,1511,7037,363178.589,3768165.840
Vegetation,2333,5303,6200,3357,1330,1899,1374,7200,363205.949,3768162.491
Vegetation,2333,5303,6200,3357,1330,1899,1374,7200,363203.485,3768168.389
Vegetation,1656,3322,3982,2493,1086,1340,1156,3299,363178.016,3768132.676
Vegetation,2298,5427,6328,3308,1387,1958,1474,7155,363216.254,3768143.637
Vegetation,2178,4620,5302,3113,1244,1682,1411,5444,363226.536,3768178.889
Vegetation,2309,5043,5844,3261,1341,1766,1467,6491,363220.125,3768162.280
Vegetation,1656,3322,3982,2493,1086,1340,1156,3299,363179.349,3768135.842
Vegetation,2401,5480,6270,3404,1375,1971,1494,6968,363221.216,3768151.088
Vegetation,2165,5038,5945,3159,1372,1913,1399,7148,363204.542,3768145.924
Vegetation,1656,3322,3982,2493,1086,1340,1156,3299,363176.731,3768135.077
Vegetation,2008,4211,4644,2961,1230,1538,1356,4119,363222.664,3768186.460
Vegetation,2306,5269,6171,3331,1396,1928,1456,6804,363211.668,3768164.296
Vegetation,2249,4886,5706,3238,1308,1868,1459,6132,363215.472,3768175.290
Vegetation,1908,3964,4755,2801,1163,1448,1226,4404,363185.496,3768140.128
Vegetation,2110,4472,5271,3031,1227,1655,1291,4972,363182.348,3768155.255
Vegetation,2309,5001,5730,3201,1393,2007,1511,7037,363172.278,3768161.674
Vegetation,2391,5147,5932,3338,1380,1971,1491,6961,363191.940,3768168.877
Vegetation,2008,4211,4644,2961,1230,1538,1356,4119,363222.094,3768180.178
Vegetation,2034,4335,5056,2910,1318,1745,1404,6289,363174.677,3768155.118
Vegetation,2187,4805,5669,3163,1299,1828,1378,6728,363198.475,3768150.921
Vegetation,2309,5043,5844,3261,1341,1766,1467,6491,363220.621,3768160.377
Vegetation,2110,4472,5271,3031,1227,1655,1291,4972,363188.651,3768158.635
Vegetation,1908,3964,4755,2801,1163,1448,1226,4404,363186.559,3768143.252
Vegetation,2309,5043,5844,3261,1341,1766,1467,6491,363220.184,3768162.862
Vegetation,2010,4276,5037,2848,1286,1778,1354,5665,363211.475,3768129.180
Vegetation,2165,5038,5945,3159,1372,1913,1399,7148,363202.000,3768142.198
Vegetation,2008,4211,4644,2961,1230,1538,1356,4119,363221.242,3768182.661
Vegetation,2024,4385,5245,2962,1246,1612,1327,5543,363193.885,3768146.260
Vegetation,2110,4472,5271,3031,1227,1655,1291,4972,363186.652,3768153.503
Vegetation,2337,5558,6452,3386,1438,1970,1521,6956,363216.784,3768158.574
Vegetation,2249,4886,5706,3238,1308,1868,1459,6132,363216.230,3768171.634
Vegetation,2032,4418,5280,2916,1344,1766,1355,6436,363208.291,3768138.146
Vegetation,2348,5049,5889,3330,1394,1905,1544,6444,363207.153,3768174.777
Vegetation,1790,3507,4164,2602,1181,1517,1252,4676,363185.701,3768123.990
Vegetation,2333,5303,6200,3357,1330,1899,1374,7200,363204.236,3768163.277
Vegetation,1790,3507,4164,2602,1181,1517,1252,4676,363182.702,3768120.247
Vegetation,1656,3322,3982,2493,1086,1340,1156,3299,363176.160,3768134.058
Vegetation,1901,3932,4646,2725,1159,1381,1191,3950,363207.636,3768125.549
Vegetation,2189,4876,5798,3095,1372,1904,1434,7039,363210.037,3768139.805
Vegetation,1902,3887,4660,2736,1186,1478,1195,4444,363193.563,3768135.534
Vegetation,1790,3507,4164,2602,1181,1517,1252,4676,363189.442,3768123.272
Vegetation,2298,5427,6328,3308,1387,1958,1474,7155,363214.021,3768141.659
Vegetation,2298,5427,6328,3308,1387,1958,1474,7155,363214.206,3768149.822
Vegetation,1902,3887,4660,2736,1186,1478,1195,4444,363199.149,3768133.607
Vegetation,2391,5147,5932,3338,1380,1971,1491,6961,363197.732,3768165.572
Vegetation,2309,5043,5844,3261,1341,1766,1467,6491,363221.342,3768167.004
Vegetation,1908,3964,4755,2801,1163,1448,1226,4404,363188.011,3768147.543
Vegetation,2189,4876,5798,3095,1372,1904,1434,7039,363219.967,3768136.182
Vegetation,2265,5333,6252,3306,1348,1888,1381,7154,363200.696,3768151.885
Vegetation,1902,3887,4660,2736,1186,1478,1195,4444,363191.930,3768138.091
Vegetation,2333,5303,6200,3357,1330,1899,1374,7200,363205.997,3768166.696
Vegetation,2032,4418,5280,2916,1344,1766,1355,6436,363202.643,3768130.762
Vegetation,2298,5427,6328,3308,1387,1958,1474,7155,363210.554,3768144.057
Vegetation,2265,5333,6252,3306,1348,1888,1381,7154,363206.316,3768155.985
Vegetation,1908,3964,4755,2801,1163,1448,1226,4404,363188.074,3768148.924
Vegetation,2178,4620,5302,3113,1244,1682,1411,5444,363223.340,3768179.835
Vegetation,2309,5043,5844,3261,1341,1766,1467,6491,363220.123,3768160.308
Vegetation,1790,3507,4164,2602,1181,1517,1252,4676,363184.648,3768124.228
Vegetation,2249,4886,5706,3238,1308,1868,1459,6132,363214.378,3768173.506
Vegetation,1902,3887,4660,2736,1186,1478,1195,4444,363195.965,3768138.412
Vegetation,1901,3932,4646,2725,1159,1381,1191,3950,363201.284,3768124.561
Vegetation,2008,4211,4644,2961,1230,1538,1356,4119,363227.944,3768184.639
Vegetation,2178,4620,5302,3113,1244,1682,1411,5444,363220.258,3768170.044
Vegetation,2337,5558,6452,3386,1438,1970,1521,6956,363217.311,3768150.784
Vegetation,2032,4418,5280,2916,1344,1766,1355,6436,363207.180,3768137.487
Vegetation,1908,3964,4755,2801,1163,1448,1226,4404,363184.494,3768144.845
Vegetation,2034,4335,5056,2910,1318,1745,1404,6289,363175.004,3768157.874
Vegetation,2008,4211,4644,2961,1230,1538,1356,4119,363226.103,3768186.657
Vegetation,2110,4472,5271,3031,1227,1655,1291,4972,363184.389,3768153.289
Vegetation,2165,4410,5057,3108,1372,1843,1544,5773,363219.077,3768182.025
Vegetation,1883,3475,4148,2662,1251,1534,1372,3656,361144.689,3768210.110
Vegetation,1927,3839,4595,2781,1225,1488,1382,4554,361129.509,3768205.585
Vegetation,2103,3847,4795,2926,1710,2074,1884,4944,361134.212,3768239.763
Vegetation,2019,4100,4997,2942,1302,1682,1431,5576,361118.336,3768212.114
Vegetation,1899,3531,4219,2689,1271,1476,1366,4416,361146.618,3768208.249
Vegetation,1927,3839,4595,2781,1225,1488,1382,4554,361125.006,3768208.762
Vegetation,1920,3747,4642,2781,1132,1362,1184,4847,361126.191,3768187.634
Vegetation,2036,3695,4500,2880,1575,1853,1700,4432,361143.485,3768233.446
Vegetation,1931,3666,4372,2738,1191,1514,1320,4852,361130.829,3768216.966
Vegetation,1948,3451,4064,2732,1656,1990,1828,4344,361154.301,3768202.208
Vegetation,2019,4100,4997,2942,1302,1682,1431,5576,361117.483,3768213.484
Vegetation,1920,3747,4642,2781,1132,1362,1184,4847,361128.799,3768187.873
Vegetation,1899,3531,4219,2689,1271,1476,1366,4416,361148.979,3768205.789
Vegetation,2103,3847,4795,2926,1710,2074,1884,4944,361135.420,3768235.708
Vegetation,2164,4055,4775,3062,1348,1825,1548,5539,361155.893,3768240.648
Vegetation,1912,3798,4670,2755,1164,1388,1267,4532,361124.506,3768192.978
Vegetation,2036,4177,5114,2960,1256,1600,1397,5732,361113.052,3768227.123
Vegetation,1920,3747,4642,2781,1132,1362,1184,4847,361128.013,3768181.187
Vegetation,1953,3517,4290,2771,1324,1518,1425,4067,361145.737,3768227.503
Vegetation,1976,3875,4655,2831,1454,1727,1618,5008,361127.471,3768211.173
Vegetation,1901,3686,4384,2715,1190,1624,1301,5732,361134.304,3768209.870
Vegetation,1914,3451,4054,2698,1451,1776,1630,4284,361157.859,3768215.216
Vegetation,1953,3517,4290,2771,1324,1518,1425,4067,361148.679,3768226.508
Vegetation,2020,3761,4622,2871,1328,1654,1401,5363,361133.027,3768182.572
Vegetation,2036,3695,4500,2880,1575,1853,1700,4432,361143.872,3768230.702
Vegetation,2147,4151,5031,2986,1544,1858,1682,5809,361136.582,3768240.756
Vegetation,2164,4055,4775,3062,1348,1825,1548,5539,361155.494,3768247.597
Vegetation,2036,4177,5114,2960,1256,1600,1397,5732,361119.487,3768223.065
Vegetation,2036,4177,5114,2960,1256,1600,1397,5732,361111.044,3768222.950
Vegetation,1990,3561,4282,2828,1185,1474,1351,4151,361151.859,3768228.104
Vegetation,2184,4212,4978,3103,1521,1912,1702,5219,361154.837,3768253.993
Vegetation,1976,3875,4655,2831,1454,1727,1618,5008,361127.131,3768217.415
Vegetation,2059,3906,4850,2907,1518,1854,1686,5384,361122.136,3768223.182
Vegetation,1942,3745,4612,2773,1167,1564,1252,5832,361138.212,3768190.671
Vegetation,1976,3875,4655,2831,1454,1727,1618,5008,361124.960,3768211.164
Vegetation,2164,4055,4775,3062,1348,1825,1548,5539,361158.125,3768248.156
Vegetation,1883,3475,4148,2662,1251,1534,1372,3656,361149.544,3768212.543
Vegetation,1948,3451,4064,2732,1656,1990,1828,4344,361153.991,3768209.722
Vegetation,2184,4212,4978,3103,1521,1912,1702,5219,361151.459,3768255.911
Vegetation,2093,3562,4314,2930,1487,1857,1774,4675,361150.740,3768196.200
Vegetation,1883,3475,4148,2662,1251,1534,1372,3656,361140.785,3768212.351
Vegetation,2184,4212,4978,3103,1521,1912,1702,5219,361150.494,3768253.523
Vegetation,2131,4010,4778,2989,1731,2114,1961,4956,361148.181,3768244.717
Vegetation,2164,4055,4775,3062,1348,1825,1548,5539,361152.626,3768248.784
Vegetation,1942,3745,4612,2773,1167,1564,1252,5832,361138.414,3768197.151
Vegetation,2020,3761,4622,2871,1328,1654,1401,5363,361130.892,3768188.619
Vegetation,2103,3847,4795,2926,1710,2074,1884,4944,361139.117,3768236.529
Vegetation,1942,3745,4612,2773,1167,1564,1252,5832,361134.922,3768193.347
Vegetation,1883,3475,4148,2662,1251,1534,1372,3656,361140.710,3768216.503
Vegetation,2103,3847,4795,2926,1710,2074,1884,4944,361139.175,3768239.277
Vegetation,1990,3561,4282,2828,1185,1474,1351,4151,361158.050,3768227.708
Vegetation,1912,3798,4670,2755,1164,1388,1267,4532,361123.923,3768196.107
Vegetation,1953,3517,4290,2771,1324,1518,1425,4067,361148.006,3768226.142
Vegetation,2019,4100,4997,2942,1302,1682,1431,5576,361117.249,3768218.183
Vegetation,2093,3562,4314,2930,1487,1857,1774,4675,361150.529,3768197.269
Vegetation,2019,4100,4997,2942,1302,1682,1431,5576,361116.919,3768216.600
Vegetation,2093,3562,4314,2930,1487,1857,1774,4675,361155.052,3768195.338
Vegetation,1948,3451,4064,2732,1656,1990,1828,4344,361157.553,3768209.519
Vegetation,2020,3761,4622,2871,1328,1654,1401,5363,361135.900,3768185.029
Vegetation,1927,3839,4595,2781,1225,1488,1382,4554,361128.507,3768201.421
Vegetation,2238,4391,5129,3210,1342,1720,1535,5737,361160.925,3768255.135
Vegetation,1912,3798,4670,2755,1164,1388,1267,4532,361127.255,3768195.255
Vegetation,2134,4235,5133,3072,1509,1880,1703,5275,361158.286,3768261.019
Vegetation,1901,3686,4384,2715,1190,1624,1301,5732,361135.857,3768208.447
Vegetation,2019,4100,4997,2942,1302,1682,1431,5576,361117.292,3768219.257
Vegetation,1953,3517,4290,2771,1324,1518,1425,4067,361142.803,3768223.357
Vegetation,2074,3762,4523,2950,1247,1588,1409,4864,361151.078,3768233.445
Vegetation,2036,4177,5114,2960,1256,1600,1397,5732,361114.457,3768223.655
Vegetation,1912,3798,4670,2755,1164,1388,1267,4532,361123.075,3768195.387
Vegetation,2131,4010,4778,2989,1731,2114,1961,4956,361147.286,3768248.131
Vegetation,2039,4160,5087,2939,1224,1583,1345,5727,361119.178,3768232.164
Vegetation,1883,3475,4148,2662,1251,1534,1372,3656,361143.503,3768213.056
Vegetation,2164,4055,4775,3062,1348,1825,1548,5539,361158.747,3768242.662
Vegetation,2131,4010,4778,2989,1731,2114,1961,4956,361146.687,3768246.963
Vegetation,2184,4212,4978,3103,1521,1912,1702,5219,361154.693,3768258.036
Vegetation,2036,4177,5114,2960,1256,1600,1397,5732,361111.986,3768222.952
Vegetation,1920,3747,4642,2781,1132,1362,1184,4847,361126.727,3768183.506
Vegetation,1883,3475,4148,2662,1251,1534,1372,3656,361141.119,3768219.680
Vegetation,2147,4151,5031,2986,1544,1858,1682,5809,361136.072,3768244.432
Vegetation,2036,3695,4500,2880,1575,1853,1700,4432,361146.514,3768233.862
Vegetation,2002,3685,4502,2852,1331,1598,1448,5395,361149.516,3768199.451
Vegetation,2036,3695,4500,2880,1575,1853,1700,4432,361146.607,3768236.025
Vegetation,2164,4055,4775,3062,1348,1825,1548,5539,361156.027,3768245.029
Vegetation,2093,3562,4314,2930,1487,1857,1774,4675,361153.424,3768196.499
Vegetation,2036,3695,4500,2880,1575,1853,1700,4432,361146.100,3768239.981
Vegetation,2180,3766,4500,3012,1574,1935,1901,5460,361144.435,3768188.179
Vegetation,2093,3562,4314,2930,1487,1857,1774,4675,361150.275,3768196.485
Vegetation,2093,3562,4314,2930,1487,1857,1774,4675,361153.959,3768193.535
Vegetation,1901,3686,4384,2715,1190,1624,1301,5732,361131.429,3768200.191
Vegetation,2020,3761,4622,2871,1328,1654,1401,5363,361130.304,3768187.570
Vegetation,1990,3561,4282,2828,1185,1474,1351,4151,361152.422,3768224.019
Vegetation,2002,3685,4502,2852,1331,1598,1448,5395,361147.036,3768196.966
Vegetation,1927,3839,4595,2781,1225,1488,1382,4554,361124.967,3768205.168
Vegetation,1883,3475,4148,2662,1251,1534,1372,3656,361140.189,3768218.877
Vegetation,1927,3839,4595,2781,1225,1488,1382,4554,361129.461,3768206.600
Vegetation,1942,3745,4612,2773,1167,1564,1252,5832,361139.500,3768193.274
Vegetation,1948,3451,4064,2732,1656,1990,1828,4344,361150.462,3768206.276
Vegetation,2074,3762,4523,2950,1247,1588,1409,4864,361150.914,3768232.980
Vegetation,2103,3847,4795,2926,1710,2074,1884,4944,361133.635,3768231.247
Vegetation,1883,3475,4148,2662,1251,1534,1372,3656,361141.632,3768213.540
Vegetation,1920,3747,4642,2781,1132,1362,1184,4847,361128.961,3768189.545
Vegetation,2103,3847,4795,2926,1710,2074,1884,4944,361130.689,3768237.184
Vegetation,1883,3475,4148,2662,1251,1534,1372,3656,361141.393,3768216.001
Vegetation,2093,3562,4314,2930,1487,1857,1774,4675,361151.502,3768196.811
Vegetation,1883,3475,4148,2662,1251,1534,1372,3656,361141.812,3768216.557
Vegetation,1942,3745,4612,2773,1167,1564,1252,5832,361139.358,3768192.805
Vegetation,2093,3562,4314,2930,1487,1857,1774,4675,361151.305,3768199.395
Vegetation,1901,3686,4384,2715,1190,1624,1301,5732,361136.910,3768200.245
Vegetation,1953,3517,4290,2771,1324,1518,1425,4067,361145.069,3768228.963
Vegetation,2074,3762,4523,2950,1247,1588,1409,4864,361157.164,3768237.466
Vegetation,1912,3798,4670,2755,1164,1388,1267,4532,361128.355,3768195.131
Vegetation,1901,3686,4384,2715,1190,1624,1301,5732,361135.975,3768204.239
Vegetation,2134,4235,5133,3072,1509,1880,1703,5275,361156.993,3768262.095
Vegetation,1976,3875,4655,2831,1454,1727,1618,5008,361129.126,3768210.015
Vegetation,1977,3990,4851,2888,1310,1727,1497,5035,361117.082,3768206.916
Vegetation,2036,4177,5114,2960,1256,1600,1397,5732,361112.575,3768222.928
Vegetation,2104,4002,4991,2946,1358,1754,1518,5905,361124.795,3768235.235
Vegetation,2131,4010,4778,2989,1731,2114,1961,4956,361144.565,3768245.834
Vegetation,1883,3475,4148,2662,1251,1534,1372,3656,361148.744,3768218.724
Vegetation,1931,3666,4372,2738,1191,1514,1320,4852,361137.742,3768217.935
Vegetation,1931,3666,4372,2738,1191,1514,1320,4852,361139.908,3768218.637
Vegetation,2031,3686,4576,2844,1456,1746,1602,3948,361132.381,3768223.222
Vegetation,1899,3531,4219,2689,1271,1476,1366,4416,361147.699,3768200.611
Vegetation,2039,4160,5087,2939,1224,1583,1345,5727,361119.363,3768230.298
Vegetation,1948,3451,4064,2732,1656,1990,1828,4344,361155.660,3768205.467
Vegetation,1912,3798,4670,2755,1164,1388,1267,4532,361121.678,3768192.810
Vegetation,1931,3666,4372,2738,1191,1514,1320,4852,361131.527,3768213.132
Vegetation,1914,3451,4054,2698,1451,1776,1630,4284,361150.372,3768218.701
Vegetation,1931,3666,4372,2738,1191,1514,1320,4852,361137.541,3768213.051
Vegetation,2031,3686,4576,2844,1456,1746,1602,3948,361138.292,3768226.972
Vegetation,1912,3798,4670,2755,1164,1388,1267,4532,361126.998,3768198.468
Vegetation,1953,3517,4290,2771,1324,1518,1425,4067,361146.536,3768224.966
Vegetation,1927,3839,4595,2781,1225,1488,1382,4554,361126.773,3768203.374
Vegetation,1942,3745,4612,2773,1167,1564,1252,5832,361139.179,3768197.120
Vegetation,2103,3847,4795,2926,1710,2074,1884,4944,361131.267,3768235.388
Vegetation,1899,3531,4219,2689,1271,1476,1366,4416,361148.542,3768201.316
Vegetation,2002,3685,4502,2852,1331,1598,1448,5395,361144.188,3768197.393
Vegetation,1976,3875,4655,2831,1454,1727,1618,5008,361125.883,3768215.391
Vegetation,2059,3906,4850,2907,1518,1854,1686,5384,361123.595,3768222.706
Vegetation,1948,3451,4064,2732,1656,1990,1828,4344,361156.757,3768202.933
Vegetation,1931,3666,4372,2738,1191,1514,1320,4852,361130.478,3768214.006
Vegetation,2020,3761,4622,2871,1328,1654,1401,5363,361130.135,3768187.058
Vegetation,1953,3517,4290,2771,1324,1518,1425,4067,361145.417,3768222.408
Vegetation,1883,3475,4148,2662,1251,1534,1372,3656,361140.453,3768211.102
Vegetation,2093,3562,4314,2930,1487,1857,1774,4675,361153.183,3768190.672
Vegetation,2131,4010,4778,2989,1731,2114,1961,4956,361141.210,3768248.692
Vegetation,1990,3561,4282,2828,1185,1474,1351,4151,361158.206,3768223.372
Vegetation,1883,3475,4148,2662,1251,1534,1372,3656,361147.097,3768219.840
Vegetation,1912,3798,4670,2755,1164,1388,1267,4532,361125.829,3768196.355
Vegetation,1948,3451,4064,2732,1656,1990,1828,4344,361155.542,3768201.463
Burned,1505,1540,1587,2337,1270,1282,1399,1595,344276.680,3770019.382
Burned,1820,1861,1913,2872,1572,1665,1874,2160,344275.189,3770077.649
Burned,1705,1722,1788,2913,1394,1461,1590,1763,344310.991,3770061.801
Burned,1672,1649,1710,2813,1426,1497,1686,1983,344311.276,3770132.655
Burned,1668,1656,1723,2429,1287,1354,1486,1716,344265.255,3769993.746
Burned,1361,1377,1429,2275,1200,1196,1287,1451,344317.376,3770117.117
Burned,1744,1781,1839,2945,1410,1536,1738,2033,344312.812,3770023.155
Burned,1416,1448,1496,2247,1204,1239,1298,1391,344281.729,3770092.193
Burned,1589,1626,1673,2561,1411,1505,1636,1892,344294.707,3770084.522
Burned,1514,1535,1583,2259,1211,1254,1372,1503,344265.740,3770002.755
Burned,1680,1685,1731,2621,1422,1500,1614,1883,344259.446,3770039.349
Burned,1799,1862,1904,2920,1461,1548,1730,2048,344284.981,3770059.976
Burned,1416,1448,1496,2247,1204,1239,1298,1391,344284.573,3770096.879
Burned,1243,1270,1300,1981,1089,1078,1101,1151,344296.041,3770106.945
Burned,1410,1430,1504,2213,1288,1250,1327,1417,344272.592,3770095.077
Burned,1699,1735,1792,2974,1368,1460,1610,1873,344320.678,3770059.494
Burned,1897,1939,1977,2998,1522,1637,1875,2208,344279.663,3770067.076
Burned,1634,1671,1734,2643,1333,1375,1502,1798,344285.607,3770038.696
Burned,1610,1646,1720,2556,1524,1528,1665,1956,344278.744,3770088.870
Burned,1665,1633,1704,2812,1386,1440,1604,1902,344309.034,3770132.024
Burned,1717,1751,1805,2984,1368,1468,1654,1924,344326.217,3770042.134
Burned,1487,1482,1542,2470,1325,1357,1480,1707,344302.274,3770124.581
Burned,1410,1430,1504,2213,1288,1250,1327,1417,344274.265,3770090.261
Burned,1642,1665,1703,2575,1418,1464,1619,1826,344262.506,3770039.436
Burned,1597,1637,1696,2635,1266,1374,1492,1730,344298.028,3770009.985
Burned,1545,1578,1625,2429,1301,1349,1432,1652,344275.224,3770023.880
Burned,1728,1755,1808,2913,1402,1556,1714,2007,344310.553,3770011.619
Burned,1597,1646,1689,2705,1423,1500,1598,1864,344321.080,3770081.770
Burned,1664,1703,1760,2796,1295,1384,1572,1821,344305.696,3770002.168
Burned,1634,1671,1734,2643,1333,1375,1502,1798,344286.925,3770033.869
Burned,1665,1633,1704,2812,1386,1440,1604,1902,344305.733,3770139.799
Burned,1597,1646,1689,2705,1423,1500,1598,1864,344320.326,3770088.123
Burned,1642,1665,1703,2575,1418,1464,1619,1826,344263.717,3770030.902
Burned,1680,1685,1731,2621,1422,1500,1614,1883,344258.264,3770037.172
Burned,1401,1412,1472,2333,1318,1314,1412,1594,344294.036,3770129.726
Burned,1908,1930,1966,2989,1650,1666,1833,2109,344269.038,3770067.382
Burned,1705,1746,1818,2856,1360,1454,1593,1906,344309.286,3770027.380
Burned,1626,1658,1734,2679,1330,1443,1574,1852,344292.677,3770023.566
Burned,1748,1792,1858,2942,1393,1520,1702,2002,344304.748,3770054.350
Burned,1768,1832,1886,2922,1332,1498,1658,1996,344290.308,3770054.312
Burned,1401,1412,1472,2333,1318,1314,1412,1594,344294.138,3770122.206
Burned,1820,1861,1913,2872,1572,1665,1874,2160,344276.523,3770072.643
Burned,1237,1257,1294,2001,1140,1139,1187,1217,344294.303,3770110.832
Burned,1548,1571,1623,2354,1283,1341,1462,1664,344275.322,3770001.516
Burned,1746,1771,1838,2920,1446,1537,1668,1931,344308.910,3770067.909
Burned,1686,1712,1756,2954,1344,1435,1589,1784,344330.093,3770049.563
Burned,1456,1473,1526,2384,1215,1315,1354,1481,344312.335,3770097.907
Burned,1529,1528,1585,2558,1308,1393,1480,1741,344311.635,3770126.564
Burned,1750,1787,1822,2797,1446,1542,1690,2026,344278.471,3770046.379
Burned,1595,1624,1691,2504,1532,1542,1651,1882,344266.976,3770084.052
Burned,1787,1792,1825,2776,1728,1775,1846,2127,344254.916,3770076.024
Burned,1700,1723,1773,2872,1380,1494,1623,1971,344319.178,3770002.408
Burned,1705,1725,1749,2895,1395,1456,1614,1834,344333.235,3770026.368
Burned,1810,1832,1872,2866,1530,1626,1747,2038,344255.660,3770047.347
Burned,1817,1840,1888,2839,1631,1736,1825,2154,344260.518,3770079.542
Burned,1748,1790,1852,2967,1396,1502,1678,1919,344316.708,3770031.821
Burned,1336,1359,1410,2217,1118,1171,1191,1269,344310.113,3770109.317
Burned,1908,1930,1966,2989,1650,1666,1833,2109,344268.895,3770065.527
Burned,1218,1212,1265,1844,1116,1061,1092,1155,344276.843,3770102.743
Burned,1300,1317,1360,2137,1191,1159,1244,1315,344300.169,3770116.027
Burned,1744,1781,1839,2945,1410,1536,1738,2033,344317.018,3770024.154
Burned,1894,1898,1932,2965,1691,1754,1884,2115,344258.073,3770067.161
Burned,1456,1473,1526,2384,1215,1315,1354,1481,344315.619,3770094.253
Burned,1666,1707,1780,2746,1333,1451,1603,1904,344298.420,3770030.762
Burned,1190,1203,1239,1875,1145,1140,1127,1135,344284.567,3770115.434
Burned,1223,1240,1275,1903,1076,1097,1110,1142,344283.817,3770103.621
Burned,1717,1751,1805,2984,1368,1468,1654,1924,344325.969,3770041.688
Burned,1705,1746,1818,2856,1360,1454,1593,1906,344302.171,3770023.749
Burned,1456,1473,1526,2384,1215,1315,1354,1481,344319.166,3770096.678
Burned,1410,1430,1504,2213,1288,1250,1327,1417,344275.261,3770096.331
Burned,1601,1631,1700,2648,1306,1384,1494,1730,344299.262,3770013.905
Burned,1740,1791,1859,2932,1354,1491,1696,2013,344303.044,3770049.639
Burned,1696,1697,1721,2843,1411,1464,1600,1785,344331.849,3770019.956
Burned,1626,1660,1704,2583,1313,1421,1564,1828,344272.876,3770038.750
Burned,1696,1697,1721,2843,1411,1464,1600,1785,344330.365,3770015.414
Burned,1529,1528,1585,2558,1308,1393,1480,1741,344315.272,3770121.674
Burned,1401,1412,1472,2333,1318,1314,1412,1594,344299.326,3770126.016
Burned,1545,1578,1625,2429,1301,1349,1432,1652,344270.233,3770025.886
Burned,1634,1671,1734,2643,1333,1375,1502,1798,344288.562,3770037.716
Burned,1361,1377,1429,2275,1200,1196,1287,1451,344310.435,3770116.320
Burned,1672,1649,1710,2813,1426,1497,1686,1983,344315.193,3770131.436
Burned,1720,1779,1839,2849,1310,1398,1553,1875,344293.381,3770049.638
Burned,1768,1832,1886,2922,1332,1498,1658,1996,344294.965,3770059.237
Burned,1860,1923,1967,2991,1490,1594,1894,2255,344285.438,3770067.954
Burned,1908,1930,1966,2989,1650,1666,1833,2109,344266.895,3770069.461
Burned,1744,1781,1839,2945,1410,1536,1738,2033,344313.888,3770029.807
Burned,1750,1798,1849,2845,1491,1581,1769,2093,344292.158,3770077.295
Burned,1456,1473,1526,2384,1215,1315,1354,1481,344313.098,3770092.157
Burned,1487,1482,1542,2470,1325,1357,1480,1707,344300.011,3770123.309
Burned,1894,1898,1932,2965,1691,1754,1884,2115,344252.173,3770060.107
Burned,1300,1317,1360,2137,1191,1159,1244,1315,344300.725,3770112.182
Burned,1740,1791,1859,2932,1354,1491,1696,2013,344309.426,3770046.395
Burned,1724,1769,1842,2891,1347,1488,1675,1969,344308.270,3770035.407
Burned,1529,1528,1585,2558,1308,1393,1480,1741,344314.838,3770125.708
Burned,1699,1735,1792,2974,1368,1460,1610,1873,344326.164,3770054.953
Burned,1740,1791,1859,2932,1354,1491,1696,2013,344302.869,3770047.630
Burned,1699,1735,1792,2974,1368,1460,1610,1873,344320.244,3770056.615
Burned,1606,1652,1705,2571,1475,1488,1669,1978,344284.045,3770088.311
Burned,1606,1652,1705,2571,1475,1488,1669,1978,344286.455,3770084.849
Burned,1420,1449,1490,2273,1212,1224,1259,1427,344290.282,3770090.397
Burned,1505,1540,1587,2337,1270,1282,1399,1595,344273.807,3770016.066
Burned,1514,1535,1583,2259,1211,1254,1372,1503,344263.179,3770001.982
Burned,1529,1528,1585,2558,1308,1393,1480,1741,344316.346,3770120.468
Burned,1705,1722,1788,2913,1394,1461,1590,1763,344314.224,3770068.678
Burned,1705,1722,1788,2913,1394,1461,1590,1763,344311.925,3770068.812
Burned,1664,1703,1760,2796,1295,1384,1572,1821,344301.912,3770002.072
Burned,1597,1637,1696,2635,1266,1374,1492,1730,344298.545,3770005.807
Burned,1410,1430,1504,2213,1288,1250,1327,1417,344273.683,3770099.794
Burned,1190,1203,1239,1875,1145,1140,1127,1135,344286.416,3770119.028
Burned,1720,1779,1839,2849,1310,1398,1553,1875,344291.879,3770041.701
Burned,1750,1787,1822,2797,1446,1542,1690,2026,344273.866,3770048.812
Burned,1720,1779,1839,2849,1310,1398,1553,1875,344292.456,3770046.337
Burned,1456,1473,1526,2384,1215,1315,1354,1481,344315.555,3770097.082
Burned,1559,1593,1651,2488,1283,1389,1476,1682,344288.137,3770007.273
Burned,1682,1696,1760,2781,1452,1490,1626,1831,344303.519,3770074.384
Burned,1600,1588,1663,2739,1372,1400,1580,1772,344298.157,3770134.657
Burned,1817,1840,1888,2839,1631,1736,1825,2154,344264.954,3770075.794
Burned,1190,1203,1239,1875,1145,1140,1127,1135,344283.702,3770112.162
Burned,1779,1805,1838,2818,1527,1618,1782,2118,344265.194,3770043.788
Burned,1820,1861,1913,2872,1572,1665,1874,2160,344272.467,3770076.309
Burned,1410,1430,1504,2213,1288,1250,1327,1417,344270.072,3770097.313
Burned,1868,1894,1925,2956,1542,1611,1772,2018,344260.291,3770059.691
Burned,1625,1671,1720,2546,1387,1462,1574,1781,344287.506,3769998.082
Burned,1401,1412,1472,2333,1318,1314,1412,1594,344297.051,3770121.403
Burned,1817,1840,1888,2839,1631,1736,1825,2154,344263.905,3770070.600
Burned,1791,1740,1804,3042,1619,1698,1973,2246,344313.623,3770144.237
Burned,1420,1449,1490,2273,1212,1224,1259,1427,344292.730,3770090.413
Burned,1748,1792,1858,2942,1393,1520,1702,2002,344305.648,3770050.361
Burned,1820,1861,1913,2872,1572,1665,1874,2160,344275.266,3770078.613
Burned,1664,1703,1760,2796,1295,1384,1572,1821,344309.854,3770005.681
Burned,1744,1761,1797,2947,1458,1569,1756,2032,344323.806,3770024.263
Burned,1799,1862,1904,2920,1461,1548,1730,2048,344286.013,3770055.889
Burned,1881,1903,1939,2981,1578,1636,1798,2024,344258.680,3770055.639
Burned,1539,1565,1605,2384,1278,1286,1378,1549,344263.072,3770022.885
Burned,1740,1791,1859,2932,1354,1491,1696,2013,344301.289,3770040.494
Burned,1725,1759,1826,2959,1417,1486,1678,1961,344318.581,3770054.501
Burned,1595,1624,1691,2504,1532,1542,1651,1882,344262.625,3770087.355
Burned,1589,1626,1673,2561,1411,1505,1636,1892,344292.262,3770082.465
Burned,1746,1771,1838,2920,1446,1537,1668,1931,344308.486,3770069.210
Burned,1725,1759,1826,2959,1417,1486,1678,1961,344319.398,3770058.942
Burned,1223,1240,1275,1903,1076,1097,1110,1142,344287.697,3770102.876
Burned,1541,1570,1634,2485,1268,1364,1476,1682,344280.103,3770016.416
Burned,1724,1777,1827,2804,1364,1410,1525,1808,344281.782,3770048.509
Burned,1410,1430,1504,2213,1288,1250,1327,1417,344271.617,3770094.833
Burned,1336,1359,1410,2217,1118,1171,1191,1269,344311.769,3770102.372
Burned,1720,1779,1839,2849,1310,1398,1553,1875,344290.531,3770049.428
Burned,1218,1212,1265,1844,1116,1061,1092,1155,344270.903,3770100.245
Burned,1746,1771,1838,2920,1446,1537,1668,1931,344303.255,3770065.293
Burned,1796,1853,1900,2875,1544,1632,1864,2187,344286.582,3770079.024
Burned,1779,1805,1838,2818,1527,1618,1782,2118,344265.302,3770045.120
Burned,1596,1605,1629,2453,1424,1438,1557,1664,345186.640,3769661.559
Burned,1682,1686,1718,2587,1403,1504,1582,1785,345190.383,3769674.085
Burned,1596,1605,1629,2453,1424,1438,1557,1664,345186.520,3769667.301
Burned,1608,1616,1641,2478,1407,1457,1526,1691,345186.484,3769672.637
Burned,1537,1548,1596,2422,1258,1289,1445,1611,345222.186,3769593.284
Burned,1466,1455,1488,2344,1288,1328,1422,1572,345205.758,3769584.605
Burned,1596,1605,1629,2453,1424,1438,1557,1664,345185.362,3769662.884
Burned,1472,1454,1489,2324,1151,1195,1234,1362,345207.466,3769592.962
Burned,1499,1530,1565,2385,1164,1186,1222,1343,345233.100,3769635.929
Burned,1644,1673,1702,2520,1468,1506,1570,1687,345198.673,3769656.172
Burned,1491,1514,1568,2373,1279,1292,1391,1572,345205.134,3769604.384
Burned,1544,1559,1592,2390,1422,1452,1508,1665,345186.710,3769648.646
Burned,1404,1420,1469,2238,1259,1278,1383,1511,345170.363,3769621.280
Burned,1468,1530,1562,2314,1167,1189,1260,1458,345236.036,3769644.281
Burned,1497,1501,1546,2324,1373,1406,1487,1585,345156.319,3769670.115
Burned,1608,1616,1641,2478,1407,1457,1526,1691,345185.879,3769679.386
Burned,1404,1420,1469,2238,1259,1278,1383,1511,345179.152,3769624.204
Burned,1436,1441,1486,2347,1305,1346,1471,1660,345173.503,3769596.177
Burned,1442,1463,1510,2309,1249,1315,1364,1514,345186.117,3769615.099
Burned,1568,1586,1615,2419,1458,1448,1552,1655,345188.055,3769651.550
Burned,1790,1781,1834,2732,1455,1529,1700,1915,345207.110,3769677.976
Burned,1644,1673,1702,2520,1468,1506,1570,1687,345190.288,3769656.281
Burned,1702,1743,1779,2598,1395,1434,1569,1757,345218.645,3769640.831
Burned,1484,1488,1526,2309,1339,1356,1413,1628,345174.252,3769646.528
Burned,1634,1615,1678,2545,1482,1578,1664,1984,345213.619,3769627.500
Burned,1454,1475,1525,2337,1213,1292,1382,1594,345196.787,3769606.859
Burned,1523,1524,1558,2348,1440,1491,1542,1690,345174.952,3769650.102
Burned,1756,1797,1837,2654,1567,1731,1904,2137,345213.210,3769656.492
Burned,1523,1524,1558,2348,1440,1491,1542,1690,345175.970,3769656.750
Burned,1513,1511,1556,2378,1340,1368,1487,1727,345222.393,3769588.003
Burned,1568,1571,1603,2405,1436,1480,1528,1674,345178.797,3769671.866
Burned,1454,1475,1525,2337,1213,1292,1382,1594,345196.429,3769604.178
Burned,1719,1746,1781,2613,1425,1440,1547,1729,345207.416,3769647.300
Burned,1860,1845,1908,2796,1461,1498,1651,1890,345212.726,3769677.894
Burned,1818,1855,1891,2795,1491,1518,1688,1914,345216.237,3769686.276
Burned,1458,1457,1497,2394,1221,1244,1339,1516,345185.353,3769587.566
Burned,1523,1524,1558,2348,1440,1491,1542,1690,345176.684,3769651.945
Burned,1523,1524,1558,2348,1440,1491,1542,1690,345175.481,3769656.355
Burned,1458,1457,1497,2394,1221,1244,1339,1516,345182.897,3769584.373
Burned,1813,1810,1870,2679,1658,1844,2010,2319,345225.061,3769667.320
Burned,1479,1478,1514,2295,1353,1372,1460,1604,345166.763,3769654.792
Burned,1530,1533,1571,2353,1406,1438,1532,1626,345162.896,3769671.817
Burned,1551,1556,1588,2379,1432,1474,1526,1663,345173.361,3769661.911
Burned,1719,1746,1781,2613,1425,1440,1547,1729,345207.302,3769648.332
Burned,1473,1515,1565,2433,1371,1418,1518,1738,345207.600,3769577.266
Burned,1887,1916,1959,2822,1457,1570,1746,2072,345225.997,3769682.977
Burned,1494,1515,1566,2376,1326,1383,1462,1650,345199.246,3769619.984
Burned,1890,1878,1939,2779,1453,1549,1758,2006,345227.293,3769677.973
Burned,1890,1878,1939,2779,1453,1549,1758,2006,345223.143,3769674.184
Burned,1513,1511,1556,2378,1340,1368,1487,1727,345221.972,3769589.410
Burned,1719,1746,1781,2613,1425,1440,1547,1729,345209.614,3769640.479
Burned,1636,1605,1666,2531,1500,1562,1648,1883,345200.284,3769626.888
Burned,1565,1629,1696,2528,1420,1465,1596,1830,345221.376,3769615.596
Burned,1756,1797,1837,2654,1567,1731,1904,2137,345216.468,3769651.876
Burned,1476,1516,1549,2465,1340,1418,1498,1714,345191.243,3769578.449
Burned,1887,1916,1959,2822,1457,1570,1746,2072,345220.296,3769687.022
Burned,1557,1617,1683,2509,1311,1367,1471,1758,345220.276,3769609.394
Burned,1694,1666,1717,2588,1501,1524,1662,1838,345208.180,3769635.474
Burned,1644,1673,1702,2520,1468,1506,1570,1687,345190.760,3769659.631
Burned,1557,1617,1683,2509,1311,1367,1471,1758,345229.445,3769600.076
Burned,1636,1605,1666,2531,1500,1562,1648,1883,345204.537,3769623.249
Burned,1491,1492,1533,2340,1278,1358,1428,1601,345187.050,3769623.009
Burned,1580,1644,1702,2586,1413,1488,1638,1891,345236.288,3769619.076
Burned,1557,1617,1683,2509,1311,1367,1471,1758,345227.608,3769604.689
Burned,1573,1636,1669,2446,1253,1338,1446,1666,345225.671,3769642.143
Burned,1508,1512,1551,2326,1412,1431,1514,1673,345166.700,3769663.254
Burned,1435,1430,1475,2328,1283,1327,1424,1567,345181.138,3769590.787
Burned,1702,1743,1779,2598,1395,1434,1569,1757,345216.915,3769641.518
Burned,1752,1785,1821,2653,1498,1535,1667,1833,345206.254,3769656.290
Burned,1694,1666,1717,2588,1501,1524,1662,1838,345204.012,3769633.867
Burned,1494,1515,1566,2376,1326,1383,1462,1650,345195.882,3769618.086
Burned,1634,1615,1678,2545,1482,1578,1664,1984,345212.481,3769621.575
Burned,1569,1602,1670,2492,1462,1522,1677,1912,345211.274,3769611.336
Burned,1387,1409,1459,2239,1245,1263,1336,1470,345175.611,3769610.188
Burned,1398,1416,1464,2275,1250,1282,1356,1483,345174.103,3769603.155
Burned,1752,1785,1821,2653,1498,1535,1667,1833,345209.169,3769659.487
Burned,1540,1574,1610,2622,1252,1310,1401,1639,345181.212,3769569.906
Burned,1447,1435,1476,2320,1167,1211,1280,1411,345193.133,3769595.668
Burned,1568,1586,1615,2419,1458,1448,1552,1655,345189.154,3769658.280
Burned,1466,1455,1488,2344,1288,1328,1422,1572,345204.291,3769584.923
Burned,1573,1636,1669,2446,1253,1338,1446,1666,345229.636,3769645.882
Burned,1636,1605,1666,2531,1500,1562,1648,1883,345208.941,3769621.984
Burned,1752,1785,1821,2653,1498,1535,1667,1833,345209.214,3769656.271
Burned,1502,1492,1529,2358,1171,1217,1279,1454,345218.514,3769590.875
Burned,1387,1409,1459,2239,1245,1263,1336,1470,345178.595,3769613.053
Burned,1387,1409,1459,2239,1245,1263,1336,1470,345170.240,3769615.643
Burned,1436,1446,1492,2262,1230,1274,1373,1484,345173.550,3769632.617
Burned,1655,1710,1750,2522,1513,1652,1780,2134,345221.014,3769655.164
Burned,1887,1916,1959,2822,1457,1570,1746,2072,345224.537,3769685.490
Burned,1491,1514,1568,2373,1279,1292,1391,1572,345201.611,3769609.890
Burned,1540,1574,1610,2622,1252,1310,1401,1639,345180.885,3769569.514
Burned,1536,1568,1612,2476,1300,1367,1442,1639,345236.946,3769626.448
Burned,1523,1524,1558,2348,1440,1491,1542,1690,345174.405,3769652.969
Burned,1694,1666,1717,2588,1501,1524,1662,1838,345205.408,3769639.172
Burned,1568,1553,1599,2438,1412,1438,1566,1747,345191.391,3769628.685
Burned,1569,1602,1670,2492,1462,1522,1677,1912,345210.991,3769614.018
Burned,1620,1653,1700,2663,1456,1510,1648,1874,345241.559,3769600.577
Burned,1622,1645,1677,2491,1445,1486,1575,1689,345196.284,3769647.028
Burned,1404,1420,1469,2238,1259,1278,1383,1511,345173.887,3769628.357
Burned,1508,1512,1551,2326,1412,1431,1514,1673,345167.516,3769667.339
Burned,1455,1448,1484,2363,1251,1260,1343,1521,345194.870,3769587.632
Burned,1568,1586,1615,2419,1458,1448,1552,1655,345188.349,3769651.905
Burned,1588,1648,1709,2586,1446,1470,1618,1890,345236.083,3769607.093
Burned,1530,1533,1571,2353,1406,1438,1532,1626,345167.077,3769677.972
Burned,1677,1680,1713,2563,1480,1550,1627,1829,345195.774,3769662.729
Burned,1604,1619,1651,2494,1426,1447,1544,1716,345189.395,3769680.192
Burned,1561,1581,1634,2477,1416,1493,1614,1796,345237.208,3769599.336
Burned,1682,1686,1718,2587,1403,1504,1582,1785,345198.726,3769678.369
Burned,1536,1568,1612,2476,1300,1367,1442,1639,345230.311,3769627.541
Burned,1608,1616,1641,2478,1407,1457,1526,1691,345189.113,3769674.794
Burned,1568,1586,1615,2419,1458,1448,1552,1655,345184.857,3769653.828
Burned,1466,1455,1488,2344,1288,1328,1422,1572,345205.964,3769580.447
Burned,1382,1402,1445,2199,1232,1266,1322,1450,345162.905,3769635.417
Burned,1790,1781,1834,2732,1455,1529,1700,1915,345208.464,3769674.203
Burned,1694,1666,1717,2588,1501,1524,1662,1838,345208.058,3769634.268
Burned,1522,1532,1587,2548,1299,1342,1430,1641,345177.640,3769577.290
Burned,1566,1586,1627,2453,1261,1338,1458,1622,345221.374,3769637.899
Burned,1588,1648,1709,2586,1446,1470,1618,1890,345234.550,3769604.138
Burned,1622,1645,1677,2491,1445,1486,1575,1689,345190.242,3769649.045
Burned,1890,1878,1939,2779,1453,1549,1758,2006,345223.814,3769674.837
Burned,1484,1488,1526,2309,1339,1356,1413,1628,345175.256,3769646.711
Burned,1447,1435,1476,2320,1167,1211,1280,1411,345190.877,3769590.338
Burned,1655,1710,1750,2522,1513,1652,1780,2134,345229.722,3769650.409
Burned,1655,1710,1750,2522,1513,1652,1780,2134,345225.642,3769654.114
Burned,1476,1516,1549,2465,1340,1418,1498,1714,345193.057,3769574.330
Burned,1565,1629,1696,2528,1420,1465,1596,1830,345227.571,3769610.139
Burned,1887,1916,1959,2822,1457,1570,1746,2072,345227.315,3769686.816
Burned,1485,1476,1512,2349,1292,1332,1460,1709,345218.079,3769582.889
Burned,1752,1785,1821,2653,1498,1535,1667,1833,345209.959,3769659.879
Burned,1466,1455,1488,2344,1288,1328,1422,1572,345204.800,3769583.270
Burned,1572,1590,1642,2524,1363,1439,1537,1767,345241.228,3769590.935
Burned,1679,1662,1714,2580,1461,1545,1634,1866,345210.137,3769634.678
Burned,1557,1617,1683,2509,1311,1367,1471,1758,345220.960,3769601.196
Burned,1491,1514,1568,2373,1279,1292,1391,1572,345204.958,3769607.957
Burned,1473,1515,1565,2433,1371,1418,1518,1738,345207.739,3769579.540
Burned,1565,1629,1696,2528,1420,1465,1596,1830,345226.060,3769616.900
Burned,1608,1616,1641,2478,1407,1457,1526,1691,345187.208,3769674.463
Burned,1813,1810,1870,2679,1658,1844,2010,2319,345220.518,3769662.254
Burned,1494,1515,1566,2376,1326,1383,1462,1650,345194.901,3769619.575
Burned,1608,1616,1641,2478,1407,1457,1526,1691,345189.792,3769673.924
Burned,1813,1810,1870,2679,1658,1844,2010,2319,345222.919,3769668.879
Burned,1608,1616,1641,2478,1407,1457,1526,1691,345188.239,3769673.004
Burned,1468,1530,1562,2314,1167,1189,1260,1458,345232.637,3769640.616
Burned,1523,1524,1558,2348,1440,1491,1542,1690,345171.837,3769651.541
Burned,1546,1564,1627,2442,1440,1495,1580,1802,345200.599,3769610.628
Burned,1573,1636,1669,2446,1253,1338,1446,1666,345229.601,3769641.047
Burned,1890,1878,1939,2779,1453,1549,1758,2006,345226.760,3769679.033
Burned,1702,1743,1779,2598,1395,1434,1569,1757,345219.329,3769649.253
Burned,1442,1463,1510,2309,1249,1315,1364,1514,345184.546,3769613.342
Burned,1569,1602,1670,2492,1462,1522,1677,1912,345212.847,3769614.442
Burned,1736,1777,1813,2891,1428,1578,1752,1989,343099.514,3769807.024
Burned,1777,1788,1828,2946,1410,1524,1686,1954,343100.860,3769816.774
Burned,1788,1830,1873,2930,1418,1514,1658,1921,343154.581,3769828.975
Burned,1875,1911,1971,3072,1514,1678,1886,2182,343132.079,3769810.400
Burned,1721,1766,1839,2931,1412,1499,1620,1856,343126.033,3769790.083
Burned,1511,1558,1600,2613,1296,1368,1457,1645,343141.601,3769754.214
Burned,1808,1844,1887,3010,1482,1547,1749,2054,343148.666,3769800.780
Burned,1463,1517,1558,2547,1314,1359,1435,1634,343136.593,3769754.670
Burned,1734,1727,1777,2887,1368,1432,1568,1779,343100.866,3769829.576
Burned,1737,1765,1816,2949,1427,1512,1665,1937,343162.344,3769769.502
Burned,1656,1683,1736,2721,1330,1410,1511,1735,343128.454,3769843.181
Burned,1846,1886,1930,3026,1472,1607,1794,2103,343142.544,3769812.057
Burned,1845,1854,1913,3006,1492,1598,1772,2056,343127.591,3769821.888
Burned,1638,1645,1696,2813,1356,1436,1525,1755,343112.306,3769787.645
Burned,1500,1539,1584,2587,1322,1388,1474,1645,343145.635,3769745.822
Burned,1777,1788,1828,2946,1410,1524,1686,1954,343104.634,3769817.033
Burned,1798,1811,1854,2992,1422,1560,1737,2027,343110.326,3769806.672
Burned,1564,1598,1641,2718,1343,1396,1510,1732,343143.050,3769760.538
Burned,1867,1892,1953,3065,1506,1636,1804,2091,343126.959,3769815.833
Burned,1656,1683,1736,2721,1330,1410,1511,1735,343129.192,3769841.222
Burned,1516,1537,1595,2621,1347,1414,1536,1717,343119.576,3769761.480
Burned,1648,1685,1752,2833,1345,1414,1518,1755,343129.465,3769785.956
Burned,1821,1828,1874,3004,1476,1634,1836,2114,343114.378,3769813.019
Burned,1768,1782,1816,2942,1538,1612,1789,2078,343108.297,3769806.403
Burned,1656,1683,1736,2721,1330,1410,1511,1735,343128.136,3769843.151
Burned,1846,1886,1930,3026,1472,1607,1794,2103,343146.857,3769811.004
Burned,1539,1559,1597,2638,1329,1388,1511,1705,343123.491,3769761.925
Burned,1564,1598,1641,2718,1343,1396,1510,1732,343144.533,3769762.840
Burned,1793,1830,1864,2961,1398,1446,1574,1817,343159.168,3769817.728
Burned,1866,1891,1949,3024,1503,1630,1860,2168,343132.199,3769823.185
Burned,1793,1830,1864,2961,1398,1446,1574,1817,343159.584,3769814.740
Burned,1688,1688,1738,2813,1410,1471,1614,1833,343108.640,3769839.177
Burned,1718,1721,1774,2843,1414,1488,1626,1874,343111.322,3769838.626
Burned,1516,1537,1595,2621,1347,1414,1536,1717,343113.479,3769765.727
Burned,1841,1884,1936,2991,1542,1693,1912,2215,343140.222,3769827.294
Burned,1782,1824,1880,2889,1499,1628,1818,2176,343143.372,3769833.067
Burned,1821,1828,1874,3004,1476,1634,1836,2114,343112.018,3769818.169
Burned,1564,1598,1641,2718,1343,1396,1510,1732,343149.866,3769762.959
Burned,1775,1784,1840,2892,1422,1547,1686,1932,343128.742,3769832.202
Burned,1689,1710,1756,2901,1376,1436,1547,1777,343153.477,3769787.419
Burned,1737,1765,1816,2949,1427,1512,1665,1937,343162.475,3769761.413
Burned,1782,1824,1880,2889,1499,1628,1818,2176,343147.866,3769839.604
Burned,1866,1891,1949,3024,1503,1630,1860,2168,343137.634,3769823.639
Burned,1779,1774,1826,2939,1465,1560,1734,1950,343111.523,3769824.525
Burned,1615,1643,1688,2805,1388,1460,1585,1821,343143.783,3769779.958
Burned,1666,1695,1750,2723,1369,1476,1620,1865,343134.091,3769845.874
Burned,1773,1803,1836,2962,1375,1451,1593,1781,343158.867,3769806.065
Burned,1668,1706,1764,2720,1382,1470,1604,1829,343140.282,3769840.011
Burned,1442,1513,1547,2505,1326,1383,1485,1719,343116.908,3769759.704
Burned,1689,1710,1756,2901,1376,1436,1547,1777,343152.647,3769780.780
Burned,1638,1645,1696,2813,1356,1436,1525,1755,343117.204,3769789.166
Burned,1656,1696,1750,2701,1376,1424,1536,1733,343154.572,3769846.359
Burned,1442,1513,1547,2505,1326,1383,1485,1719,343116.582,3769756.851
Burned,1608,1619,1667,2745,1371,1402,1543,1734,343124.231,3769777.980
Burned,1773,1803,1836,2962,1375,1451,1593,1781,343151.418,3769805.702
Burned,1736,1771,1815,2891,1364,1440,1584,1852,343096.820,3769816.714
Burned,1788,1830,1873,2930,1418,1514,1658,1921,343156.335,3769824.286
Burned,1734,1727,1777,2887,1368,1432,1568,1779,343103.468,3769821.055
Burned,1516,1537,1595,2621,1347,1414,1536,1717,343114.489,3769763.875
Burned,1737,1765,1816,2949,1427,1512,1665,1937,343160.220,3769760.677
Burned,1472,1529,1577,2561,1248,1276,1366,1537,343136.078,3769741.300
Burned,1715,1743,1773,2877,1396,1504,1648,1878,343160.207,3769813.517
Burned,1648,1685,1752,2833,1345,1414,1518,1755,343125.438,3769781.285
Burned,1711,1722,1766,2902,1360,1448,1556,1782,343118.123,3769797.707
Burned,1736,1777,1813,2891,1428,1578,1752,1989,343098.453,3769808.118
Burned,1656,1701,1767,2853,1374,1433,1583,1809,343133.416,3769780.533
Burned,1846,1886,1930,3026,1472,1607,1794,2103,343149.794,3769810.070
Burned,1711,1722,1766,2902,1360,1448,1556,1782,343112.999,3769792.063
Burned,1808,1844,1887,3010,1482,1547,1749,2054,343146.501,3769808.705
Burned,1581,1615,1667,2558,1329,1396,1508,1715,343150.036,3769852.647
Burned,1718,1721,1774,2843,1414,1488,1626,1874,343111.595,3769833.880
Burned,1463,1517,1558,2547,1314,1359,1435,1634,343132.911,3769757.404
Burned,1708,1729,1760,2841,1346,1448,1557,1778,343160.517,3769820.281
Burned,1689,1710,1756,2901,1376,1436,1547,1777,343157.186,3769780.117
Burned,1663,1693,1741,2875,1378,1438,1574,1805,343141.166,3769786.647
Burned,1555,1579,1612,2670,1362,1411,1539,1749,343138.624,3769761.110
Burned,1656,1684,1734,2868,1349,1443,1558,1789,343157.602,3769776.443
Burned,1656,1684,1734,2868,1349,1443,1558,1789,343151.768,3769778.944
Burned,1648,1685,1752,2833,1345,1414,1518,1755,343120.896,3769787.193
Burned,1668,1706,1764,2720,1382,1470,1604,1829,343148.305,3769841.000
Burned,1668,1706,1764,2720,1382,1470,1604,1829,343141.716,3769847.940
Burned,1608,1619,1667,2745,1371,1402,1543,1734,343126.259,3769778.193
Burned,1463,1517,1558,2547,1314,1359,1435,1634,343136.602,3769754.452
Burned,1656,1683,1736,2721,1330,1410,1511,1735,343129.408,3769845.680
Burned,1828,1874,1939,3046,1585,1750,2036,2353,343132.760,3769801.333
Burned,1711,1722,1766,2902,1360,1448,1556,1782,343111.177,3769796.049
Burned,1734,1727,1777,2887,1368,1432,1568,1779,343109.694,3769825.199
Burned,1715,1743,1773,2877,1396,1504,1648,1878,343160.092,3769816.372
Burned,1666,1695,1750,2723,1369,1476,1620,1865,343138.331,3769841.447
Burned,1656,1683,1736,2721,1330,1410,1511,1735,343128.557,3769845.064
Burned,1828,1874,1939,3046,1585,1750,2036,2353,343136.105,3769800.027
Burned,1564,1598,1641,2718,1343,1396,1510,1732,343144.561,3769763.253
Burned,1561,1560,1634,2700,1275,1345,1449,1629,343109.872,3769776.035
Burned,1728,1750,1790,2932,1380,1411,1557,1775,343153.693,3769795.855
Burned,1656,1684,1734,2868,1349,1443,1558,1789,343153.600,3769773.207
Burned,1688,1688,1738,2813,1410,1471,1614,1833,343104.848,3769832.036
Burned,1561,1560,1634,2700,1275,1345,1449,1629,343109.595,3769778.719
Burned,1788,1830,1873,2930,1418,1514,1658,1921,343155.803,3769827.801
Burned,1619,1640,1682,2772,1394,1504,1629,1837,343131.254,3769772.956
Burned,1648,1685,1752,2833,1345,1414,1518,1755,343121.313,3769786.906
Burned,1679,1703,1739,2770,1360,1412,1542,1779,343161.923,3769831.137
Burned,1721,1766,1839,2931,1412,1499,1620,1856,343121.840,3769793.280
Burned,1716,1755,1806,2902,1359,1473,1615,1899,343163.737,3769750.579
Burned,1561,1560,1634,2700,1275,1345,1449,1629,343107.975,3769770.565
Burned,1561,1560,1634,2700,1275,1345,1449,1629,343105.964,3769779.710
Burned,1656,1684,1734,2868,1349,1443,1558,1789,343152.638,3769770.659
Burned,1666,1695,1750,2723,1369,1476,1620,1865,343137.741,3769844.461
Burned,1728,1750,1790,2932,1380,1411,1557,1775,343152.542,3769793.995
Burned,1442,1513,1547,2505,1326,1383,1485,1719,343116.076,3769758.958
Burned,1500,1539,1584,2587,1322,1388,1474,1645,343146.579,3769744.917
Burned,1648,1685,1752,2833,1345,1414,1518,1755,343126.222,3769789.881
Burned,1798,1811,1854,2992,1422,1560,1737,2027,343115.822,3769808.444
Burned,1782,1824,1880,2889,1499,1628,1818,2176,343142.154,3769838.780
Burned,1726,1778,1853,2945,1547,1637,1830,2056,343138.104,3769799.528
Burned,1539,1559,1597,2638,1329,1388,1511,1705,343125.672,3769762.106
Burned,1539,1559,1597,2638,1329,1388,1511,1705,343126.642,3769762.630
Burned,1711,1722,1766,2902,1360,1448,1556,1782,343117.760,3769790.601
Burned,1688,1688,1738,2813,1410,1471,1614,1833,343109.833,3769834.104
Burned,1511,1558,1600,2613,1296,1368,1457,1645,343143.913,3769759.641
Burned,1656,1701,1767,2853,1374,1433,1583,1809,343131.979,3769782.960
Burned,1463,1517,1558,2547,1314,1359,1435,1634,343130.485,3769753.863
Burned,1608,1619,1667,2745,1371,1402,1543,1734,343126.013,3769775.822
Burned,1516,1537,1595,2621,1347,1414,1536,1717,343110.889,3769769.264
Burned,1706,1710,1739,2875,1507,1552,1713,1988,343108.684,3769797.257
Burned,1511,1558,1600,2613,1296,1368,1457,1645,343142.648,3769758.779
Burned,1666,1695,1750,2723,1369,1476,1620,1865,343138.184,3769849.164
Burned,1715,1743,1773,2877,1396,1504,1648,1878,343160.487,3769814.486
Burned,1619,1640,1682,2772,1394,1504,1629,1837,343132.109,3769773.888
Burned,1619,1640,1682,2772,1394,1504,1629,1837,343135.277,3769774.835
Burned,1727,1748,1801,2912,1365,1468,1628,1877,343162.765,3769799.821
Burned,1539,1559,1597,2638,1329,1388,1511,1705,343127.155,3769762.406
Burned,1777,1788,1828,2946,1410,1524,1686,1954,343104.942,3769810.212
Burned,1743,1786,1835,2843,1434,1543,1693,1961,343158.190,3769835.473
Burned,1845,1854,1913,3006,1492,1598,1772,2056,343124.036,3769827.454
Burned,1628,1665,1709,2664,1357,1428,1544,1802,343160.452,3769841.147
Burned,1516,1537,1595,2621,1347,1414,1536,1717,343115.696,3769761.179
Burned,1825,1863,1928,3040,1474,1578,1778,2058,343125.160,3769808.474
Burned,1686,1685,1731,2801,1393,1475,1648,1856,343096.218,3769836.176
Burned,1595,1638,1683,2731,1290,1387,1525,1708,343159.358,3769758.811
Burned,1689,1710,1756,2901,1376,1436,1547,1777,343158.089,3769780.862
Burned,1773,1803,1836,2962,1375,1451,1593,1781,343153.294,3769801.719
Burned,1472,1529,1577,2561,1248,1276,1366,1537,343134.521,3769746.179
Burned,1715,1743,1773,2877,1396,1504,1648,1878,343160.013,3769811.906
Burned,1722,1750,1787,2901,1395,1513,1704,1952,343162.228,3769800.550
Burned,1625,1660,1709,2811,1315,1418,1548,1750,343151.792,3769763.932
Burned,1440,1502,1540,2511,1284,1344,1439,1629,343127.599,3769758.751
Burned,1726,1778,1853,2945,1547,1637,1830,2056,343134.431,3769794.120
Burned,1728,1750,1790,2932,1380,1411,1557,1775,343155.947,3769799.509
Burned,1775,1784,1840,2892,1422,1547,1686,1932,343126.515,3769830.915
Burned,1828,1874,1939,3046,1585,1750,2036,2353,343139.277,3769806.844
Burned,1708,1689,1787,2684,1465,1658,1888,2137,341642.598,3769106.259
Burned,2133,2233,2311,3402,1525,1708,1926,2403,341622.512,3769036.701
Burned,2280,2355,2445,3491,1537,1716,2016,2466,341587.335,3769041.461
Burned,1936,2017,2083,2971,1489,1659,1911,2333,341589.498,3769014.825
Burned,2183,2261,2387,3354,1615,1871,2242,2683,341589.480,3769074.508
Burned,1330,1401,1457,2187,1208,1206,1261,1364,341593.945,3769106.900
Burned,1664,1665,1723,2762,1379,1557,1666,2019,341598.889,3769130.689
Burned,2164,2252,2281,3329,1750,2064,2444,2794,341602.033,3769082.585
Burned,1865,1931,1993,2884,1402,1557,1800,2169,341584.331,3769002.374
Burned,1618,1652,1742,2585,1176,1179,1243,1458,341594.198,3769093.983
Burned,1482,1469,1553,2375,1131,1137,1159,1163,341640.572,3769114.846
Burned,1301,1339,1347,2134,1125,1141,1140,1227,341602.329,3769117.934
Burned,2046,2152,2252,3230,1437,1568,1794,2108,341611.325,3769028.206
Burned,2216,2254,2343,3539,1637,1876,2157,2577,341637.269,3769049.685
Burned,1715,1769,1850,2775,1345,1422,1596,1965,341588.108,3768979.405
Burned,2079,2128,2242,3190,1333,1464,1662,2152,341630.320,3769011.310
Burned,2097,2199,2296,3359,1453,1620,1876,2245,341612.865,3769039.284
Burned,1674,1740,1788,2788,1488,1634,1843,2144,341603.435,3769130.570
Burned,2615,2659,2699,3948,1824,2094,2526,3142,341613.370,3769077.753
Burned,1715,1769,1850,2775,1345,1422,1596,1965,341586.957,3768973.164
Burned,1838,1888,1976,2883,1346,1476,1665,2059,341591.321,3768980.261
Burned,2312,2396,2410,3535,1737,1948,2316,2918,341616.244,3769088.397
Burned,2046,2114,2211,3126,1468,1603,1875,2439,341605.210,3769014.943
Burned,2470,2558,2669,3735,1808,2148,2548,3018,341597.606,3769066.871
Burned,2231,2273,2380,3567,1554,1787,2046,2487,341615.991,3769045.384
Burned,1810,1805,1926,2845,1220,1242,1362,1425,341589.006,3769082.257
Burned,1647,1609,1678,2561,1265,1357,1487,1673,341634.712,3769102.922
Burned,2322,2399,2513,3527,1872,2198,2600,2997,341590.077,3769077.594
Burned,2046,2152,2252,3230,1437,1568,1794,2108,341612.148,3769022.503
Burned,1961,2027,2098,2985,1356,1470,1667,2094,341596.854,3769002.235
Burned,1440,1502,1529,2413,1086,1105,1134,1205,341630.778,3769124.350
Burned,1932,2008,2009,2997,1436,1522,1720,1998,341617.365,3769091.524
Burned,2137,2224,2316,3274,1558,1760,2020,2420,341588.861,3769037.389
Burned,2470,2558,2669,3735,1808,2148,2548,3018,341593.156,3769061.158
Burned,2080,2134,2249,3181,1510,1687,1929,2334,341616.244,3769018.587
Burned,2116,2119,2204,3263,1597,1818,2160,2589,341634.098,3769091.672
Burned,2470,2558,2669,3735,1808,2148,2548,3018,341591.694,3769066.356
Burned,2391,2419,2484,3652,1794,2048,2431,2858,341626.256,3769081.474
Burned,2615,2659,2699,3948,1824,2094,2526,3142,341617.911,3769070.656
Burned,1476,1495,1494,2333,1121,1112,1178,1319,341615.490,3769108.906
Burned,2356,2437,2537,3602,1597,1834,2168,2596,341588.981,3769050.259
Burned,1647,1609,1678,2561,1265,1357,1487,1673,341639.381,3769105.475
Burned,1618,1652,1742,2585,1176,1179,1243,1458,341595.238,3769091.480
Burned,2459,2468,2603,3901,1637,1898,2246,2723,341632.547,3769062.909
Burned,2137,2224,2316,3274,1558,1760,2020,2420,341588.692,3769030.814
Burned,2097,2199,2296,3359,1453,1620,1876,2245,341614.209,3769037.112
Burned,1570,1545,1580,2443,1133,1186,1255,1353,341624.062,3769102.534
Burned,2164,2252,2281,3329,1750,2064,2444,2794,341600.820,3769081.709
Burned,2482,2495,2629,3901,1760,2094,2466,3064,341638.696,3769078.128
Burned,2133,2233,2311,3402,1525,1708,1926,2403,341622.604,3769034.542
Burned,2415,2430,2527,3792,1556,1762,2055,2531,341619.421,3769058.954
Burned,2011,2093,2163,3054,1465,1650,1903,2414,341598.195,3769011.874
Burned,1932,2008,2009,2997,1436,1522,1720,1998,341612.666,3769094.439
Burned,2094,2157,2282,3150,1570,1818,2081,2613,341619.959,3769006.046
Burned,1932,2008,2009,2997,1436,1522,1720,1998,341612.967,3769096.394
Burned,2080,2134,2249,3181,1510,1687,1929,2334,341617.913,3769019.344
Burned,1440,1502,1529,2413,1086,1105,1134,1205,341634.166,3769127.849
Burned,2046,2114,2211,3126,1468,1603,1875,2439,341600.868,3769014.770
Burned,1737,1815,1909,2781,1399,1561,1756,2077,341578.834,3768975.659
Burned,2103,2205,2307,3326,1519,1697,1987,2338,341606.724,3769033.191
Burned,2391,2419,2484,3652,1794,2048,2431,2858,341620.760,3769080.800
Burned,1443,1501,1581,2416,1081,1125,1152,1240,341645.539,3769123.461
Burned,2482,2495,2629,3901,1760,2094,2466,3064,341632.218,3769077.303
Burned,1422,1404,1453,2277,1109,1132,1149,1186,341639.825,3769110.221
Burned,2527,2593,2639,3805,1902,2226,2692,3220,341605.726,3769078.865
Burned,2103,2205,2307,3326,1519,1697,1987,2338,341603.030,3769037.886
Burned,1482,1469,1553,2375,1131,1137,1159,1163,341647.300,3769113.763
Burned,2612,2661,2729,3946,1814,2072,2478,2952,341604.605,3769065.154
Burned,2326,2333,2442,3711,1560,1722,1992,2372,341632.590,3769056.943
Burned,2326,2333,2442,3711,1560,1722,1992,2372,341633.135,3769052.609
Burned,1476,1495,1494,2333,1121,1112,1178,1319,341611.623,3769109.224
Burned,1663,1729,1812,2722,1348,1422,1586,1954,341584.689,3768967.068
Burned,2116,2119,2204,3263,1597,1818,2160,2589,341639.146,3769097.917
Burned,1482,1469,1553,2375,1131,1137,1159,1163,341647.486,3769119.237
Burned,2036,2142,2240,3186,1424,1540,1762,2149,341603.903,3769021.577
Burned,2581,2586,2696,3999,1785,2154,2500,2919,341626.891,3769069.183
Burned,1476,1495,1494,2333,1121,1112,1178,1319,341612.094,3769100.526
Burned,1618,1652,1742,2585,1176,1179,1243,1458,341599.751,3769091.450
Burned,2231,2273,2380,3567,1554,1787,2046,2487,341619.950,3769047.683
Burned,2111,2153,2278,3219,1426,1586,1795,2261,341626.609,3769012.191
Burned,2116,2119,2204,3263,1597,1818,2160,2589,341634.766,3769096.047
Burned,1821,1899,1982,2874,1383,1474,1669,2051,341608.833,3768978.626
Burned,2042,2109,2210,3085,1518,1679,1968,2444,341608.616,3769002.556
Burned,2122,2161,2284,3343,1708,1852,2206,2630,341645.299,3769098.581
Burned,2060,2162,2247,3151,1488,1651,1896,2404,341595.695,3769024.879
Burned,2581,2586,2696,3999,1785,2154,2500,2919,341623.938,3769068.538
Burned,1717,1795,1896,2762,1418,1532,1758,2123,341578.825,3768962.079
Burned,1570,1545,1580,2443,1133,1186,1255,1353,341626.781,3769108.538
Burned,2097,2199,2296,3359,1453,1620,1876,2245,341613.851,3769034.051
Burned,2470,2558,2669,3735,1808,2148,2548,3018,341598.508,3769065.489
Burned,2581,2586,2696,3999,1785,2154,2500,2919,341624.170,3769064.252
Burned,2097,2199,2296,3359,1453,1620,1876,2245,341619.360,3769035.083
Burned,1715,1769,1850,2775,1345,1422,1596,1965,341586.494,3768977.714
Burned,1505,1513,1556,2471,1150,1225,1227,1360,341594.150,3769121.756
Burned,2322,2399,2513,3527,1872,2198,2600,2997,341599.191,3769071.793
Burned,1932,2008,2009,2997,1436,1522,1720,1998,341614.039,3769097.173
Burned,1838,1888,1976,2883,1346,1476,1665,2059,341598.490,3768981.441
Burned,1443,1501,1581,2416,1081,1125,1152,1240,341644.581,3769124.560
Burned,2394,2415,2521,3709,1740,2016,2388,2898,341635.884,3769088.298
Burned,2216,2254,2343,3539,1637,1876,2157,2577,341632.377,3769041.608
Burned,2323,2384,2523,3708,1600,1813,2150,2641,341640.404,3769086.774
Burned,2649,2670,2738,4034,1762,2090,2459,2974,341616.616,3769064.656
Burned,1760,1798,1877,2803,1314,1444,1628,2008,341580.913,3768987.308
Burned,1370,1361,1383,2203,1128,1103,1114,1176,341624.955,3769116.154
Burned,2527,2593,2639,3805,1902,2226,2692,3220,341609.202,3769070.721
Burned,1476,1495,1494,2333,1121,1112,1178,1319,341615.100,3769102.241
Burned,2137,2224,2316,3274,1558,1760,2020,2420,341588.522,3769034.247
Burned,2216,2254,2343,3539,1637,1876,2157,2577,341631.438,3769045.476
Burned,2137,2224,2316,3274,1558,1760,2020,2420,341589.831,3769033.029
Burned,2233,2273,2363,3578,1608,1844,2127,2560,341629.030,3769045.105
Burned,2023,2111,2196,3100,1531,1734,2022,2491,341587.057,3769021.112
Burned,2649,2670,2738,4034,1762,2090,2459,2974,341612.894,3769063.040
Burned,2312,2396,2410,3535,1737,1948,2316,2918,341614.729,3769088.526
Burned,1482,1469,1553,2375,1131,1137,1159,1163,341641.498,3769119.491
Burned,2527,2593,2639,3805,1902,2226,2692,3220,341602.042,3769078.423
Burned,2249,2302,2411,3545,1657,1872,2176,2625,341609.080,3769045.621
Burned,1653,1736,1765,2766,1270,1376,1495,1621,341632.038,3769130.181
Burned,2233,2273,2363,3578,1608,1844,2127,2560,341621.920,3769041.457
Burned,1760,1798,1877,2803,1314,1444,1628,2008,341589.087,3768987.408
Burned,1910,1964,2050,2942,1353,1472,1660,2157,341597.407,3768994.913
Burned,2036,2142,2240,3186,1424,1540,1762,2149,341603.798,3769020.186
Burned,1370,1361,1383,2203,1128,1103,1114,1176,341624.618,3769112.895
Burned,2115,2172,2312,3178,1594,1790,1987,2676,341624.638,3769005.803
Burned,2080,2134,2249,3181,1510,1687,1929,2334,341610.333,3769016.886
Burned,2612,2661,2729,3946,1814,2072,2478,2952,341608.508,3769061.941
Burned,2233,2273,2363,3578,1608,1844,2127,2560,341622.243,3769048.283
Burned,2152,2251,2344,3304,1500,1702,1980,2452,341599.367,3769032.153
Burned,2394,2415,2521,3709,1740,2016,2388,2898,341635.843,3769083.187
Burned,1647,1609,1678,2561,1265,1357,1487,1673,341634.083,3769107.820
Burned,2115,2172,2312,3178,1594,1790,1987,2676,341620.441,3769009.691
Burned,1503,1545,1568,2469,1186,1235,1289,1431,341608.649,3769120.081
Burned,1910,1964,2050,2942,1353,1472,1660,2157,341591.264,3768997.432
Burned,2164,2252,2281,3329,1750,2064,2444,2794,341602.688,3769080.241
Burned,1674,1740,1788,2788,1488,1634,1843,2144,341609.771,3769131.726
Burned,1570,1545,1580,2443,1133,1186,1255,1353,341625.071,3769100.083
Burned,2312,2396,2410,3535,1737,1948,2316,2918,341611.315,3769084.001
Burned,2419,2454,2551,3752,1623,1892,2258,2659,341604.444,3769054.843
Burned,2415,2430,2527,3792,1556,1762,2055,2531,341614.412,3769059.465
Burned,1370,1361,1383,2203,1128,1103,1114,1176,341628.329,3769118.764
Burned,2280,2355,2445,3491,1537,1716,2016,2466,341585.716,3769045.459
Burned,2094,2157,2282,3150,1570,1818,2081,2613,341617.215,3769004.090
Burned,2459,2468,2603,3901,1637,1898,2246,2723,341637.122,3769064.002
Burned,2036,2142,2240,3186,1424,1540,1762,2149,341604.046,3769027.063
Burned,1760,1798,1877,2803,1314,1444,1628,2008,341588.847,3768986.615
Burned,1961,2027,2098,2985,1356,1470,1667,2094,341592.962,3769005.663
Burned,1961,2027,2098,2985,1356,1470,1667,2094,341597.259,3769005.845
Burned,2419,2454,2551,3752,1623,1892,2258,2659,341605.913,3769050.884
Burned,2152,2251,2344,3304,1500,1702,1980,2452,341592.363,3769039.521
Burned,2286,2360,2454,3512,1612,1816,2142,2583,341597.575,3769044.618
Burned,2089,2223,2349,3137,1683,1941,2134,2771,341611.283,3768993.633
Burned,1755,1829,1906,3389,1549,1643,1853,2242,343129.231,3768571.124
Burned,2073,2141,2213,3686,1500,1690,1988,2444,343114.215,3768476.046
Burned,2057,2142,2256,3676,1459,1622,1872,2333,343096.144,3768479.842
Burned,1685,1744,1804,3249,1369,1476,1702,2090,343146.578,3768536.516
Burned,1652,1691,1747,3108,1295,1374,1540,1808,343124.684,3768543.668
Burned,2066,2137,2236,3732,1455,1632,1881,2331,343096.207,3768498.229
Burned,1992,2080,2167,3693,1486,1652,1910,2367,343084.474,3768518.970
Burned,2048,2119,2200,3700,1494,1690,1938,2351,343102.429,3768497.580
Burned,1754,1825,1889,3319,1368,1480,1651,1966,343093.734,3768530.590
Burned,1675,1725,1807,3190,1302,1417,1568,1833,343113.206,3768560.778
Burned,1665,1732,1802,3196,1309,1391,1534,1844,343126.293,3768525.349
Burned,1685,1744,1804,3249,1369,1476,1702,2090,343142.066,3768535.117
Burned,2021,2114,2198,3707,1454,1624,1892,2328,343093.330,3768509.919
Burned,1813,1910,1963,3395,1426,1534,1770,2102,343113.872,3768512.402
Burned,1575,1624,1681,2983,1254,1332,1473,1692,343102.540,3768553.375
Burned,1924,1980,2080,3570,1429,1612,1846,2323,343067.521,3768534.567
Burned,1924,1980,2080,3570,1429,1612,1846,2323,343061.439,3768536.624
Burned,1542,1597,1637,2877,1265,1312,1429,1642,343096.909,3768561.946
Burned,1733,1817,1895,3345,1340,1460,1650,1967,343124.730,3768565.305
Burned,2020,2076,2185,3719,1450,1638,1932,2423,343060.236,3768524.813
Burned,2073,2141,2213,3686,1500,1690,1988,2444,343116.344,3768479.360
Burned,1716,1783,1825,3233,1321,1401,1554,1861,343124.785,3768517.556
Burned,2021,2105,2209,3729,1407,1590,1870,2319,343066.568,3768516.208
Burned,1641,1692,1737,3108,1298,1385,1528,1796,343139.166,3768515.791
Burned,2070,2135,2228,3693,1504,1672,1943,2410,343074.813,3768493.144
Burned,1870,1933,2018,3484,1452,1594,1856,2264,343070.910,3768532.155
Burned,1644,1701,1776,3155,1310,1425,1580,1888,343129.218,3768534.281
Burned,1820,1888,1953,3406,1425,1568,1799,2185,343083.885,3768536.100
Burned,1621,1663,1727,3065,1273,1352,1482,1740,343110.127,3768556.795
Burned,1754,1825,1889,3319,1368,1480,1651,1966,343099.987,3768535.917
Burned,1745,1790,1831,3340,1340,1428,1582,1903,343152.641,3768541.876
Burned,1982,2031,2141,3665,1527,1677,1919,2449,343054.157,3768531.367
Burned,2101,2152,2251,3653,1465,1668,1980,2470,343072.882,3768480.827
Burned,1637,1698,1765,3163,1314,1413,1616,1981,343147.032,3768522.563
Burned,1673,1760,1828,3179,1314,1402,1575,1884,343075.247,3768540.483
Burned,2087,2151,2264,3700,1485,1700,2012,2515,343086.919,3768486.868
Burned,1754,1825,1889,3319,1368,1480,1651,1966,343094.512,3768531.784
Burned,2038,2125,2221,3737,1472,1673,1897,2321,343087.539,3768507.596
Burned,1643,1702,1767,3157,1326,1386,1576,1861,343136.176,3768523.808
Burned,1641,1692,1737,3108,1298,1385,1528,1796,343135.854,3768511.542
Burned,2038,2125,2221,3737,1472,1673,1897,2321,343083.718,3768509.384
Burned,1644,1701,1776,3155,1310,1425,1580,1888,343127.955,3768530.562
Burned,1820,1888,1953,3406,1425,1568,1799,2185,343089.382,3768537.034
Burned,2037,2129,2226,3711,1393,1556,1840,2300,343065.749,3768500.937
Burned,1955,2050,2126,3631,1534,1686,1954,2420,343094.449,3768517.628
Burned,2046,2111,2185,3667,1502,1670,1968,2415,343118.651,3768488.372
Burned,2054,2108,2226,3763,1512,1700,2016,2528,343049.519,3768531.717
Burned,1808,1860,1962,3556,1460,1568,1746,2146,343142.408,3768569.732
Burned,2101,2169,2253,3618,1438,1606,1915,2343,343060.247,3768487.900
Burned,2012,2068,2143,3557,1588,1816,2142,2550,343132.895,3768478.378
Burned,2078,2146,2255,3722,1492,1665,1936,2383,343097.975,3768482.395
Burned,2005,2088,2186,3715,1433,1611,1910,2350,343075.387,3768516.850
Burned,1643,1702,1767,3157,1326,1386,1576,1861,343133.949,3768523.170
Burned,2035,2119,2216,3725,1433,1588,1866,2322,343073.157,3768509.546
Burned,1745,1790,1831,3340,1340,1428,1582,1903,343151.248,3768541.846
Burned,2020,2076,2185,3719,1450,1638,1932,2423,343063.177,3768528.514
Burned,1595,1654,1717,3046,1284,1364,1512,1732,343104.343,3768548.766
Burned,1637,1698,1765,3163,1314,1413,1616,1981,343143.842,3768524.655
Burned,1870,1933,2018,3484,1452,1594,1856,2264,343075.434,3768538.404
Burned,1892,1999,2064,3528,1516,1674,1840,2228,343108.009,3768514.794
Burned,1992,2065,2131,3606,1522,1726,1976,2410,343112.904,3768494.096
Burned,1641,1722,1770,3116,1352,1446,1602,1871,343089.942,3768546.315
Burned,2069,2167,2252,3550,1562,1756,2056,2500,343048.508,3768487.661
Burned,1621,1663,1727,3065,1273,1352,1482,1740,343111.138,3768550.015
Burned,2063,2168,2267,3680,1472,1642,1955,2443,343048.125,3768501.380
Burned,1778,1841,1897,3255,1378,1488,1611,1883,343139.497,3768494.394
Burned,2087,2151,2264,3700,1485,1700,2012,2515,343085.529,3768485.542
Burned,1665,1732,1802,3196,1309,1391,1534,1844,343126.946,3768522.576
Burned,1607,1656,1722,3058,1255,1364,1516,1808,343115.253,3768549.892
Burned,2066,2137,2236,3732,1455,1632,1881,2331,343093.578,3768490.187
Burned,2068,2150,2235,3665,1444,1588,1872,2345,343069.231,3768495.679
Burned,1587,1662,1732,3046,1231,1300,1423,1665,343066.035,3768551.148
Burned,1595,1654,1717,3046,1284,1364,1512,1732,343103.057,3768549.468
Burned,2063,2168,2267,3680,1472,1642,1955,2443,343046.192,3768509.459
Burned,2035,2119,2216,3725,1433,1588,1866,2322,343076.513,3768500.126
Burned,1635,1702,1790,3169,1304,1391,1550,1878,343110.196,3768536.777
Burned,1665,1732,1802,3196,1309,1391,1534,1844,343124.051,3768527.233
Burned,1575,1624,1681,2983,1254,1332,1473,1692,343109.750,3768554.177
Burned,1992,2080,2167,3693,1486,1652,1910,2367,343089.566,3768511.798
Burned,2088,2154,2216,3669,1539,1768,2032,2529,343125.020,3768477.112
Burned,2021,2114,2198,3707,1454,1624,1892,2328,343093.220,3768500.598
Burned,1607,1656,1722,3058,1255,1364,1516,1808,343115.960,3768549.243
Burned,1909,2003,2050,3503,1557,1760,2024,2452,343115.904,3768509.040
Burned,2078,2146,2255,3722,1492,1665,1936,2383,343092.725,3768488.089
Burned,1808,1860,1962,3556,1460,1568,1746,2146,343149.630,3768565.745
Burned,1688,1739,1801,3276,1361,1456,1626,1969,343150.286,3768535.986
Burned,1575,1624,1681,2983,1254,1332,1473,1692,343109.252,3768552.494
Burned,2054,2108,2226,3763,1512,1700,2016,2528,343041.429,3768532.875
Burned,2054,2108,2226,3763,1512,1700,2016,2528,343048.309,3768537.343
Burned,1590,1636,1698,3021,1309,1355,1496,1788,343148.928,3768513.693
Burned,1661,1715,1781,3182,1370,1426,1650,1989,343132.161,3768533.047
Burned,2005,2088,2186,3715,1433,1611,1910,2350,343073.226,3768514.766
Burned,1531,1607,1646,2912,1222,1275,1398,1594,343089.925,3768557.916
Burned,1793,1863,1901,3318,1388,1518,1668,1995,343120.731,3768502.254
Burned,1776,1815,1868,3382,1335,1464,1651,1961,343149.689,3768552.670
Burned,1930,2004,2085,3584,1424,1572,1809,2231,343049.509,3768546.214
Burned,1745,1790,1831,3340,1340,1428,1582,1903,343150.725,3768541.568
Burned,2070,2135,2228,3693,1504,1672,1943,2410,343074.420,3768499.809
Burned,1771,1858,1943,3384,1320,1461,1633,1987,343104.982,3768523.190
Burned,1665,1732,1802,3196,1309,1391,1534,1844,343129.182,3768521.698
Burned,2067,2185,2265,3644,1432,1614,1880,2328,343058.310,3768493.205
Burned,2020,2076,2185,3719,1450,1638,1932,2423,343061.906,3768520.753
Burned,2060,2147,2224,3492,1565,1734,2038,2548,343048.212,3768478.778
Burned,1665,1732,1802,3196,1309,1391,1534,1844,343123.019,3768522.522
Burned,1745,1790,1831,3340,1340,1428,1582,1903,343153.193,3768549.614
Burned,2066,2137,2236,3732,1455,1632,1881,2331,343097.967,3768490.742
Burned,2070,2135,2228,3693,1504,1672,1943,2410,343077.427,3768499.992
Burned,1575,1624,1681,2983,1254,1332,1473,1692,343106.989,3768558.243
Burned,2066,2137,2236,3732,1455,1632,1881,2331,343094.072,3768499.452
Burned,1686,1738,1780,3141,1324,1400,1536,1791,343137.928,3768507.127
Burned,1633,1672,1733,3019,1326,1364,1521,1766,343146.579,3768498.847
Burned,1992,2080,2167,3693,1486,1652,1910,2367,343085.324,3768514.728
Burned,2041,2130,2238,3735,1395,1542,1822,2324,343058.905,3768513.069
Burned,1633,1672,1733,3019,1326,1364,1521,1766,343148.229,3768490.232
Burned,2054,2108,2226,3763,1512,1700,2016,2528,343049.790,3768535.863
Burned,1981,2042,2137,3662,1508,1678,1956,2384,343071.380,3768523.798
Burned,2073,2141,2213,3686,1500,1690,1988,2444,343113.105,3768476.503
Burned,1955,2050,2126,3631,1534,1686,1954,2420,343094.652,3768512.299
Burned,1791,1844,1945,3540,1540,1664,1812,2200,343141.142,3768573.548
Burned,2070,2135,2228,3693,1504,1672,1943,2410,343073.592,3768492.341
Burned,1938,2007,2085,3598,1465,1622,1868,2294,343087.433,3768529.877
Burned,1682,1730,1786,3172,1296,1371,1524,1790,343126.645,3768558.863
Burned,1909,2003,2050,3503,1557,1760,2024,2452,343119.965,3768504.265
Burned,1982,2031,2141,3665,1527,1677,1919,2449,343055.392,3768532.293
Burned,1992,2080,2167,3693,1486,1652,1910,2367,343083.813,3768518.526
Burned,1995,2069,2134,3567,1607,1802,2070,2466,343121.652,3768484.376
Burned,1686,1738,1780,3141,1324,1400,1536,1791,343138.959,3768506.388
Burned,1718,1758,1836,3145,1357,1456,1612,1917,343144.946,3768487.295
Burned,1682,1730,1786,3172,1296,1371,1524,1790,343125.314,3768550.133
Burned,2066,2137,2236,3732,1455,1632,1881,2331,343091.907,3768497.322
Burned,1641,1692,1737,3108,1298,1385,1528,1796,343133.352,3768510.683
Burned,1644,1701,1776,3155,1310,1425,1580,1888,343128.345,3768535.925
Burned,1641,1692,1737,3108,1298,1385,1528,1796,343132.320,3768515.981
Burned,1695,1731,1778,3182,1336,1416,1595,1885,343135.444,3768546.128
Burned,1675,1725,1807,3190,1302,1417,1568,1833,343117.559,3768566.145
Burned,1675,1725,1807,3190,1302,1417,1568,1833,343117.568,3768569.205
Burned,2101,2169,2253,3618,1438,1606,1915,2343,343067.446,3768485.972
Burned,2066,2137,2236,3732,1455,1632,1881,2331,343096.571,3768495.400
Burned,1995,2069,2134,3567,1607,1802,2070,2466,343129.218,3768488.921
Burned,1704,1786,1871,3281,1288,1375,1530,1867,343112.513,3768527.768
Burned,2067,2185,2265,3644,1432,1614,1880,2328,343050.700,3768497.381
Burned,1821,1892,1972,3425,1417,1537,1749,2121,343057.957,3768546.286
Burned,2086,2200,2270,3594,1497,1694,1925,2316,343050.148,3768484.312
Burned,1652,1691,1747,3108,1295,1374,1540,1808,343125.228,3768549.861
Burned,1955,2050,2126,3631,1534,1686,1954,2420,343090.186,3768511.245
Burned,1955,2050,2126,3631,1534,1686,1954,2420,343097.999,3768519.778
Burned,1733,1817,1895,3282,1322,1412,1608,1956,343069.929,3768541.732
Burned,1595,1654,1717,3046,1284,1364,1512,1732,343107.717,3768546.289
Burned,1615,1686,1733,3072,1320,1374,1518,1777,343098.494,3768542.135
Burned,2086,2200,2270,3594,1497,1694,1925,2316,343055.372,3768487.487
Burned,1660,1691,1797,3010,1196,1217,1320,1490,344352.613,3769127.604
Burned,2274,2301,2454,3776,1691,1977,2363,2952,344399.817,3769108.627
Burned,1546,1574,1673,2782,1280,1351,1459,1681,344354.474,3769131.192
Burned,1940,1946,2049,3406,1562,1799,2089,2700,344364.662,3769090.169
Burned,1457,1487,1507,2569,1274,1308,1398,1523,344370.988,3769158.725
Burned,1930,1923,2012,3320,1508,1706,1978,2460,344375.785,3769092.164
Burned,1429,1434,1485,2383,1226,1270,1353,1476,344410.465,3769201.897
Burned,1582,1581,1622,2698,1404,1435,1547,1714,344334.722,3769172.475
Burned,2372,2368,2487,3827,1858,2202,2578,3193,344410.558,3769110.583
Burned,2266,2320,2440,3828,1697,1998,2342,3050,344386.430,3769100.036
Burned,1547,1562,1615,2685,1394,1418,1529,1696,344350.782,3769158.511
Burned,1886,1913,2011,3399,1365,1439,1642,1935,344351.505,3769118.884
Burned,2063,2131,2168,3635,1511,1654,1856,2316,344361.243,3769118.119
Burned,1682,1734,1837,2991,1254,1416,1607,1908,344351.136,3769085.563
Burned,1540,1559,1600,2636,1383,1439,1501,1665,344354.192,3769182.064
Burned,1433,1434,1487,2560,1257,1284,1360,1496,344395.462,3769155.030
Burned,1494,1515,1591,2566,1390,1435,1526,1761,344405.521,3769189.252
Burned,2429,2415,2584,3942,1818,2194,2654,3336,344406.376,3769119.196
Burned,1575,1586,1612,2705,1400,1446,1547,1719,344341.652,3769177.801
Burned,1962,2047,2155,3449,1424,1548,1740,2064,344412.580,3769135.447
Burned,1488,1497,1510,2545,1346,1388,1437,1616,344381.788,3769175.198
Burned,1468,1473,1493,2546,1288,1324,1364,1542,344387.284,3769162.661
Burned,1479,1486,1505,2538,1298,1362,1449,1585,344395.214,3769171.434
Burned,1495,1525,1548,2614,1346,1358,1432,1608,344369.844,3769150.303
Burned,1510,1518,1605,2588,1367,1446,1531,1714,344412.341,3769183.336
Burned,1417,1430,1473,2350,1187,1215,1315,1464,344413.842,3769214.970
Burned,1522,1551,1577,2616,1379,1406,1499,1690,344369.590,3769173.311
Burned,1495,1525,1548,2614,1346,1358,1432,1608,344362.546,3769155.879
Burned,2248,2226,2390,3654,1693,1940,2251,2811,344404.773,3769103.309
Burned,1557,1576,1602,2694,1396,1396,1489,1662,344354.393,3769169.495
Burned,1687,1682,1783,2932,1165,1268,1303,1502,344360.152,3769087.557
Burned,1457,1487,1507,2569,1274,1308,1398,1523,344373.057,3769153.645
Burned,2055,2137,2219,3538,1623,1830,2130,2581,344380.759,3769126.016
Burned,1543,1561,1599,2690,1339,1399,1491,1698,344331.019,3769155.779
Burned,1557,1576,1602,2694,1396,1396,1489,1662,344358.455,3769165.931
Burned,1522,1551,1577,2616,1379,1406,1499,1690,344360.996,3769179.579
Burned,1492,1508,1550,2533,1270,1283,1329,1468,344388.743,3769205.051
Burned,1608,1624,1730,2909,1346,1451,1534,1842,344343.743,3769127.576
Burned,1577,1578,1616,2717,1373,1425,1542,1742,344336.730,3769163.630
Burned,1872,1912,2012,3397,1474,1645,1813,2238,344340.702,3769104.222
Burned,1660,1691,1797,3010,1196,1217,1320,1490,344352.013,3769125.902
Burned,1617,1634,1713,2864,1277,1318,1362,1490,344400.379,3769149.961
Burned,1454,1464,1507,2473,1208,1236,1323,1471,344394.805,3769208.715
Burned,1433,1447,1490,2551,1264,1317,1370,1560,344382.735,3769158.071
Burned,1682,1734,1837,2991,1254,1416,1607,1908,344356.113,3769082.093
Burned,1481,1497,1577,2519,1386,1436,1502,1718,344407.077,3769198.636
Burned,1433,1434,1487,2560,1257,1284,1360,1496,344391.033,3769159.597
Burned,1495,1508,1543,2516,1248,1274,1343,1527,344390.808,3769212.069
Burned,1589,1627,1647,2870,1208,1251,1282,1460,344368.847,3769135.737
Burned,2055,2137,2219,3538,1623,1830,2130,2581,344388.291,3769123.293
Burned,1940,1946,2049,3406,1562,1799,2089,2700,344367.446,3769095.852
Burned,1541,1576,1632,2746,1239,1302,1370,1573,344388.939,3769147.555
Burned,2372,2368,2487,3827,1858,2202,2578,3193,344410.127,3769117.207
Burned,1879,1939,2061,3396,1640,1904,2242,2764,344352.927,3769094.166
Burned,1462,1468,1501,2561,1262,1290,1354,1510,344409.608,3769160.140
Burned,1673,1720,1853,2861,1208,1269,1404,1578,344407.759,3769097.267
Burned,1617,1634,1713,2864,1277,1318,1362,1490,344409.647,3769146.211
Burned,2248,2226,2390,3654,1693,1940,2251,2811,344400.921,3769107.860
Burned,1484,1509,1526,2574,1320,1351,1423,1559,344379.688,3769164.689
Burned,1790,1860,1920,3133,1360,1468,1580,1837,344386.623,3769130.373
Burned,1458,1487,1546,2425,1239,1312,1424,1639,344414.766,3769223.676
Burned,1455,1447,1498,2596,1290,1318,1348,1525,344405.395,3769156.584
Burned,1547,1562,1615,2685,1394,1418,1529,1696,344357.158,3769159.931
Burned,1522,1551,1577,2616,1379,1406,1499,1690,344369.696,3769178.561
Burned,1484,1509,1526,2574,1320,1351,1423,1559,344375.576,3769169.431
Burned,1488,1497,1510,2545,1346,1388,1437,1616,344386.361,3769175.829
Burned,1539,1565,1619,2600,1423,1454,1562,1682,344362.731,3769195.270
Burned,1573,1602,1678,2799,1262,1310,1391,1554,344391.702,3769145.994
Burned,2055,2137,2219,3538,1623,1830,2130,2581,344382.498,3769121.358
Burned,1433,1434,1487,2560,1257,1284,1360,1496,344390.377,3769157.952
Burned,1500,1525,1549,2572,1345,1384,1462,1631,344376.786,3769177.539
Burned,1582,1581,1622,2698,1404,1435,1547,1714,344330.904,3769178.889
Burned,1457,1487,1507,2569,1274,1308,1398,1523,344373.934,3769157.895
Burned,2120,2173,2236,3709,1700,1889,2201,2864,344369.343,3769104.930
Burned,1500,1525,1549,2572,1345,1384,1462,1631,344373.821,3769173.443
Burned,1546,1574,1673,2782,1280,1351,1459,1681,344354.691,3769133.081
Burned,1520,1553,1576,2696,1249,1293,1355,1552,344364.336,3769148.711
Burned,1540,1559,1600,2636,1383,1439,1501,1665,344354.913,3769184.757
Burned,1475,1490,1532,2551,1294,1354,1433,1620,344401.933,3769171.066
Burned,1850,1870,1949,3138,1376,1528,1700,2010,344381.784,3769092.599
Burned,1493,1525,1554,2542,1326,1360,1406,1553,344386.342,3769193.397
Burned,2063,2131,2168,3635,1511,1654,1856,2316,344369.785,3769110.709
Burned,1557,1576,1602,2694,1396,1396,1489,1662,344355.003,3769165.956
Burned,1557,1576,1602,2694,1396,1396,1489,1662,344358.902,3769162.913
Burned,1544,1537,1557,2717,1352,1387,1502,1657,344338.510,3769131.932
Burned,1481,1497,1577,2519,1386,1436,1502,1718,344409.218,3769196.185
Burned,1687,1682,1783,2932,1165,1268,1303,1502,344361.606,3769088.775
Burned,1577,1578,1616,2717,1373,1425,1542,1742,344331.965,3769169.903
Burned,1513,1543,1563,2623,1376,1403,1473,1622,344367.155,3769168.777
Burned,1891,1967,2065,3357,1608,1795,2102,2660,344346.502,3769097.415
Burned,1510,1518,1605,2588,1367,1446,1531,1714,344411.261,3769184.939
Burned,1577,1578,1616,2717,1373,1425,1542,1742,344336.981,3769160.277
Burned,1790,1860,1920,3133,1360,1468,1580,1837,344380.414,3769130.978
Burned,1673,1720,1853,2861,1208,1269,1404,1578,344407.735,3769098.234
Burned,1608,1624,1730,2909,1346,1451,1534,1842,344348.979,3769126.313
Burned,1882,1961,2058,3260,1430,1525,1658,1979,344395.491,3769139.118
Burned,1770,1819,1844,3183,1298,1370,1456,1720,344366.435,3769127.730
Burned,1660,1691,1797,3010,1196,1217,1320,1490,344355.043,3769126.452
Burned,1959,1996,2099,3528,1646,1764,2076,2585,344354.090,3769107.157
Burned,1901,1968,1985,3359,1501,1651,1903,2253,344370.021,3769127.469
Burned,1577,1578,1616,2717,1373,1425,1542,1742,344337.693,3769163.193
Burned,1660,1691,1797,3010,1196,1217,1320,1490,344357.853,3769124.400
Burned,1872,1912,2012,3397,1474,1645,1813,2238,344344.183,3769109.026
Burned,1589,1627,1647,2870,1208,1251,1282,1460,344360.368,3769139.623
Burned,1734,1796,1876,3003,1473,1656,1808,2240,344343.886,3769081.342
Burned,2120,2173,2236,3709,1700,1889,2201,2864,344366.402,3769101.877
Burned,2055,2137,2219,3538,1623,1830,2130,2581,344386.521,3769127.936
Burned,1495,1508,1543,2516,1248,1274,1343,1527,344395.157,3769210.090
Burned,1500,1525,1549,2572,1345,1384,1462,1631,344374.234,3769172.165
Burned,1660,1691,1797,3010,1196,1217,1320,1490,344352.161,3769125.791
Burned,1682,1734,1837,2991,1254,1416,1607,1908,344353.218,3769086.888
Burned,1433,1434,1487,2560,1257,1284,1360,1496,344392.752,3769154.578
Burned,1520,1549,1597,2569,1380,1410,1448,1608,344372.770,3769195.938
Burned,2248,2226,2390,3654,1693,1940,2251,2811,344406.454,3769106.409
Burned,1457,1487,1507,2569,1274,1308,1398,1523,344375.630,3769155.982
Burned,1660,1691,1797,3010,1196,1217,1320,1490,344359.004,3769123.830
Burned,1480,1507,1547,2525,1366,1403,1482,1672,344398.721,3769191.886
Burned,1468,1473,1493,2546,1288,1324,1364,1542,344384.005,3769165.910
Burned,1479,1486,1505,2538,1298,1362,1449,1585,344396.150,3769174.533
Burned,1974,2031,2062,3290,1502,1609,1888,2334,344339.093,3769094.777
Burned,1543,1561,1599,2690,1339,1399,1491,1698,344335.557,3769159.100
Burned,2429,2415,2584,3942,1818,2194,2654,3336,344403.528,3769115.166
Burned,1457,1487,1507,2569,1274,1308,1398,1523,344374.228,3769154.781
Burned,1481,1497,1577,2519,1386,1436,1502,1718,344408.772,3769192.189
Burned,1575,1586,1612,2705,1400,1446,1547,1719,344348.566,3769173.696
Burned,1519,1558,1574,2706,1222,1246,1336,1471,344372.930,3769141.027
Burned,1930,1923,2012,3320,1508,1706,1978,2460,344379.155,3769093.927
Burned,1563,1574,1632,2711,1374,1418,1504,1679,344348.946,3769151.576
Burned,1488,1515,1547,2547,1419,1464,1558,1763,344390.501,3769185.806
Burned,1770,1819,1844,3183,1298,1370,1456,1720,344369.634,3769124.137
Burned,1520,1553,1576,2696,1249,1293,1355,1552,344369.033,3769148.315
Burned,1962,2047,2155,3449,1424,1548,1740,2064,344410.234,3769137.486
Burned,1790,1860,1920,3133,1360,1468,1580,1837,344386.412,3769132.233
Burned,1520,1549,1597,2569,1380,1410,1448,1608,344377.297,3769193.529
Burned,1513,1543,1563,2623,1376,1403,1473,1622,344364.255,3769163.390
Burned,1790,1860,1920,3133,1360,1468,1580,1837,344389.153,3769136.261
Burned,1891,1967,2065,3357,1608,1795,2102,2660,344345.732,3769095.760
Burned,1558,1579,1625,2644,1349,1373,1439,1602,344348.739,3769192.823
Burned,1608,1624,1730,2909,1346,1451,1534,1842,344348.299,3769120.148
Burned,1682,1734,1837,2991,1254,1416,1607,1908,344352.149,3769080.274
Burned,1475,1490,1532,2551,1294,1354,1433,1620,344401.061,3769178.544
Burned,1492,1508,1550,2533,1270,1283,1329,1468,344388.986,3769206.815
Burned,1617,1634,1713,2864,1277,1318,1362,1490,344409.136,3769148.930
Burned,1555,1575,1597,2677,1396,1466,1540,1706,344359.276,3769170.708
Burned,2213,2296,2341,3822,1667,1910,2279,2809,344379.982,3769117.796
Burned,1644,1621,1708,2807,1119,1130,1183,1315,344371.482,3769089.083
Burned,1444,1452,1495,2410,1218,1232,1305,1494,344405.166,3769216.108
Burned,2334,2409,2530,3961,1736,2022,2312,2992,344381.172,3769112.542
Burned,1444,1452,1495,2410,1218,1232,1305,1494,344402.419,3769218.500
Burned,1433,1447,1490,2551,1264,1317,1370,1560,344387.248,3769157.873
Burned,1560,1564,1656,2461,1319,1391,1464,1646,340993.731,3767882.160
Burned,1474,1523,1570,2439,1312,1342,1459,1655,340954.041,3767931.663
Burned,1504,1510,1578,2576,1256,1309,1376,1515,340925.852,3767887.854
Burned,1516,1521,1577,2506,1350,1387,1457,1658,340935.311,3767917.016
Burned,1495,1542,1590,2490,1330,1360,1464,1652,340944.355,3767938.975
Burned,1556,1569,1650,2561,1326,1396,1512,1756,340978.175,3767869.262
Burned,1504,1510,1578,2576,1256,1309,1376,1515,340921.467,3767880.681
Burned,1468,1515,1522,2367,1304,1373,1456,1618,340962.066,3767918.333
Burned,1470,1507,1532,2366,1332,1357,1432,1632,340966.641,3767929.806
Burned,1469,1491,1542,2400,1211,1266,1407,1655,340973.053,3767886.867
Burned,1445,1467,1519,2326,1275,1325,1394,1584,340965.362,3767952.187
Burned,1565,1559,1659,2494,1282,1370,1443,1773,340983.710,3767870.825
Burned,1468,1515,1522,2367,1304,1373,1456,1618,340968.787,3767913.410
Burned,1487,1476,1540,2469,1323,1351,1426,1605,340933.916,3767908.276
Burned,1490,1529,1546,2334,1356,1384,1428,1561,340970.333,3767918.064
Burned,1448,1486,1509,2409,1287,1342,1396,1608,340953.140,3767908.413
Burned,1473,1521,1564,2443,1360,1376,1492,1663,340955.408,3767923.654
Burned,1548,1572,1643,2643,1326,1358,1471,1675,340959.585,3767864.628
Burned,1448,1486,1509,2409,1287,1342,1396,1608,340958.224,3767903.565
Burned,1548,1572,1643,2643,1326,1358,1471,1675,340950.766,3767868.616
Burned,1468,1512,1543,2430,1328,1362,1457,1651,340958.687,3767912.623
Burned,1576,1595,1643,2590,1321,1398,1524,1737,340922.963,3767931.007
Burned,1548,1572,1643,2643,1326,1358,1471,1675,340956.697,3767863.766
Burned,1485,1483,1540,2518,1287,1314,1388,1522,340921.596,3767897.779
Burned,1659,1682,1739,2768,1321,1452,1564,1855,340917.952,3767920.099
Burned,1521,1551,1622,2616,1263,1293,1377,1518,340932.043,3767879.199
Burned,1487,1521,1582,2566,1238,1268,1357,1480,340945.727,3767875.365
Burned,1846,1924,1936,3035,1322,1434,1565,1872,340909.947,3767890.628
Burned,1468,1512,1543,2430,1328,1362,1457,1651,340950.518,3767918.948
Burned,1438,1412,1479,2415,1322,1377,1410,1575,340936.712,3767894.674
Burned,1452,1478,1529,2347,1278,1323,1410,1548,340965.278,3767948.519
Burned,1485,1483,1540,2518,1287,1314,1388,1522,340926.284,3767898.586
Burned,1495,1542,1590,2490,1330,1360,1464,1652,340941.858,3767936.847
Burned,1412,1442,1461,2382,1304,1338,1384,1574,340951.506,3767896.483
Burned,1457,1489,1520,2356,1236,1266,1350,1534,340978.899,3767893.905
Burned,1581,1596,1641,2617,1364,1454,1540,1777,340922.766,3767920.027
Burned,1662,1690,1777,2864,1451,1520,1673,1887,340927.303,3767867.557
Burned,1474,1523,1570,2439,1312,1342,1459,1655,340956.859,3767935.695
Burned,1565,1559,1659,2494,1282,1370,1443,1773,340983.164,3767870.579
Burned,1565,1559,1659,2494,1282,1370,1443,1773,340983.298,3767878.715
Burned,1452,1501,1503,2364,1271,1327,1397,1583,340969.540,3767906.129
Burned,1472,1519,1562,2417,1318,1342,1439,1634,340958.273,3767949.138
Burned,1417,1424,1462,2401,1303,1371,1424,1547,340944.646,3767892.558
Burned,1548,1572,1643,2643,1326,1358,1471,1675,340958.371,3767863.186
Burned,1485,1483,1540,2518,1287,1314,1388,1522,340929.423,3767895.643
Burned,1435,1467,1500,2397,1220,1264,1302,1507,340961.225,3767883.486
Burned,1487,1476,1540,2469,1323,1351,1426,1605,340931.200,3767904.460
Burned,1421,1449,1480,2419,1254,1279,1327,1478,340952.166,3767887.682
Burned,1599,1601,1706,2517,1312,1382,1527,1750,340994.300,3767871.965
Burned,1469,1491,1542,2400,1211,1266,1407,1655,340978.077,3767887.356
Burned,1421,1449,1480,2419,1254,1279,1327,1478,340955.663,3767887.285
Burned,1457,1489,1520,2356,1236,1266,1350,1534,340973.490,3767895.058
Burned,1452,1478,1529,2347,1278,1323,1410,1548,340968.687,3767940.239
Burned,1472,1519,1562,2417,1318,1342,1439,1634,340959.614,3767947.318
Burned,1449,1437,1507,2464,1282,1308,1378,1534,340934.612,3767881.036
Burned,1490,1529,1546,2334,1356,1384,1428,1561,340970.490,3767917.738
Burned,1490,1529,1546,2334,1356,1384,1428,1561,340970.186,3767915.817
Burned,1566,1597,1665,2697,1359,1408,1514,1702,340943.867,3767866.561
Burned,1861,1902,1959,3039,1439,1516,1688,1990,340908.610,3767919.669
Burned,1468,1515,1522,2367,1304,1373,1456,1618,340960.569,3767910.140
Burned,1487,1515,1546,2320,1263,1318,1378,1567,340972.799,3767924.876
Burned,1412,1442,1461,2382,1304,1338,1384,1574,340959.537,3767898.719
Burned,1868,1919,1961,3052,1399,1495,1692,1925,340904.918,3767909.092
Burned,1637,1676,1714,2768,1330,1430,1558,1792,340919.793,3767913.542
Burned,1465,1495,1535,2360,1298,1322,1413,1603,340969.042,3767937.236
Burned,1438,1412,1479,2415,1322,1377,1410,1575,340930.583,3767898.556
Burned,1438,1412,1479,2415,1322,1377,1410,1575,340931.902,3767894.004
Burned,1472,1519,1562,2417,1318,1342,1439,1634,340959.756,3767944.454
Burned,1661,1665,1733,2834,1490,1571,1678,1964,340945.004,3767858.015
Burned,1494,1539,1584,2456,1286,1341,1425,1615,340948.983,3767941.622
Burned,1599,1601,1706,2517,1312,1382,1527,1750,340994.174,3767878.021
Burned,1566,1597,1665,2697,1359,1408,1514,1702,340949.908,3767867.963
Burned,1535,1537,1594,2571,1307,1385,1478,1593,340921.817,3767900.409
Burned,1452,1501,1503,2364,1271,1327,1397,1583,340960.801,3767900.446
Burned,1637,1676,1714,2768,1330,1430,1558,1792,340912.838,3767912.958
Burned,1472,1519,1562,2417,1318,1342,1439,1634,340951.781,3767943.606
Burned,1468,1512,1543,2430,1328,1362,1457,1651,340959.425,3767915.733
Burned,1560,1636,1645,2710,1271,1335,1421,1585,340919.646,3767895.737
Burned,1472,1519,1562,2417,1318,1342,1439,1634,340950.614,3767944.624
Burned,1449,1437,1507,2464,1282,1308,1378,1534,340932.631,3767889.639
Burned,1452,1478,1529,2347,1278,1323,1410,1548,340964.058,3767943.017
Burned,1504,1510,1578,2576,1256,1309,1376,1515,340921.690,3767888.979
Burned,1487,1515,1546,2320,1263,1318,1378,1567,340977.563,3767922.744
Burned,1448,1486,1509,2409,1287,1342,1396,1608,340951.296,3767901.650
Burned,1457,1489,1520,2356,1236,1266,1350,1534,340977.439,3767893.252
Burned,1474,1496,1541,2308,1275,1335,1404,1519,340970.252,3767936.467
Burned,1576,1595,1643,2590,1321,1398,1524,1737,340929.560,3767934.404
Burned,1604,1660,1682,2749,1342,1408,1508,1691,340914.857,3767905.693
Burned,1485,1483,1540,2518,1287,1314,1388,1522,340925.168,3767897.662
Burned,1465,1495,1535,2360,1298,1322,1413,1603,340969.014,3767936.691
Burned,1421,1449,1480,2419,1254,1279,1327,1478,340955.731,3767886.069
Burned,1465,1495,1535,2360,1298,1322,1413,1603,340961.772,3767932.886
Burned,1465,1495,1535,2360,1298,1322,1413,1603,340967.453,3767934.235
Burned,1592,1620,1706,2742,1291,1346,1440,1580,340928.878,3767873.667
Burned,1581,1596,1641,2617,1364,1454,1540,1777,340929.610,3767925.605
Burned,1526,1547,1589,2526,1387,1421,1510,1689,340939.640,3767926.551
Burned,1449,1437,1507,2464,1282,1308,1378,1534,340936.453,3767888.382
Burned,1662,1690,1777,2864,1451,1520,1673,1887,340924.164,3767864.178
Burned,1548,1572,1643,2643,1326,1358,1471,1675,340956.142,3767861.497
Burned,1565,1559,1659,2494,1282,1370,1443,1773,340980.026,3767877.576
Burned,1476,1508,1564,2522,1246,1266,1330,1541,340957.016,3767870.208
Burned,1592,1620,1706,2742,1291,1346,1440,1580,340926.250,3767875.377
Burned,1473,1521,1564,2443,1360,1376,1492,1663,340957.577,3767921.946
Burned,1566,1597,1665,2697,1359,1408,1514,1702,340946.150,3767865.067
Burned,1452,1501,1503,2364,1271,1327,1397,1583,340964.764,3767908.080
Burned,1480,1520,1537,2346,1272,1314,1362,1512,340978.356,3767901.579
Burned,1522,1521,1605,2426,1363,1436,1526,1785,340988.083,3767882.245
Burned,1457,1489,1520,2356,1236,1266,1350,1534,340973.765,3767893.666
Burned,1599,1601,1706,2517,1312,1382,1527,1750,340991.149,3767874.502
Burned,1449,1437,1507,2464,1282,1308,1378,1534,340936.601,3767880.619
Burned,1468,1512,1543,2430,1328,1362,1457,1651,340955.710,3767911.108
Burned,1449,1437,1507,2464,1282,1308,1378,1534,340937.912,3767881.710
Burned,1581,1596,1641,2617,1364,1454,1540,1777,340925.230,3767923.255
Burned,1426,1439,1482,2442,1253,1296,1370,1451,340940.924,3767880.793
Burned,1581,1596,1641,2617,1364,1454,1540,1777,340921.490,3767928.746
Burned,1473,1521,1564,2443,1360,1376,1492,1663,340957.100,3767923.639
Burned,1565,1559,1659,2494,1282,1370,1443,1773,340985.310,3767870.106
Burned,1487,1521,1582,2566,1238,1268,1357,1480,340947.653,3767874.276
Burned,1504,1510,1578,2576,1256,1309,1376,1515,340920.155,3767882.727
Burned,1476,1508,1564,2522,1246,1266,1330,1541,340957.082,3767872.416
Burned,1476,1508,1564,2522,1246,1266,1330,1541,340951.264,3767879.452
Burned,1421,1449,1480,2419,1254,1279,1327,1478,340953.893,3767883.408
Burned,1548,1572,1643,2643,1326,1358,1471,1675,340953.399,3767867.323
Burned,1587,1585,1686,2549,1248,1302,1386,1606,340982.374,3767869.895
Burned,1556,1569,1650,2561,1326,1396,1512,1756,340979.343,3767869.987
Burned,1449,1437,1507,2464,1282,1308,1378,1534,340932.355,3767884.387
Burned,1519,1538,1597,2462,1276,1322,1394,1620,340935.021,3767940.338
Burned,1543,1565,1635,2593,1330,1351,1458,1693,340963.777,3767868.668
Burned,1474,1523,1570,2439,1312,1342,1459,1655,340955.505,3767939.509
Burned,1468,1512,1543,2430,1328,1362,1457,1651,340958.307,3767912.484
Burned,1438,1412,1479,2415,1322,1377,1410,1575,340932.928,3767895.623
Burned,1474,1523,1570,2439,1312,1342,1459,1655,340954.385,3767933.359
Burned,1567,1575,1628,2603,1338,1416,1521,1693,340921.902,3767914.884
Burned,1468,1512,1543,2430,1328,1362,1457,1651,340953.119,3767918.186
Burned,1592,1658,1695,2775,1268,1332,1418,1613,340919.221,3767885.229
Burned,1487,1476,1540,2469,1323,1351,1426,1605,340933.023,3767907.268
Burned,1592,1658,1695,2775,1268,1332,1418,1613,340912.255,3767883.235
Burned,1426,1439,1482,2442,1253,1296,1370,1451,340942.703,3767880.972
Burned,1565,1559,1659,2494,1282,1370,1443,1773,340989.275,3767878.862
Burned,1868,1919,1961,3052,1399,1495,1692,1925,340908.029,3767902.677
Burned,1861,1902,1959,3039,1439,1516,1688,1990,340908.895,3767912.317
Burned,1494,1539,1584,2456,1286,1341,1425,1615,340944.522,3767945.502
Burned,1661,1665,1733,2834,1490,1571,1678,1964,340941.796,3767859.322
Burned,1480,1520,1537,2346,1272,1314,1362,1512,340977.948,3767901.022
Burned,1491,1534,1583,2497,1338,1402,1520,1654,340943.043,3767920.164
Burned,1426,1439,1482,2442,1253,1296,1370,1451,340946.357,3767889.902
Burned,1494,1539,1584,2456,1286,1341,1425,1615,340941.187,3767940.197
Burned,1516,1527,1602,2476,1326,1376,1536,1778,340977.605,3767873.080
Burned,1516,1521,1577,2506,1350,1387,1457,1658,340930.573,3767912.783
Burned,1824,1873,1931,2998,1412,1540,1720,2100,340908.245,3767924.118
Burned,1788,1835,1902,3196,1495,1594,1784,2060,340527.802,3768489.146
Burned,1711,1767,1816,2963,1346,1443,1619,1956,340559.347,3768570.059
Burned,1773,1813,1880,3100,1364,1460,1626,1852,340533.317,3768486.964
Burned,1835,1892,1959,3290,1500,1585,1740,2049,340513.281,3768496.810
Burned,1778,1817,1890,3074,1434,1560,1782,2098,340522.009,3768542.399
Burned,1778,1843,1893,3062,1520,1673,1856,2176,340518.606,3768400.008
Burned,1547,1582,1636,2768,1310,1386,1480,1763,340535.425,3768458.801
Burned,1647,1696,1735,3067,1394,1440,1566,1802,340504.325,3768451.110
Burned,1836,1895,1950,3131,1462,1543,1772,2072,340504.853,3768398.016
Burned,1772,1827,1881,3023,1410,1548,1714,2078,340500.181,3768409.738
Burned,1778,1817,1890,3074,1434,1560,1782,2098,340522.203,3768541.033
Burned,1540,1574,1630,2754,1345,1410,1538,1838,340531.045,3768447.150
Burned,1478,1565,1620,2651,1374,1400,1445,1603,340560.057,3768430.410
Burned,1795,1887,1964,3059,1416,1557,1747,2152,340537.218,3768533.592
Burned,1654,1684,1749,2928,1347,1414,1525,1744,340531.067,3768403.866
Burned,1778,1843,1893,3062,1520,1673,1856,2176,340513.121,3768401.060
Burned,1773,1813,1880,3100,1364,1460,1626,1852,340531.639,3768483.458
Burned,1859,1967,2037,3344,1438,1539,1733,2041,340490.883,3768514.318
Burned,1597,1650,1707,2786,1268,1311,1398,1628,340545.520,3768471.926
Burned,1552,1586,1633,2827,1318,1352,1476,1682,340523.036,3768445.613
Burned,1579,1609,1655,2849,1318,1380,1469,1721,340527.518,3768430.757
Burned,1857,1939,1993,3062,1394,1548,1746,2159,340552.070,3768547.419
Burned,1809,1849,1913,3308,1418,1508,1680,2004,340486.275,3768465.256
Burned,1861,1926,1984,3211,1493,1616,1786,2128,340538.445,3768509.208
Burned,1718,1775,1822,2993,1484,1655,1860,2189,340519.828,3768415.093
Burned,1835,1892,1959,3290,1500,1585,1740,2049,340514.783,3768492.678
Burned,1813,1860,1938,3208,1422,1504,1682,1939,340502.288,3768522.684
Burned,1817,1880,1923,3048,1338,1447,1616,1922,340557.074,3768557.874
Burned,1772,1827,1881,3023,1410,1548,1714,2078,340502.054,3768401.351
Burned,1654,1684,1749,2928,1347,1414,1525,1744,340531.932,3768405.359
Burned,1801,1877,1929,3307,1440,1532,1716,1979,340503.065,3768485.162
Burned,1761,1834,1876,3256,1424,1512,1708,1981,340504.039,3768473.305
Burned,1829,1890,1947,3203,1380,1482,1668,1916,340522.717,3768513.518
Burned,1597,1650,1707,2786,1268,1311,1398,1628,340541.005,3768476.583
Burned,1571,1615,1655,2909,1327,1384,1496,1700,340510.780,3768442.095
Burned,1778,1843,1893,3062,1520,1673,1856,2176,340514.970,3768400.526
Burned,1538,1591,1661,2612,1305,1394,1526,1822,340561.946,3768454.714
Burned,1763,1826,1878,3290,1408,1450,1647,1904,340495.188,3768474.470
Burned,1527,1579,1647,2646,1341,1417,1536,1761,340558.339,3768446.777
Burned,1803,1910,1983,3086,1358,1468,1592,1930,340533.750,3768525.915
Burned,1621,1658,1724,2901,1419,1426,1540,1769,340533.874,3768411.239
Burned,1880,1933,2007,3336,1509,1632,1852,2216,340507.138,3768506.471
Burned,1530,1560,1612,2701,1336,1403,1513,1726,340553.241,3768414.319
Burned,1676,1739,1772,3093,1440,1524,1692,1945,340510.723,3768464.796
Burned,1717,1739,1787,3151,1402,1488,1628,1829,340493.205,3768454.036
Burned,1654,1684,1749,2928,1347,1414,1525,1744,340534.900,3768401.694
Burned,1840,1910,1973,3334,1449,1574,1728,2029,340507.971,3768494.492
Burned,1717,1739,1787,3151,1402,1488,1628,1829,340495.133,3768456.208
Burned,1560,1593,1647,2797,1316,1420,1527,1787,340531.405,3768432.784
Burned,1804,1849,1929,3166,1431,1548,1722,2046,340510.974,3768522.962
Burned,1568,1607,1651,2869,1314,1371,1505,1697,340525.577,3768456.810
Burned,1718,1775,1822,2993,1484,1655,1860,2189,340511.635,3768418.316
Burned,1647,1696,1735,3067,1394,1440,1566,1802,340507.073,3768454.088
Burned,1763,1821,1876,2915,1350,1432,1561,1840,340555.561,3768486.340
Burned,1751,1811,1855,2997,1351,1438,1603,1848,340559.763,3768561.437
Burned,1741,1808,1847,3187,1477,1607,1772,2012,340511.433,3768470.688
Burned,1647,1696,1735,3067,1394,1440,1566,1802,340505.152,3768455.781
Burned,1795,1887,1964,3059,1416,1557,1747,2152,340532.436,3768534.898
Burned,1828,1851,1922,3268,1461,1536,1730,1988,340489.219,3768450.375
Burned,1752,1803,1880,3085,1400,1502,1646,1937,340511.544,3768532.354
Burned,1829,1890,1947,3203,1380,1482,1668,1916,340522.791,3768514.350
Burned,1529,1582,1653,2619,1334,1352,1504,1781,340550.950,3768457.936
Burned,1887,1983,2045,3414,1446,1612,1796,2110,340485.188,3768506.646
Burned,1763,1821,1876,2915,1350,1432,1561,1840,340554.120,3768482.550
Burned,1478,1565,1620,2651,1374,1400,1445,1603,340561.621,3768436.739
Burned,1631,1657,1727,2830,1296,1384,1494,1768,340496.212,3768411.866
Burned,1857,1939,1993,3062,1394,1548,1746,2159,340554.883,3768541.089
Burned,1619,1655,1706,2896,1331,1437,1571,1819,340526.120,3768420.350
Burned,1871,1916,1996,3294,1418,1601,1769,2121,340506.813,3768514.040
Burned,1813,1860,1938,3208,1422,1504,1682,1939,340506.391,3768520.282
Burned,1887,1965,2026,3065,1484,1640,1807,2232,340556.953,3768496.895
Burned,1654,1684,1749,2928,1347,1414,1525,1744,340531.368,3768406.585
Burned,1746,1793,1849,2968,1327,1436,1542,1816,340546.667,3768482.510
Burned,1830,1922,1995,3038,1413,1535,1738,2100,340540.524,3768532.741
Burned,1911,2047,2136,3075,1338,1516,1606,2359,340552.173,3768528.034
Burned,1852,1940,1998,3383,1456,1578,1767,2041,340492.126,3768497.475
Burned,1704,1753,1803,2947,1419,1504,1718,2007,340507.152,3768415.758
Burned,1849,1933,1992,3177,1445,1524,1701,2034,340538.284,3768515.246
Burned,1809,1849,1913,3308,1418,1508,1680,2004,340488.361,3768465.549
Burned,1801,1877,1929,3307,1440,1532,1716,1979,340509.503,3768487.479
Burned,1823,1857,1919,3116,1404,1528,1732,1986,340531.436,3768550.145
Burned,1549,1583,1641,2779,1354,1417,1487,1711,340548.987,3768429.256
Burned,1730,1776,1826,3224,1407,1486,1665,1903,340498.994,3768462.706
Burned,1828,1851,1922,3268,1461,1536,1730,1988,340489.862,3768455.640
Burned,1540,1574,1630,2754,1345,1410,1538,1838,340534.399,3768445.509
Burned,1857,1939,1993,3062,1394,1548,1746,2159,340559.662,3768543.293
Burned,1589,1604,1665,2792,1331,1384,1507,1718,340541.980,3768404.051
Burned,1597,1650,1707,2786,1268,1311,1398,1628,340540.844,3768473.521
Burned,1761,1834,1876,3256,1424,1512,1708,1981,340509.128,3768472.133
Burned,1773,1813,1880,3100,1364,1460,1626,1852,340530.121,3768483.773
Burned,1549,1583,1641,2779,1354,1417,1487,1711,340548.912,3768426.378
Burned,1730,1776,1826,3224,1407,1486,1665,1903,340490.131,3768468.454
Burned,1752,1803,1880,3085,1400,1502,1646,1937,340518.404,3768539.478
Burned,1568,1607,1651,2869,1314,1371,1505,1697,340520.272,3768452.036
Burned,1511,1570,1634,2622,1360,1464,1520,1750,340560.948,3768442.740
Burned,1858,1962,2044,3069,1373,1436,1593,2026,340547.335,3768522.845
Burned,1621,1658,1724,2901,1419,1426,1540,1769,340537.412,3768412.195
Burned,1778,1843,1893,3062,1520,1673,1856,2176,340511.105,3768404.422
Burned,1817,1880,1923,3048,1338,1447,1616,1922,340553.036,3768550.713
Burned,1911,2047,2136,3075,1338,1516,1606,2359,340555.871,3768528.296
Burned,1803,1910,1983,3086,1358,1468,1592,1930,340539.648,3768521.740
Burned,1746,1793,1849,2968,1327,1436,1542,1816,340545.823,3768484.676
Burned,1823,1857,1919,3116,1404,1528,1732,1986,340539.034,3768550.104
Burned,1702,1748,1793,3085,1452,1516,1648,1912,340520.778,3768478.843
Burned,1717,1763,1825,3017,1424,1572,1708,1992,340525.918,3768406.710
Burned,1849,1933,1992,3177,1445,1524,1701,2034,340533.556,3768510.148
Burned,1526,1579,1638,2687,1302,1344,1416,1658,340547.596,3768463.178
Burned,1887,1983,2045,3414,1446,1612,1796,2110,340481.713,3768507.058
Burned,1581,1632,1691,2816,1294,1391,1488,1767,340497.156,3768426.533
Burned,1858,1962,2044,3069,1373,1436,1593,2026,340547.674,3768522.334
Burned,1672,1723,1784,2968,1446,1548,1695,1992,340526.453,3768412.585
Burned,1549,1583,1641,2779,1354,1417,1487,1711,340540.003,3768427.401
Burned,1549,1575,1630,2681,1320,1363,1472,1691,340559.137,3768408.612
Burned,1920,2019,2099,3170,1472,1572,1773,2129,340544.828,3768518.064
Burned,1871,1986,2063,3039,1381,1570,1697,2282,340556.243,3768535.218
Burned,1778,1817,1890,3074,1434,1560,1782,2098,340527.175,3768546.016
Burned,1859,1967,2037,3344,1438,1539,1733,2041,340491.924,3768514.763
Burned,1763,1826,1878,3290,1408,1450,1647,1904,340493.700,3768475.514
Burned,1836,1895,1950,3131,1462,1543,1772,2072,340507.522,3768396.331
Burned,1676,1739,1772,3093,1440,1524,1692,1945,340510.833,3768467.357
Burned,1549,1575,1630,2681,1320,1363,1472,1691,340559.738,3768407.282
Burned,1772,1827,1881,3023,1410,1548,1714,2078,340505.026,3768400.858
Burned,1647,1696,1735,3067,1394,1440,1566,1802,340509.042,3768455.511
Burned,1730,1776,1826,3224,1407,1486,1665,1903,340494.612,3768466.428
Burned,1647,1696,1735,3067,1394,1440,1566,1802,340503.199,3768459.282
Burned,1919,2002,2075,3179,1490,1659,1867,2298,340543.172,3768508.404
Burned,1837,1898,1954,3076,1440,1565,1791,2121,340544.725,3768541.911
Burned,1527,1579,1647,2646,1341,1417,1536,1761,340553.476,3768445.249
Burned,1920,2019,2099,3170,1472,1572,1773,2129,340543.698,3768510.770
Burned,1827,1886,1937,3134,1448,1570,1755,2057,340510.895,3768398.043
Burned,1920,2019,2099,3170,1472,1572,1773,2129,340545.611,3768510.203
Burned,1559,1626,1699,2622,1273,1317,1450,1739,340560.376,3768464.118
Burned,1549,1575,1630,2681,1320,1363,1472,1691,340557.929,3768408.974
Burned,1763,1821,1876,2915,1350,1432,1561,1840,340551.745,3768486.723
Burned,1513,1566,1621,2714,1357,1416,1545,1792,340552.110,3768424.290
Burned,1512,1572,1632,2696,1361,1393,1484,1684,340552.683,3768438.369
Burned,1581,1632,1691,2816,1294,1391,1488,1767,340496.887,3768427.760
Burned,1741,1808,1847,3187,1477,1607,1772,2012,340513.707,3768470.836
Burned,1809,1849,1913,3308,1418,1508,1680,2004,340489.498,3768469.048
Burned,1872,1979,2046,3390,1506,1607,1850,2211,340493.655,3768505.083
Burned,1813,1860,1938,3208,1422,1504,1682,1939,340505.797,3768527.662
Burned,1861,1926,1984,3211,1493,1616,1786,2128,340535.679,3768509.445
Burned,1861,1926,1984,3211,1493,1616,1786,2128,340536.575,3768503.553
Burned,1788,1835,1902,3196,1495,1594,1784,2060,340524.882,3768487.731
Burned,2019,2239,2331,3174,1418,1578,1766,2634,340561.412,3768515.303
Burned,1825,1899,1958,2941,1394,1492,1706,1957,340560.487,3768486.814
Burned,1717,1739,1787,3151,1402,1488,1628,1829,340497.364,3768453.050
Burned,1568,1607,1651,2869,1314,1371,1505,1697,340526.266,3768456.494
Burned,1597,1661,1724,2713,1283,1341,1464,1628,340551.504,3768470.854
Burned,1730,1776,1826,3224,1407,1486,1665,1903,340496.212,3768466.647
Burned,1871,1891,1986,3075,1581,1835,2103,2454,345948.847,3768766.098
Burned,1443,1458,1508,2554,1264,1287,1346,1510,345990.988,3768821.246
Burned,1627,1632,1697,2696,1339,1360,1453,1776,345935.021,3768757.402
Burned,1628,1672,1743,2896,1478,1509,1612,1837,345968.698,3768808.052
Burned,1715,1766,1804,3138,1434,1536,1681,2024,345991.326,3768777.664
Burned,1621,1640,1709,2873,1340,1411,1514,1723,345981.428,3768739.834
Burned,1640,1670,1725,2828,1330,1382,1492,1676,345972.300,3768725.506
Burned,1671,1685,1741,3014,1406,1439,1537,1789,345981.935,3768752.383
Burned,1485,1514,1556,2604,1316,1316,1391,1540,345935.400,3768728.248
Burned,1673,1700,1739,2876,1326,1353,1475,1691,345978.124,3768730.051
Burned,1684,1703,1785,2755,1292,1342,1484,1658,345946.703,3768734.663
Burned,1532,1545,1625,2721,1310,1360,1432,1584,345972.473,3768817.874
Burned,1627,1632,1697,2696,1339,1360,1453,1776,345930.713,3768750.551
Burned,1664,1717,1736,3025,1398,1484,1553,1804,345978.752,3768789.833
Burned,1726,1793,1867,3015,1476,1511,1629,1900,345952.755,3768804.081
Burned,1861,1841,1962,2963,1742,1891,2081,2550,345959.297,3768742.427
Burned,1485,1514,1556,2604,1316,1316,1391,1540,345932.929,3768720.951
Burned,1466,1482,1537,2578,1308,1350,1416,1507,345985.165,3768828.769
Burned,1895,1926,1994,3170,1457,1598,1844,2119,345958.399,3768767.323
Burned,1526,1544,1589,2769,1349,1386,1494,1673,345991.979,3768809.708
Burned,1871,1891,1986,3075,1581,1835,2103,2454,345943.039,3768764.930
Burned,1799,1809,1870,3005,1496,1662,1762,2124,345938.489,3768791.950
Burned,1437,1464,1500,2563,1310,1342,1422,1587,345928.072,3768725.044
Burned,1521,1538,1602,2568,1332,1375,1486,1791,345977.581,3768830.638
Burned,1717,1744,1787,2865,1365,1466,1670,1876,345968.352,3768730.691
Burned,1726,1730,1865,2877,1324,1381,1628,1860,345937.694,3768773.347
Burned,1725,1771,1794,3046,1434,1467,1572,1758,345967.888,3768781.808
Burned,1593,1627,1712,2799,1346,1368,1476,1621,345966.508,3768815.852
Burned,1526,1533,1604,2620,1311,1324,1384,1555,345972.503,3768826.826
Burned,1730,1727,1768,2955,1355,1360,1512,1652,345977.270,3768740.236
Burned,1673,1700,1739,2876,1326,1353,1475,1691,345976.456,3768731.521
Burned,1552,1570,1574,2624,1326,1323,1383,1500,345917.190,3768792.688
Burned,1685,1691,1820,2800,1372,1414,1569,1925,345932.115,3768767.115
Burned,1593,1627,1712,2799,1346,1368,1476,1621,345963.868,3768810.634
Burned,1861,1841,1962,2963,1742,1891,2081,2550,345953.689,3768741.183
Burned,1879,1906,1984,3120,1612,1832,1973,2508,345945.337,3768777.505
Burned,1604,1634,1687,2686,1386,1415,1470,1636,345947.301,3768721.988
Burned,1490,1495,1556,2685,1302,1337,1436,1558,345982.342,3768814.158
Burned,1815,1806,1868,3037,1503,1590,1679,1989,345963.735,3768755.981
Burned,1647,1655,1719,2938,1375,1406,1511,1718,345983.139,3768747.245
Burned,1631,1673,1703,2947,1471,1518,1578,1805,345978.931,3768790.246
Burned,1479,1502,1556,2539,1271,1286,1362,1604,345984.176,3768833.092
Burned,1485,1514,1556,2604,1316,1316,1391,1540,345934.064,3768720.255
Burned,1809,1875,1945,3087,1606,1692,1876,2322,345941.803,3768806.598
Burned,1874,1918,1977,3111,1638,1772,2103,2345,345939.445,3768802.004
Burned,1441,1458,1470,2446,1244,1243,1300,1486,345922.950,3768749.997
Burned,1604,1634,1687,2686,1386,1415,1470,1636,345948.144,3768724.430
Burned,1701,1710,1750,2852,1346,1422,1480,1654,345924.893,3768790.627
Burned,1627,1632,1697,2696,1339,1360,1453,1776,345936.678,3768759.988
Burned,1727,1783,1819,3088,1472,1490,1588,1807,345960.863,3768770.836
Burned,1621,1640,1709,2873,1340,1411,1514,1723,345982.287,3768732.620
Burned,1696,1744,1782,3121,1412,1486,1637,1885,345989.265,3768770.275
Burned,1568,1580,1619,2633,1280,1288,1342,1521,345931.162,3768746.752
Burned,1526,1533,1604,2620,1311,1324,1384,1555,345974.610,3768827.943
Burned,1526,1544,1589,2769,1349,1386,1494,1673,345995.850,3768800.009
Burned,1604,1634,1687,2686,1386,1415,1470,1636,345943.719,3768729.430
Burned,1485,1514,1556,2604,1316,1316,1391,1540,345937.957,3768720.454
Burned,1509,1535,1584,2609,1225,1258,1341,1510,345939.113,3768732.463
Burned,1727,1783,1819,3088,1472,1490,1588,1807,345966.899,3768775.175
Burned,1846,1834,1952,2960,1502,1654,1945,2258,345941.443,3768755.928
Burned,1572,1577,1707,2630,1326,1347,1389,1644,345929.609,3768773.689
Burned,1526,1544,1589,2769,1349,1386,1494,1673,345994.694,3768801.232
Burned,1466,1486,1496,2470,1312,1353,1424,1526,345919.355,3768786.545
Burned,1869,1877,1947,3095,1535,1656,1912,2219,345945.695,3768786.231
Burned,1621,1640,1709,2873,1340,1411,1514,1723,345983.995,3768735.183
Burned,1815,1806,1868,3037,1503,1590,1679,1989,345967.376,3768759.534
Burned,1679,1722,1761,3073,1402,1480,1610,1823,345981.110,3768784.337
Burned,1753,1772,1853,2840,1522,1679,1776,2236,345950.588,3768734.408
Burned,1468,1487,1539,2538,1336,1319,1415,1502,345994.558,3768834.072
Burned,1753,1772,1853,2840,1522,1679,1776,2236,345957.185,3768732.685
Burned,1715,1766,1804,3138,1434,1536,1681,2024,345995.090,3768777.422
Burned,1631,1673,1703,2947,1471,1518,1578,1805,345979.580,3768795.547
Burned,1443,1458,1508,2554,1264,1287,1346,1510,345996.478,3768824.005
Burned,1568,1580,1619,2633,1280,1288,1342,1521,345932.866,3768746.869
Burned,1717,1744,1787,2865,1365,1466,1670,1876,345963.887,3768739.042
Burned,1871,1891,1986,3075,1581,1835,2103,2454,345948.174,3768763.213
Burned,1572,1577,1707,2630,1326,1347,1389,1644,345923.744,3768776.795
Burned,1861,1841,1962,2963,1742,1891,2081,2550,345951.369,3768742.522
Burned,1684,1703,1785,2755,1292,1342,1484,1658,345943.263,3768738.682
Burned,1809,1875,1945,3087,1606,1692,1876,2322,345944.296,3768804.687
Burned,1628,1672,1743,2896,1478,1509,1612,1837,345965.222,3768801.133
Burned,1673,1700,1739,2876,1326,1353,1475,1691,345973.621,3768738.180
Burned,1628,1672,1743,2896,1478,1509,1612,1837,345966.335,3768800.218
Burned,1809,1875,1945,3087,1606,1692,1876,2322,345942.473,3768806.234
Burned,1572,1577,1707,2630,1326,1347,1389,1644,345920.755,3768776.818
Burned,1715,1766,1804,3138,1434,1536,1681,2024,345992.246,3768773.834
Burned,1544,1554,1611,2817,1396,1404,1532,1744,345983.239,3768801.271
Burned,1631,1673,1703,2947,1471,1518,1578,1805,345979.274,3768796.118
Burned,1647,1655,1719,2938,1375,1406,1511,1718,345981.258,3768748.769
Burned,1509,1535,1584,2609,1225,1258,1341,1510,345936.534,3768733.237
Burned,1543,1566,1619,2592,1350,1412,1584,1753,345996.454,3768842.228
Burned,1615,1616,1682,2719,1361,1390,1428,1666,345927.746,3768782.391
Burned,1631,1673,1703,2947,1471,1518,1578,1805,345971.140,3768795.664
Burned,1544,1565,1592,2646,1360,1377,1439,1564,345947.610,3768716.716
Burned,1490,1495,1556,2685,1302,1337,1436,1558,345986.171,3768811.201
Burned,1468,1487,1539,2538,1336,1319,1415,1502,345996.471,3768837.730
Burned,1664,1717,1736,3025,1398,1484,1553,1804,345970.265,3768780.657
Burned,1861,1841,1962,2963,1742,1891,2081,2550,345959.981,3768740.858
Burned,1468,1487,1539,2538,1336,1319,1415,1502,345994.793,3768836.482
Burned,1628,1672,1743,2896,1478,1509,1612,1837,345963.029,3768804.707
Burned,1895,1926,1994,3170,1457,1598,1844,2119,345954.930,3768766.561
Burned,1658,1692,1742,2797,1414,1514,1631,1932,345964.853,3768729.591
Burned,1717,1744,1787,2865,1365,1466,1670,1876,345969.418,3768733.879
Burned,1658,1692,1742,2797,1414,1514,1631,1932,345967.023,3768721.066
Burned,1631,1638,1726,2812,1349,1376,1498,1650,345972.890,3768716.673
Burned,1727,1783,1819,3088,1472,1490,1588,1807,345967.484,3768778.470
Burned,1628,1658,1704,2972,1456,1444,1583,1829,345988.825,3768798.176
Burned,1725,1771,1794,3046,1434,1467,1572,1758,345966.106,3768783.207
Burned,1690,1730,1771,3062,1417,1460,1578,1812,345979.099,3768767.823
Burned,1750,1747,1832,2927,1378,1494,1666,1906,345930.928,3768784.793
Burned,1750,1747,1832,2927,1378,1494,1666,1906,345932.160,3768787.993
Burned,1664,1717,1736,3025,1398,1484,1553,1804,345971.474,3768785.302
Burned,1765,1839,1905,3008,1500,1581,1878,2060,345944.574,3768812.232
Burned,1880,1923,1969,3190,1433,1575,1744,1981,345959.368,3768773.352
Burned,1809,1875,1945,3087,1606,1692,1876,2322,345945.951,3768801.462
Burned,1715,1766,1804,3138,1434,1536,1681,2024,345990.960,3768777.783
Burned,1593,1627,1712,2799,1346,1368,1476,1621,345964.593,3768812.934
Burned,1593,1627,1712,2799,1346,1368,1476,1621,345963.020,3768819.342
Burned,1621,1640,1709,2873,1340,1411,1514,1723,345983.109,3768730.357
Burned,1631,1638,1726,2812,1349,1376,1498,1650,345974.468,3768718.982
Burned,1869,1877,1947,3095,1535,1656,1912,2219,345944.359,3768783.584
Burned,1869,1877,1947,3095,1535,1656,1912,2219,345949.330,3768784.575
Burned,1685,1691,1820,2800,1372,1414,1569,1925,345939.238,3768764.116
Burned,1666,1723,1757,3065,1475,1489,1636,1862,345976.231,3768778.778
Burned,1467,1478,1526,2639,1249,1286,1381,1513,345996.311,3768815.145
Burned,1587,1603,1653,2693,1418,1452,1535,1811,345950.301,3768713.773
Burned,1621,1640,1709,2873,1340,1411,1514,1723,345988.925,3768736.460
Burned,1467,1478,1526,2639,1249,1286,1381,1513,345994.702,3768813.961
Burned,1861,1885,1934,3134,1458,1518,1597,1865,345954.111,3768784.837
Burned,1497,1517,1533,2618,1350,1371,1422,1559,345933.976,3768712.724
Burned,1679,1722,1761,3073,1402,1480,1610,1823,345984.061,3768783.294
Burned,1588,1601,1677,2691,1266,1323,1434,1569,345966.840,3768825.351
Burned,1696,1744,1782,3121,1412,1486,1637,1885,345980.937,3768770.243
Burned,1544,1554,1611,2817,1396,1404,1532,1744,345980.484,3768801.712
Burned,1572,1577,1707,2630,1326,1347,1389,1644,345921.869,3768774.530
Burned,1466,1482,1537,2578,1308,1350,1416,1507,345988.672,3768828.326
Burned,1727,1783,1819,3088,1472,1490,1588,1807,345962.955,3768779.148
Burned,1568,1580,1619,2633,1280,1288,1342,1521,345932.275,3768740.682
Burned,1525,1533,1655,2543,1292,1294,1407,1608,345929.025,3768762.536
Burned,1895,1926,1994,3170,1457,1598,1844,2119,345953.675,3768760.198
Burned,1677,1702,1766,3055,1395,1476,1611,1895,345993.535,3768755.827
Burned,1679,1722,1761,3073,1402,1480,1610,1823,345988.597,3768780.698
Burned,1466,1482,1537,2578,1308,1350,1416,1507,345985.458,3768829.563
Burned,1664,1717,1736,3025,1398,1484,1553,1804,345972.494,3768787.017
Burned,1684,1703,1785,2755,1292,1342,1484,1658,345948.196,3768731.833
Burned,1441,1458,1470,2446,1244,1243,1300,1486,345926.191,3768745.486
Burned,1475,1486,1526,2460,1238,1218,1336,1491,345922.612,3768755.109
Burned,1750,1747,1832,2927,1378,1494,1666,1906,345939.542,3768785.801
Burned,1685,1691,1820,2800,1372,1414,1569,1925,345931.119,3768764.154
Burned,1544,1565,1592,2646,1360,1377,1439,1564,345944.069,3768712.398
Burned,1565,1610,1720,2420,1234,1332,1341,1582,343131.670,3769267.506
Burned,1427,1466,1513,2396,1374,1421,1505,1749,343067.934,3769229.063
Burned,1618,1668,1735,2595,1466,1478,1585,1714,343146.263,3769204.838
Burned,1326,1347,1375,1906,1058,1118,1146,1282,343111.195,3769255.599
Burned,1569,1579,1602,2650,1309,1353,1427,1572,343041.800,3769198.762
Burned,1509,1555,1615,2324,1271,1354,1464,1806,343132.022,3769163.449
Burned,1416,1466,1496,2196,1252,1260,1334,1547,343123.312,3769141.516
Burned,1709,1757,1823,2645,1482,1553,1648,1924,343110.175,3769206.728
Burned,1390,1397,1436,2165,1193,1241,1300,1483,343048.172,3769144.389
Burned,1533,1551,1581,2639,1316,1337,1394,1593,343066.134,3769202.711
Burned,1402,1461,1499,2183,1189,1182,1253,1413,343148.078,3769238.609
Burned,1380,1432,1481,2309,1321,1328,1389,1539,343087.791,3769221.510
Burned,1326,1347,1375,1906,1058,1118,1146,1282,343111.648,3769250.624
Burned,1643,1707,1781,2530,1416,1492,1667,2130,343114.792,3769217.534
Burned,1327,1367,1424,1931,1170,1180,1219,1508,343128.387,3769255.389
Burned,1481,1505,1544,2545,1369,1399,1463,1668,343063.748,3769216.464
Burned,1249,1285,1319,1951,1141,1164,1178,1352,343062.523,3769242.210
Burned,1557,1598,1643,2401,1376,1422,1500,1730,343122.810,3769175.854
Burned,1276,1322,1391,1942,1090,1077,1097,1174,343140.202,3769256.594
Burned,1383,1412,1457,2162,1193,1245,1292,1474,343118.548,3769147.678
Burned,1326,1347,1375,1906,1058,1118,1146,1282,343118.788,3769259.201
Burned,2184,2194,2286,3467,1722,1908,2142,2562,343124.885,3769295.060
Burned,1554,1593,1652,2394,1396,1452,1550,1848,343139.606,3769174.378
Burned,1395,1417,1455,2197,1274,1251,1321,1451,343091.458,3769157.965
Burned,1640,1665,1692,2700,1456,1550,1626,1846,343072.291,3769183.509
Burned,1665,1691,1722,2655,1469,1489,1580,1772,343096.041,3769180.496
Burned,2164,2245,2299,3425,1813,2102,2408,2896,343150.038,3769290.827
Burned,1650,1728,1817,2590,1364,1410,1574,2015,343138.363,3769208.491
Burned,1320,1372,1429,2165,1250,1265,1294,1454,343075.578,3769234.673
Burned,1403,1461,1510,2286,1263,1251,1352,1574,343092.595,3769229.705
Burned,1392,1444,1495,2351,1337,1397,1440,1638,343078.971,3769222.116
Burned,1481,1505,1544,2545,1369,1399,1463,1668,343064.769,3769214.029
Burned,1365,1385,1434,2138,1199,1224,1260,1421,343107.696,3769147.854
Burned,2223,2248,2300,3395,1962,2206,2516,3011,343149.601,3769283.109
Burned,1702,1720,1763,2680,1540,1616,1694,1886,343107.334,3769198.897
Burned,1314,1321,1355,1897,1078,1151,1162,1406,343108.619,3769253.174
Burned,1291,1288,1365,1905,1136,1181,1242,1514,343090.030,3769256.614
Burned,1403,1461,1510,2286,1263,1251,1352,1574,343094.790,3769220.745
Burned,1257,1304,1373,1844,1237,1270,1254,1624,343133.052,3769243.259
Burned,1574,1642,1730,2381,1172,1213,1299,1432,343123.130,3769260.924
Burned,1267,1272,1352,1902,1165,1153,1210,1368,343083.909,3769257.828
Burned,1860,1923,2006,3211,1393,1474,1584,1839,343150.270,3769308.416
Burned,1536,1526,1620,2387,1103,1147,1204,1311,343149.205,3769263.172
Burned,1517,1574,1702,2309,1233,1330,1441,2109,343122.612,3769220.851
Burned,1477,1503,1561,2494,1410,1408,1540,1728,343036.760,3769225.461
Burned,1650,1728,1817,2590,1364,1410,1574,2015,343132.873,3769209.529
Burned,1448,1493,1553,2481,1345,1372,1460,1660,343029.488,3769228.097
Burned,1491,1508,1523,2332,1317,1319,1400,1560,343104.849,3769161.781
Burned,1250,1278,1327,1958,1162,1149,1184,1324,343074.060,3769243.554
Burned,1522,1550,1637,2289,1184,1238,1354,1743,343089.988,3769270.289
Burned,1312,1350,1405,2187,1135,1150,1147,1299,343028.366,3769232.611
Burned,1361,1384,1428,2126,1226,1226,1275,1399,343094.194,3769148.500
Burned,1249,1285,1319,1951,1141,1164,1178,1352,343067.229,3769244.802
Burned,1291,1288,1365,1905,1136,1181,1242,1514,343090.485,3769251.306
Burned,1608,1636,1657,2698,1429,1475,1552,1750,343074.732,3769190.432
Burned,1583,1602,1626,2689,1354,1357,1459,1663,343035.291,3769192.609
Burned,1583,1602,1626,2689,1354,1357,1459,1663,343036.563,3769190.922
Burned,1380,1432,1481,2309,1321,1328,1389,1539,343087.449,3769221.012
Burned,1379,1399,1435,2169,1166,1217,1255,1426,343056.941,3769148.429
Burned,1342,1400,1451,2056,1149,1122,1184,1384,343104.223,3769232.954
Burned,1383,1412,1457,2162,1193,1245,1292,1474,343116.562,3769144.412
Burned,2220,2280,2333,3507,1816,2070,2434,2874,343148.284,3769294.819
Burned,1566,1584,1628,2675,1314,1330,1425,1623,343055.978,3769203.122
Burned,1257,1319,1342,1896,1165,1187,1292,1575,343067.802,3769266.264
Burned,1630,1676,1741,2530,1311,1377,1497,1883,343139.668,3769192.509
Burned,1554,1593,1652,2394,1396,1452,1550,1848,343135.755,3769173.969
Burned,1856,1911,2011,2855,1518,1637,1874,2226,343129.977,3769273.587
Burned,2164,2245,2299,3425,1813,2102,2408,2896,343151.590,3769292.303
Burned,1327,1367,1424,1931,1170,1180,1219,1508,343128.338,3769250.025
Burned,1709,1757,1823,2645,1482,1553,1648,1924,343114.098,3769207.224
Burned,1387,1405,1443,2195,1271,1279,1323,1445,343107.112,3769156.146
Burned,2191,2206,2293,3503,1700,1862,2188,2593,343138.075,3769290.361
Burned,1249,1254,1325,1894,1155,1179,1228,1369,343095.357,3769243.904
Burned,1587,1609,1660,2471,1400,1465,1501,1734,343143.122,3769186.401
Burned,1327,1367,1424,1931,1170,1180,1219,1508,343128.960,3769250.161
Burned,1640,1676,1700,2708,1397,1431,1548,1781,343081.509,3769192.799
Burned,1671,1704,1736,2702,1508,1502,1622,1831,343097.930,3769192.601
Burned,1227,1253,1280,1874,1096,1126,1110,1188,343038.397,3769248.098
Burned,1414,1482,1523,2439,1249,1296,1358,1595,343017.356,3769222.849
Burned,1227,1253,1280,1874,1096,1126,1110,1188,343035.781,3769249.887
Burned,1412,1444,1473,2263,1228,1240,1300,1451,343061.126,3769155.666
Burned,1671,1704,1736,2702,1508,1502,1622,1831,343099.215,3769193.404
Burned,1618,1668,1735,2595,1466,1478,1585,1714,343141.429,3769205.950
Burned,1666,1678,1711,2616,1504,1538,1592,1808,343106.692,3769189.409
Burned,1491,1508,1523,2332,1317,1319,1400,1560,343101.449,3769163.375
Burned,1565,1610,1720,2420,1234,1332,1341,1582,343134.251,3769264.982
Burned,1860,1889,2006,2909,1684,1830,2034,2431,343139.611,3769278.047
Burned,1372,1427,1495,2057,1138,1140,1193,1541,343112.957,3769230.188
Burned,1661,1703,1768,2563,1331,1381,1502,1965,343128.513,3769192.851
Burned,1379,1399,1435,2169,1166,1217,1255,1426,343057.443,3769141.949
Burned,1249,1254,1325,1894,1155,1179,1228,1369,343092.039,3769244.366
Burned,1555,1568,1607,2484,1448,1507,1564,1724,343074.800,3769161.017
Burned,1402,1438,1463,2241,1232,1270,1295,1429,343070.907,3769156.386
Burned,1435,1482,1520,2235,1238,1268,1350,1603,343129.560,3769159.609
Burned,1611,1622,1647,2523,1490,1564,1629,1817,343095.046,3769173.489
Burned,1515,1560,1585,2179,1149,1173,1236,1466,343106.987,3769266.694
Burned,1314,1321,1355,1897,1078,1151,1162,1406,343103.220,3769258.749
Burned,1435,1482,1520,2235,1238,1268,1350,1603,343128.058,3769150.612
Burned,1640,1676,1700,2708,1397,1431,1548,1781,343082.842,3769197.090
Burned,1618,1668,1735,2595,1466,1478,1585,1714,343141.263,3769201.134
Burned,1522,1551,1626,2343,1250,1309,1398,1703,343143.297,3769169.585
Burned,1537,1558,1580,2632,1336,1370,1426,1614,343071.003,3769206.411
Burned,1635,1643,1683,2637,1501,1592,1679,1916,343076.724,3769172.487
Burned,1615,1694,1801,2530,1438,1452,1626,2107,343132.058,3769211.439
Burned,1555,1572,1619,2509,1436,1479,1570,1731,343060.384,3769163.659
Burned,1220,1245,1270,1875,1132,1121,1148,1242,343028.418,3769246.703
Burned,1860,1923,2006,3211,1393,1474,1584,1839,343151.899,3769306.411
Burned,1856,1911,2011,2855,1518,1637,1874,2226,343129.010,3769272.991
Burned,1461,1518,1573,2254,1227,1268,1370,1774,343137.645,3769157.476
Burned,1380,1432,1481,2309,1321,1328,1389,1539,343088.527,3769225.351
Burned,1620,1650,1700,2495,1392,1413,1487,1777,343129.402,3769183.588
Burned,1640,1665,1692,2700,1456,1550,1626,1846,343076.331,3769182.326
Burned,1640,1665,1692,2700,1456,1550,1626,1846,343071.788,3769189.193
Burned,2196,2194,2289,3410,1854,2050,2334,2823,343135.854,3769286.027
Burned,1632,1714,1824,2521,1300,1386,1562,2309,343124.143,3769214.732
Burned,1326,1347,1375,1906,1058,1118,1146,1282,343113.100,3769252.005
Burned,1515,1560,1585,2179,1149,1173,1236,1466,343102.573,3769269.164
Burned,1614,1632,1658,2681,1452,1487,1607,1791,343069.759,3769185.014
Burned,1566,1584,1628,2675,1314,1330,1425,1623,343055.131,3769208.232
Burned,1651,1664,1703,2563,1432,1483,1536,1734,343110.800,3769183.411
Burned,1544,1556,1582,2593,1336,1338,1408,1591,343035.397,3769189.982
Burned,1692,1725,1770,2664,1546,1626,1664,1915,343108.478,3769200.375
Burned,1620,1650,1700,2495,1392,1413,1487,1777,343129.701,3769181.868
Burned,2196,2194,2289,3410,1854,2050,2334,2823,343139.656,3769286.057
Burned,1192,1227,1252,1759,1135,1141,1143,1224,343040.010,3769254.066
Burned,1277,1347,1381,2140,1110,1185,1137,1326,343010.276,3769232.704
Burned,1622,1634,1680,2648,1504,1496,1636,1860,343065.952,3769170.198
Burned,1326,1347,1375,1906,1058,1118,1146,1282,343117.942,3769258.117
Burned,1615,1694,1801,2530,1438,1452,1626,2107,343137.424,3769217.770
Burned,1442,1503,1546,2216,1297,1316,1400,1697,343130.840,3769143.457
Burned,1312,1350,1405,2187,1135,1150,1147,1299,343020.831,3769234.841
Burned,1566,1591,1611,2432,1349,1399,1494,1644,343113.935,3769174.856
Burned,1630,1676,1741,2530,1311,1377,1497,1883,343139.267,3769193.671
Burned,1395,1435,1549,2079,1118,1131,1196,1481,343127.297,3769239.407
Burned,1361,1384,1428,2126,1226,1226,1275,1399,343092.633,3769149.453
Burned,2199,2244,2310,3399,1776,1996,2278,2782,343118.402,3769295.543
Burned,2184,2194,2286,3467,1722,1908,2142,2562,343126.923,3769292.278
Burned,1379,1399,1435,2169,1166,1217,1255,1426,343059.636,3769145.582
Burned,1544,1556,1582,2593,1336,1338,1408,1591,343038.832,3769189.719
Burned,1515,1560,1585,2179,1149,1173,1236,1466,343100.465,3769264.658
Burned,1342,1400,1451,2056,1149,1122,1184,1384,343108.019,3769233.890
Burned,1683,1721,1750,2852,1492,1530,1686,1897,343022.558,3769202.014
Burned,1574,1642,1730,2381,1172,1213,1299,1432,343120.309,3769260.430
Burned,1372,1427,1495,2057,1138,1140,1193,1541,343114.839,3769231.859
Burned,1403,1461,1510,2286,1263,1251,1352,1574,343098.789,3769225.770
Burned,1361,1384,1428,2126,1226,1226,1275,1399,343094.234,3769141.898
Burned,1635,1662,1744,2420,1295,1360,1469,2004,343096.875,3769271.538
Burned,1651,1664,1703,2563,1432,1483,1536,1734,343119.991,3769182.750
Burned,1479,1535,1622,2267,1185,1237,1342,1796,343145.471,3769155.856
Burned,1640,1665,1692,2700,1456,1550,1626,1846,343076.900,3769183.325
Urban,2511,3147,3338,2725,1442,1732,1596,3709,354665.938,3768225.133
Urban,2511,3147,3338,2725,1442,1732,1596,3709,354664.177,3768220.720
Urban,2601,2913,3107,2783,2020,2562,2376,3564,354695.016,3768242.254
Urban,2506,2847,2933,2735,1570,2110,1849,3324,354695.993,3768216.732
Urban,2612,3110,3260,2753,3144,2704,3228,3806,354670.913,3768238.672
Urban,2506,2847,2933,2735,1570,2110,1849,3324,354698.559,3768218.112
Urban,2491,2891,2899,2844,2046,2108,2328,2710,354701.733,3768244.179
Urban,2701,3005,3117,2842,2094,2214,2366,3514,354695.144,3768233.845
Urban,2392,2702,2755,2838,1936,1970,2122,2704,354712.256,3768239.047
Urban,2751,3117,3257,2821,2948,2908,3084,3832,354680.937,3768239.783
Urban,2445,2948,3072,2641,2140,2106,2422,3112,354677.116,3768215.321
Urban,2491,2891,2899,2844,2046,2108,2328,2710,354701.470,3768248.807
Urban,2612,3110,3260,2753,3144,2704,3228,3806,354678.544,3768239.062
Urban,2300,2626,2717,2703,1906,2096,2208,2651,354703.754,3768215.039
Urban,2178,3089,3329,2611,1197,1425,1315,3143,354655.097,3768218.010
Urban,2320,2993,3165,2606,1490,1554,1620,3200,354662.547,3768216.784
Urban,2751,3117,3257,2821,2948,2908,3084,3832,354689.559,3768238.788
Urban,2622,3123,3249,2749,2996,3200,3260,4088,354675.753,3768221.287
Urban,2320,2993,3165,2606,1490,1554,1620,3200,354660.676,3768212.631
Urban,2670,2983,3059,2826,2100,2274,2462,3344,354697.538,3768228.559
Urban,2612,3110,3260,2753,3144,2704,3228,3806,354679.321,3768238.246
Urban,2506,2847,2933,2735,1570,2110,1849,3324,354691.016,3768219.535
Urban,2491,2891,2899,2844,2046,2108,2328,2710,354706.409,3768247.300
Urban,2575,2920,3176,2719,2102,2520,2391,3093,354688.955,3768249.455
Urban,2622,3123,3249,2749,2996,3200,3260,4088,354671.786,3768221.771
Urban,2511,3147,3338,2725,1442,1732,1596,3709,354668.059,3768220.661
Urban,2506,2847,2933,2735,1570,2110,1849,3324,354690.382,3768214.166
Urban,2434,2767,3084,2628,2088,2178,2285,3019,354687.162,3768255.957
Urban,2506,2847,2933,2735,1570,2110,1849,3324,354690.431,3768215.572
Urban,2744,3128,3215,2820,2924,3310,3122,3932,354681.835,3768223.828
Urban,2409,3202,3480,2748,1363,1621,1461,3635,354652.269,3768227.599
Urban,2575,2920,3176,2719,2102,2520,2391,3093,354689.310,3768246.722
Urban,2382,2668,2987,2614,2188,2410,2532,3299,354698.122,3768263.803
Urban,2751,3117,3257,2821,2948,2908,3084,3832,354689.388,3768237.380
Urban,2744,3128,3215,2820,2924,3310,3122,3932,354684.374,3768223.730
Urban,2320,2993,3165,2606,1490,1554,1620,3200,354667.201,3768217.384
Urban,2578,3261,3488,2842,1634,1812,1906,3829,354659.934,3768232.898
Urban,2491,2891,2899,2844,2046,2108,2328,2710,354702.483,3768243.392
Urban,2670,2983,3059,2826,2100,2274,2462,3344,354691.004,3768224.171
Urban,2413,2911,3105,2653,2204,2330,2331,2715,354673.164,3768243.192
Urban,2601,2913,3107,2783,2020,2562,2376,3564,354692.703,3768247.767
Urban,2751,3117,3257,2821,2948,2908,3084,3832,354681.160,3768234.262
Urban,2495,2801,3063,2707,2170,2286,2514,3553,354692.708,3768251.203
Urban,2392,2702,2755,2838,1936,1970,2122,2704,354710.844,3768233.501
Urban,2495,2801,3063,2707,2170,2286,2514,3553,354699.433,3768254.652
Urban,2452,2869,2899,2816,1938,2128,2172,2782,354700.184,3768252.320
Urban,2575,2920,3176,2719,2102,2520,2391,3093,354689.799,3768246.956
Urban,2575,2920,3176,2719,2102,2520,2391,3093,354688.092,3768240.997
Urban,2300,2626,2717,2703,1906,2096,2208,2651,354706.574,3768218.160
Urban,2511,3147,3338,2725,1442,1732,1596,3709,354667.738,3768226.063
Urban,2622,3123,3249,2749,2996,3200,3260,4088,354672.973,3768222.593
Urban,2555,2955,3051,2715,1984,2102,2242,3061,354681.848,3768218.555
Urban,2488,2928,2901,2933,2126,2248,2417,3170,354712.269,3768240.038
Urban,2300,2626,2717,2703,1906,2096,2208,2651,354700.937,3768213.727
Urban,2382,2668,2987,2614,2188,2410,2532,3299,354699.061,3768264.566
Urban,2511,3147,3338,2725,1442,1732,1596,3709,354665.975,3768222.050
Urban,2452,2869,2899,2816,1938,2128,2172,2782,354704.137,3768252.288
Urban,2612,3110,3260,2753,3144,2704,3228,3806,354678.833,3768237.387
Urban,2555,2955,3051,2715,1984,2102,2242,3061,354683.165,3768215.926
Urban,2491,2891,2899,2844,2046,2108,2328,2710,354705.171,3768242.549
Urban,2744,3128,3215,2820,2924,3310,3122,3932,354688.519,3768228.329
Urban,2511,3147,3338,2725,1442,1732,1596,3709,354662.053,3768229.768
Urban,2601,2913,3107,2783,2020,2562,2376,3564,354695.597,3768240.626
Urban,2612,3110,3260,2753,3144,2704,3228,3806,354677.023,3768235.163
Urban,2445,2948,3072,2641,2140,2106,2422,3112,354674.887,3768217.285
Urban,2578,3261,3488,2842,1634,1812,1906,3829,354654.313,3768233.419
Urban,2400,2686,2781,2767,1916,2092,2156,2703,354703.167,3768226.788
Urban,2506,2847,2933,2735,1570,2110,1849,3324,354695.735,3768214.197
Urban,2450,3026,3164,2711,1717,2108,1899,3052,354662.071,3768242.339
Urban,2300,2626,2717,2703,1906,2096,2208,2651,354708.242,3768214.701
Urban,2701,3005,3117,2842,2094,2214,2366,3514,354690.715,3768235.672
Urban,2274,2558,2650,2698,1782,1813,2042,2500,354710.377,3768216.331
Urban,2622,3123,3249,2749,2996,3200,3260,4088,354674.914,3768226.062
Urban,2300,2626,2717,2703,1906,2096,2208,2651,354709.690,3768218.828
Urban,2670,2983,3059,2826,2100,2274,2462,3344,354694.788,3768226.101
Urban,2555,2955,3051,2715,1984,2102,2242,3061,354685.458,3768215.700
Urban,2495,2801,3063,2707,2170,2286,2514,3553,354698.357,3768258.378
Urban,2601,2913,3107,2783,2020,2562,2376,3564,354690.333,3768240.902
Urban,2575,2920,3176,2719,2102,2520,2391,3093,354681.192,3768241.171
Urban,2320,2579,2671,2759,1598,1800,1884,2381,354712.157,3768228.146
Urban,2320,2579,2671,2759,1598,1800,1884,2381,354716.542,3768229.458
Urban,2320,2993,3165,2606,1490,1554,1620,3200,354669.520,3768215.033
Urban,2506,2847,2933,2735,1570,2110,1849,3324,354699.835,3768213.628
Urban,2751,3117,3257,2821,2948,2908,3084,3832,354684.404,3768230.157
Urban,2622,3123,3249,2749,2996,3200,3260,4088,354672.031,3768227.526
Urban,2751,3117,3257,2821,2948,2908,3084,3832,354684.027,3768235.970
Urban,2555,2955,3051,2715,1984,2102,2242,3061,354683.531,3768214.643
Urban,2320,2993,3165,2606,1490,1554,1620,3200,354668.481,3768215.886
Urban,2452,2869,2899,2816,1938,2128,2172,2782,354707.915,3768251.271
Urban,2400,2686,2781,2767,1916,2092,2156,2703,354700.442,3768229.040
Urban,2491,2891,2899,2844,2046,2108,2328,2710,354701.680,3768249.530
Urban,2575,2920,3176,2719,2102,2520,2391,3093,354683.650,3768246.732
Urban,2320,2993,3165,2606,1490,1554,1620,3200,354663.450,3768210.692
Urban,2464,2774,2841,2814,1925,2070,2204,2830,354704.988,3768234.994
Urban,2601,2913,3107,2783,2020,2562,2376,3564,354697.690,3768245.420
Urban,2320,2993,3165,2606,1490,1554,1620,3200,354664.053,3768216.041
Urban,2392,2702,2755,2838,1936,1970,2122,2704,354711.895,3768233.231
Urban,2382,2668,2987,2614,2188,2410,2532,3299,354691.283,3768260.143
Urban,2464,2774,2841,2814,1925,2070,2204,2830,354703.187,3768233.993
Urban,2427,2645,2731,2720,1756,1800,1930,2510,354722.990,3768217.814
Urban,2575,2920,3176,2719,2102,2520,2391,3093,354689.015,3768246.024
Urban,2452,2869,2899,2816,1938,2128,2172,2782,354703.795,3768254.592
Urban,2612,3110,3260,2753,3144,2704,3228,3806,354670.647,3768233.182
Urban,2491,2891,2899,2844,2046,2108,2328,2710,354707.476,3768248.240
Urban,2392,2702,2755,2838,1936,1970,2122,2704,354710.335,3768238.887
Urban,2434,2767,3084,2628,2088,2178,2285,3019,354681.249,3768254.508
Urban,2400,2686,2781,2767,1916,2092,2156,2703,354709.429,3768222.494
Urban,2452,2869,2899,2816,1938,2128,2172,2782,354701.519,3768257.722
Urban,2382,2668,2987,2614,2188,2410,2532,3299,354697.248,3768262.091
Urban,2554,3158,3337,2760,1407,1854,1600,4044,354667.765,3768234.543
Urban,2751,3117,3257,2821,2948,2908,3084,3832,354684.025,3768233.502
Urban,2744,3128,3215,2820,2924,3310,3122,3932,354682.716,3768229.036
Urban,2400,2686,2781,2767,1916,2092,2156,2703,354701.482,3768220.918
Urban,2400,2686,2781,2767,1916,2092,2156,2703,354706.925,3768223.397
Urban,2554,3158,3337,2760,1407,1854,1600,4044,354664.085,3768232.915
Urban,2409,3202,3480,2748,1363,1621,1461,3635,354659.414,3768223.742
Urban,2612,3110,3260,2753,3144,2704,3228,3806,354671.466,3768239.343
Urban,2612,3110,3260,2753,3144,2704,3228,3806,354676.815,3768230.021
Urban,2612,3110,3260,2753,3144,2704,3228,3806,354675.381,3768238.405
Urban,2751,3117,3257,2821,2948,2908,3084,3832,354689.463,3768236.324
Urban,2511,3147,3338,2725,1442,1732,1596,3709,354662.985,3768225.940
Urban,2409,3202,3480,2748,1363,1621,1461,3635,354654.317,3768222.821
Urban,2751,3117,3257,2821,2948,2908,3084,3832,354687.936,3768231.890
Urban,2701,3005,3117,2842,2094,2214,2366,3514,354699.641,3768230.604
Urban,2701,3005,3117,2842,2094,2214,2366,3514,354693.126,3768236.616
Urban,2612,3110,3260,2753,3144,2704,3228,3806,354679.809,3768232.050
Urban,2601,2913,3107,2783,2020,2562,2376,3564,354693.879,3768243.882
Urban,2413,2911,3105,2653,2204,2330,2331,2715,354672.579,3768246.344
Urban,2445,2948,3072,2641,2140,2106,2422,3112,354675.401,3768211.985
Urban,2744,3128,3215,2820,2924,3310,3122,3932,354689.263,3768220.340
Urban,2511,3147,3338,2725,1442,1732,1596,3709,354664.197,3768226.232
Urban,2488,2928,2901,2933,2126,2248,2417,3170,354710.088,3768240.275
Urban,2409,3202,3480,2748,1363,1621,1461,3635,354652.988,3768222.788
Urban,2601,2913,3107,2783,2020,2562,2376,3564,354697.409,3768247.617
Urban,2511,3147,3338,2725,1442,1732,1596,3709,354661.892,3768225.201
Urban,2506,2847,2933,2735,1570,2110,1849,3324,354699.983,3768217.392
Urban,2320,2993,3165,2606,1490,1554,1620,3200,354667.514,3768219.429
Urban,2622,3123,3249,2749,2996,3200,3260,4088,354676.309,3768223.084
Urban,2511,3147,3338,2725,1442,1732,1596,3709,354664.516,3768226.236
Urban,2578,3261,3488,2842,1634,1812,1906,3829,354655.829,3768237.706
Urban,2400,2686,2781,2767,1916,2092,2156,2703,354700.137,3768224.694
Urban,2445,2948,3072,2641,2140,2106,2422,3112,354671.953,3768213.172
Urban,2464,2774,2841,2814,1925,2070,2204,2830,354702.048,3768237.955
Urban,2320,2579,2671,2759,1598,1800,1884,2381,354712.452,3768228.239
Urban,2464,2774,2841,2814,1925,2070,2204,2830,354708.919,3768234.773
Urban,2300,2626,2717,2703,1906,2096,2208,2651,354708.321,3768214.421
Urban,2751,3117,3257,2821,2948,2908,3084,3832,354683.131,3768234.618
Urban,2409,3202,3480,2748,1363,1621,1461,3635,354653.789,3768220.284
Urban,2452,2869,2899,2816,1938,2128,2172,2782,354708.004,3768250.761
Urban,2511,3147,3338,2725,1442,1732,1596,3709,354667.330,3768227.390
Urban,2595,2784,2980,2877,1866,1938,2074,2810,355690.982,3768094.675
Urban,2535,2704,2976,2919,1902,1872,2051,2920,355690.990,3768081.495
Urban,2175,2680,2754,2794,1615,1740,1800,2693,355701.686,3768121.731
Urban,2535,2704,2976,2919,1902,1872,2051,2920,355696.939,3768082.056
Urban,2518,2788,2967,2778,2002,2290,2464,3302,355698.494,3768119.255
Urban,2148,2526,2824,2618,1572,1828,1786,3289,355697.538,3768130.506
Urban,2441,2833,2867,2978,1728,1768,1892,2438,355700.577,3768106.213
Urban,2527,2838,2805,2735,3216,3382,3213,3432,355670.935,3768109.945
Urban,2847,3018,3208,3332,2658,3108,2948,3739,355709.348,3768075.960
Urban,2728,2983,3012,3158,2410,2582,2738,3700,355703.899,3768081.085
Urban,2388,2821,2841,2781,2126,2476,2336,3185,355672.162,3768084.874
Urban,2650,2838,2976,2761,2874,3290,3140,3763,355681.192,3768100.130
Urban,2283,2638,2893,2685,1678,1844,2051,3296,355690.432,3768121.472
Urban,2535,2704,2976,2919,1902,1872,2051,2920,355698.666,3768088.338
Urban,2595,2784,2980,2877,1866,1938,2074,2810,355691.921,3768099.518
Urban,2321,2793,2778,2880,1809,1977,1987,2448,355713.659,3768129.759
Urban,2352,2707,2718,2583,1761,2019,1908,3024,355668.302,3768116.691
Urban,2622,2837,2996,2842,1886,2234,2226,3200,355691.108,3768102.089
Urban,2518,2788,2967,2778,2002,2290,2464,3302,355692.241,3768116.231
Urban,2650,2838,2976,2761,2874,3290,3140,3763,355684.062,3768108.969
Urban,2422,2650,2919,2793,1880,2278,2182,2842,355689.576,3768082.686
Urban,2317,2798,2810,2786,1863,2174,2218,3393,355673.147,3768076.454
Urban,2650,2838,2976,2761,2874,3290,3140,3763,355684.644,3768104.167
Urban,2265,2524,2852,2785,2018,2032,2227,2628,355684.762,3768071.263
Urban,2592,2921,2899,3040,1682,1771,1919,2655,355702.903,3768095.770
Urban,2265,2524,2852,2785,2018,2032,2227,2628,355684.043,3768072.304
Urban,2302,2753,2818,2896,1629,1867,1826,2776,355705.275,3768117.678
Urban,2175,2680,2754,2794,1615,1740,1800,2693,355707.772,3768128.250
Urban,2302,2753,2818,2896,1629,1867,1826,2776,355709.975,3768118.286
Urban,2527,2838,2805,2735,3216,3382,3213,3432,355678.578,3768100.936
Urban,2302,2753,2818,2896,1629,1867,1826,2776,355703.654,3768117.678
Urban,2550,2755,2960,2785,2340,2434,2642,3214,355689.932,3768092.023
Urban,2275,2613,2866,2620,1513,1869,1868,2591,355681.316,3768122.404
Urban,2622,2837,2996,2842,1886,2234,2226,3200,355696.553,3768102.530
Urban,2393,2702,2945,2513,1733,1844,1977,2740,355659.030,3768102.891
Urban,2175,2680,2754,2794,1615,1740,1800,2693,355704.740,3768123.517
Urban,2393,2702,2945,2513,1733,1844,1977,2740,355651.931,3768109.878
Urban,2595,2784,2980,2877,1866,1938,2074,2810,355697.679,3768098.332
Urban,2317,2798,2810,2786,1863,2174,2218,3393,355678.847,3768070.903
Urban,2283,2638,2893,2685,1678,1844,2051,3296,355697.688,3768128.813
Urban,2283,2638,2893,2685,1678,1844,2051,3296,355699.262,3768129.228
Urban,2527,2838,2805,2735,3216,3382,3213,3432,355673.967,3768102.877
Urban,2592,2921,2899,3040,1682,1771,1919,2655,355707.745,3768091.297
Urban,2592,2921,2899,3040,1682,1771,1919,2655,355705.304,3768093.865
Urban,2319,2887,2840,2790,1634,1766,2013,2992,355664.582,3768077.302
Urban,2535,2704,2976,2919,1902,1872,2051,2920,355690.492,3768086.174
Urban,2302,2753,2818,2896,1629,1867,1826,2776,355703.519,3768116.199
Urban,2457,2834,2840,2764,2546,2444,2654,2989,355678.946,3768092.607
Urban,2527,2838,2805,2735,3216,3382,3213,3432,355674.242,3768102.651
Urban,2388,2840,2859,2711,2020,1998,2114,2476,355667.745,3768096.179
Urban,2352,2707,2718,2583,1761,2019,1908,3024,355664.336,3768111.512
Urban,2388,2840,2859,2711,2020,1998,2114,2476,355663.523,3768098.740
Urban,2622,2837,2996,2842,1886,2234,2226,3200,355692.479,3768103.796
Urban,2348,2872,2874,2756,1789,1924,2022,3132,355664.393,3768084.553
Urban,2441,2792,2795,2653,2122,2354,2176,2633,355666.208,3768103.957
Urban,2622,2837,2996,2842,1886,2234,2226,3200,355695.092,3768102.360
Urban,2175,2680,2754,2794,1615,1740,1800,2693,355704.268,3768124.208
Urban,2422,2650,2919,2793,1880,2278,2182,2842,355689.389,3768084.297
Urban,2622,2837,2996,2842,1886,2234,2226,3200,355695.496,3768103.963
Urban,2388,2821,2841,2781,2126,2476,2336,3185,355673.639,3768089.384
Urban,2388,2821,2841,2781,2126,2476,2336,3185,355677.839,3768082.504
Urban,2559,2791,2944,2706,2258,2244,2542,2898,355688.921,3768110.994
Urban,2175,2680,2754,2794,1615,1740,1800,2693,355704.035,3768122.152
Urban,2317,2798,2810,2786,1863,2174,2218,3393,355670.846,3768072.790
Urban,2393,2702,2945,2513,1733,1844,1977,2740,355653.440,3768105.090
Urban,2728,2983,3012,3158,2410,2582,2738,3700,355708.398,3768087.289
Urban,2625,3016,2896,3073,1888,2356,2342,2772,355710.906,3768096.613
Urban,2527,2838,2805,2735,3216,3382,3213,3432,355679.991,3768108.806
Urban,2527,2838,2805,2735,3216,3382,3213,3432,355677.325,3768109.753
Urban,2424,2761,2749,2680,2736,2610,2799,3211,355674.636,3768113.458
Urban,2422,2650,2919,2793,1880,2278,2182,2842,355683.556,3768087.782
Urban,2527,2838,2805,2735,3216,3382,3213,3432,355679.829,3768102.062
Urban,2302,2753,2818,2896,1629,1867,1826,2776,355702.017,3768119.900
Urban,2441,2833,2867,2978,1728,1768,1892,2438,355705.992,3768103.430
Urban,2559,2791,2944,2706,2258,2244,2542,2898,355688.454,3768113.850
Urban,2388,2840,2859,2711,2020,1998,2114,2476,355664.836,3768096.814
Urban,2424,2761,2749,2680,2736,2610,2799,3211,355678.970,3768114.636
Urban,2518,2788,2967,2778,2002,2290,2464,3302,355696.810,3768118.209
Urban,2441,2833,2867,2978,1728,1768,1892,2438,355704.903,3768104.837
Urban,2283,2638,2893,2685,1678,1844,2051,3296,355698.328,3768126.453
Urban,2441,2597,2984,2967,1720,1740,2006,2724,355693.153,3768077.651
Urban,2527,2838,2805,2735,3216,3382,3213,3432,355672.994,3768100.087
Urban,2518,2788,2967,2778,2002,2290,2464,3302,355697.330,3768110.043
Urban,2251,2699,2680,2771,1730,1926,1932,2545,355714.365,3768139.176
Urban,2441,2792,2795,2653,2122,2354,2176,2633,355663.607,3768105.132
Urban,2527,2838,2805,2735,3216,3382,3213,3432,355675.190,3768102.357
Urban,2535,2704,2976,2919,1902,1872,2051,2920,355690.993,3768085.961
Urban,2388,2821,2841,2781,2126,2476,2336,3185,355676.096,3768088.167
Urban,2321,2793,2778,2880,1809,1977,1987,2448,355713.091,3768121.412
Urban,2348,2872,2874,2756,1789,1924,2022,3132,355669.851,3768089.695
Urban,2595,2784,2980,2877,1866,1938,2074,2810,355695.552,3768093.189
Urban,2388,2840,2859,2711,2020,1998,2114,2476,355667.902,3768097.530
Urban,2650,2838,2976,2761,2874,3290,3140,3763,355681.375,3768102.265
Urban,2422,2650,2919,2793,1880,2278,2182,2842,355681.213,3768081.442
Urban,2319,2887,2840,2790,1634,1766,2013,2992,355663.484,3768071.823
Urban,2441,2597,2984,2967,1720,1740,2006,2724,355699.641,3768078.612
Urban,2302,2803,3018,2719,1416,1682,1572,3115,355658.800,3768089.039
Urban,2457,2834,2840,2764,2546,2444,2654,2989,355672.458,3768090.128
Urban,2527,2838,2805,2735,3216,3382,3213,3432,355678.099,3768103.816
Urban,2175,2680,2754,2794,1615,1740,1800,2693,355707.148,3768124.311
Urban,2595,2784,2980,2877,1866,1938,2074,2810,355690.043,3768094.191
Urban,2441,2833,2867,2978,1728,1768,1892,2438,355702.405,3768100.978
Urban,2559,2791,2944,2706,2258,2244,2542,2898,355689.395,3768114.907
Urban,2625,3016,2896,3073,1888,2356,2342,2772,355710.109,3768093.273
Urban,2388,2821,2841,2781,2126,2476,2336,3185,355673.969,3768085.364
Urban,2728,2983,3012,3158,2410,2582,2738,3700,355703.060,3768081.221
Urban,2457,2834,2840,2764,2546,2444,2654,2989,355677.296,3768098.351
Urban,2302,2753,2818,2896,1629,1867,1826,2776,355702.331,3768116.220
Urban,2343,2774,3019,2625,1446,1574,1590,3166,355657.771,3768094.579
Urban,2457,2834,2840,2764,2546,2444,2654,2989,355676.811,3768097.999
Urban,2317,2798,2810,2786,1863,2174,2218,3393,355677.794,3768075.500
Urban,2265,2524,2852,2785,2018,2032,2227,2628,355680.187,3768075.925
Urban,2622,2837,2996,2842,1886,2234,2226,3200,355694.062,3768109.097
Urban,2352,2707,2718,2583,1761,2019,1908,3024,355666.563,3768113.003
Urban,2302,2753,2818,2896,1629,1867,1826,2776,355707.095,3768110.711
Urban,2592,2921,2899,3040,1682,1771,1919,2655,355709.074,3768096.390
Urban,2317,2798,2810,2786,1863,2174,2218,3393,355679.606,3768076.301
Urban,2550,2755,2960,2785,2340,2434,2642,3214,355682.928,3768092.964
Urban,2302,2753,2818,2896,1629,1867,1826,2776,355707.732,3768119.619
Urban,2592,2921,2899,3040,1682,1771,1919,2655,355708.315,3768091.453
Urban,2592,2921,2899,3040,1682,1771,1919,2655,355703.659,3768094.649
Urban,2847,3018,3208,3332,2658,3108,2948,3739,355706.360,3768079.737
Urban,2283,2638,2893,2685,1678,1844,2051,3296,355699.395,3768122.867
Urban,2388,2840,2859,2711,2020,1998,2114,2476,355664.675,3768098.059
Urban,2424,2761,2749,2680,2736,2610,2799,3211,355677.378,3768111.821
Urban,2592,2921,2899,3040,1682,1771,1919,2655,355707.859,3768092.473
Urban,2348,2872,2874,2756,1789,1924,2022,3132,355663.308,3768080.561
Urban,2112,2611,2694,2713,1747,1964,1867,3369,355707.363,3768132.364
Urban,2175,2680,2754,2794,1615,1740,1800,2693,355707.056,3768127.815
Urban,2149,2604,2670,2597,1715,1881,1990,2649,355677.540,3768120.365
Urban,2550,2755,2960,2785,2340,2434,2642,3214,355689.296,3768095.126
Urban,2595,2784,2980,2877,1866,1938,2074,2810,355695.656,3768096.426
Urban,2535,2704,2976,2919,1902,1872,2051,2920,355698.097,3768083.357
Urban,2388,2840,2859,2711,2020,1998,2114,2476,355662.365,3768099.944
Urban,2592,2921,2899,3040,1682,1771,1919,2655,355708.790,3768092.539
Urban,2265,2524,2852,2785,2018,2032,2227,2628,355689.579,3768072.934
Urban,2535,2704,2976,2919,1902,1872,2051,2920,355691.256,3768087.761
Urban,2112,2611,2694,2713,1747,1964,1867,3369,355704.499,3768132.784
Urban,2650,2838,2976,2761,2874,3290,3140,3763,355682.179,3768103.271
Urban,2422,2650,2919,2793,1880,2278,2182,2842,355680.759,3768088.423
Urban,2527,2838,2805,2735,3216,3382,3213,3432,355678.996,3768100.131
Urban,2424,2761,2749,2680,2736,2610,2799,3211,355674.909,3768110.485
Urban,2559,2791,2944,2706,2258,2244,2542,2898,355683.603,3768119.115
Urban,2251,2699,2680,2771,1730,1926,1932,2545,355713.882,3768135.169
Urban,2622,2837,2996,2842,1886,2234,2226,3200,355698.030,3768103.262
Urban,2175,2680,2754,2794,1615,1740,1800,2693,355709.787,3768123.896
Urban,2592,2921,2899,3040,1682,1771,1919,2655,355705.096,3768090.974
Urban,2343,2774,3019,2625,1446,1574,1590,3166,355659.694,3768091.050
Urban,2388,2840,2859,2711,2020,1998,2114,2476,355669.977,3768096.701
Urban,2424,2761,2749,2680,2736,2610,2799,3211,355675.499,3768117.601
Urban,3491,3360,3387,3135,2538,2738,2959,2997,359277.572,3768240.899
Urban,3561,3521,3536,3206,3398,3864,3940,4169,359342.602,3768206.231
Urban,3887,3750,3794,3362,4440,4628,4764,4672,359272.400,3768255.822
Urban,5202,4969,5028,4334,3654,3944,4074,4454,359304.059,3768160.015
Urban,3054,2996,3057,2968,2642,2770,2832,3211,359283.280,3768239.982
Urban,3594,3555,3596,3219,2082,2276,2436,2876,359321.789,3768217.901
Urban,4594,4535,4654,4030,3428,4018,4676,4307,359298.498,3768162.069
Urban,5493,5483,5213,4259,5592,5924,6396,6295,359337.811,3768191.676
Urban,2953,2885,2926,2938,2412,2502,2548,2780,359329.347,3768252.479
Urban,6115,5909,5876,4655,6208,6412,6936,6722,359301.545,3768194.312
Urban,3887,3750,3794,3362,4440,4628,4764,4672,359276.073,3768259.866
Urban,2681,2862,2768,2811,1426,1516,1530,1731,359281.430,3768216.231
Urban,5532,5466,5206,4361,6292,6444,6993,6865,359334.244,3768181.511
Urban,4253,4206,4278,3742,4100,4176,4252,4564,359286.815,3768172.928
Urban,4189,3946,4081,3542,4156,4300,4908,4763,359283.240,3768245.545
Urban,4864,4769,4711,3909,4956,5160,5741,5651,359320.094,3768201.366
Urban,2285,2374,2489,2439,1405,1596,1540,2251,359344.662,3768229.630
Urban,4060,4086,3868,3572,3622,3894,4187,4211,359318.309,3768262.654
Urban,5216,4927,4945,4356,3438,3820,4144,4355,359314.923,3768164.413
Urban,2538,2578,2541,2722,1940,1962,1968,2122,359302.657,3768229.441
Urban,5257,5213,4956,4030,4452,4604,4759,4935,359298.872,3768266.496
Urban,4189,3946,4081,3542,4156,4300,4908,4763,359281.924,3768246.116
Urban,4629,4517,4457,3842,4556,4952,5340,5160,359286.013,3768181.380
Urban,4638,4408,4404,4097,3352,3768,4408,4348,359325.030,3768161.753
Urban,4154,4110,4074,3760,2378,2664,3018,3072,359334.762,3768158.859
Urban,3410,3416,3423,3079,2368,2422,2764,3094,359334.604,3768217.366
Urban,6453,6332,6036,4849,7496,7792,8124,8051,359323.847,3768181.715
Urban,2498,2562,2518,2599,1910,2050,2100,2266,359275.096,3768219.764
Urban,2606,2588,2641,2714,2552,2488,2472,2622,359329.613,3768246.931
Urban,5257,5213,4956,4030,4452,4604,4759,4935,359296.338,3768267.607
Urban,6099,5784,5732,4752,5572,5732,6089,6132,359315.874,3768177.986
Urban,3825,3902,3835,3469,3540,3922,4516,4507,359298.682,3768201.174
Urban,4445,4411,4307,3657,4632,4860,4912,5280,359339.405,3768204.769
Urban,3054,2996,3057,2968,2642,2770,2832,3211,359287.463,3768234.248
Urban,3845,3945,3901,3672,3570,3908,4144,4553,359295.497,3768159.007
Urban,4236,4082,4138,3898,2948,3246,3465,3629,359314.951,3768158.282
Urban,5428,5173,5079,4442,5880,6176,6132,6400,359320.701,3768171.720
Urban,4189,3946,4081,3542,4156,4300,4908,4763,359284.332,3768244.163
Urban,4157,4052,4102,3850,3128,3308,3878,3974,359309.887,3768158.279
Urban,2941,3073,3043,3003,1509,1640,1632,2273,359299.848,3768219.442
Urban,4060,4086,3868,3572,3622,3894,4187,4211,359316.834,3768269.213
Urban,2589,2662,2654,2771,1755,1833,1914,2070,359294.087,3768220.911
Urban,4157,4052,4102,3850,3128,3308,3878,3974,359301.646,3768159.962
Urban,2552,2635,2619,2725,1667,1752,1914,2041,359288.469,3768224.435
Urban,3707,3530,3566,3368,2770,3092,3376,3617,359307.243,3768242.208
Urban,2128,2233,2251,2432,2090,2166,2226,2246,359329.795,3768234.753
Urban,6634,6389,6313,4949,6664,6868,7196,7312,359303.963,3768187.554
Urban,5004,4750,4785,3971,5140,5456,5660,5876,359292.280,3768254.456
Urban,6456,6258,6171,4822,6584,6836,6932,6980,359312.273,3768196.267
Urban,6027,5748,5765,4700,5704,5912,6128,6216,359301.889,3768173.259
Urban,2012,2142,2223,2325,1968,2072,1998,2350,359336.971,3768231.980
Urban,4253,4206,4278,3742,4100,4176,4252,4564,359280.895,3768178.535
Urban,4594,4535,4654,4030,3428,4018,4676,4307,359296.694,3768167.544
Urban,3167,3124,3105,3102,2708,2926,3105,3278,359321.090,3768268.242
Urban,4638,4408,4404,4097,3352,3768,4408,4348,359328.712,3768167.286
Urban,2498,2562,2518,2599,1910,2050,2100,2266,359276.264,3768210.916
Urban,4833,4591,4654,3847,4588,4728,4672,5164,359286.714,3768250.333
Urban,2128,2233,2251,2432,2090,2166,2226,2246,359327.694,3768230.957
Urban,3887,3750,3794,3362,4440,4628,4764,4672,359272.808,3768259.251
Urban,2191,2327,2366,2359,1902,1988,2008,2322,359343.250,3768240.730
Urban,2606,2588,2641,2714,2552,2488,2472,2622,359326.023,3768247.983
Urban,4102,3907,3910,3761,1980,2194,2347,2572,359335.234,3768169.444
Urban,4470,4307,4456,3817,4344,4576,4532,4907,359304.959,3768208.443
Urban,2552,2635,2619,2725,1667,1752,1914,2041,359280.807,3768229.158
Urban,4629,4517,4457,3842,4556,4952,5340,5160,359287.159,3768185.007
Urban,2758,2763,2725,2762,2220,2372,2418,2664,359272.615,3768239.302
Urban,4757,4782,4485,3881,3730,4208,4744,4615,359304.546,3768266.727
Urban,2681,2689,2615,2787,2184,2266,2384,2434,359307.511,3768237.521
Urban,6883,6654,6499,5085,6968,7176,7483,7583,359318.603,3768188.761
Urban,4236,4082,4138,3898,2948,3246,3465,3629,359313.316,3768156.902
Urban,3825,3902,3835,3469,3540,3922,4516,4507,359295.478,3768203.476
Urban,4986,4930,4777,3883,6036,5948,6252,5992,359285.253,3768260.556
Urban,3410,3416,3423,3079,2368,2422,2764,3094,359333.817,3768215.449
Urban,3887,3750,3794,3362,4440,4628,4764,4672,359277.845,3768256.521
Urban,3845,3945,3901,3672,3570,3908,4144,4553,359294.677,3768151.805
Urban,2658,2684,2741,2938,2332,2544,2600,2877,359336.940,3768274.444
Urban,4157,4052,4102,3850,3128,3308,3878,3974,359304.246,3768152.253
Urban,4142,4117,4068,3584,4728,5124,5040,5296,359340.251,3768193.464
Urban,6453,6332,6036,4849,7496,7792,8124,8051,359327.320,3768181.571
Urban,3263,3399,3268,3114,2800,2812,3182,3278,359283.572,3768200.704
Urban,2589,2662,2654,2771,1755,1833,1914,2070,359292.695,3768225.999
Urban,3491,3360,3387,3135,2538,2738,2959,2997,359275.059,3768245.041
Urban,5703,5537,5478,4443,6908,6952,7152,7484,359293.246,3768186.073
Urban,4399,4227,4189,3733,4864,5308,5393,5601,359301.125,3768251.413
Urban,3291,3206,3147,3042,2550,2514,2524,2827,359277.386,3768194.594
Urban,2658,2684,2741,2938,2332,2544,2600,2877,359331.829,3768273.572
Urban,2128,2233,2251,2432,2090,2166,2226,2246,359320.262,3768238.370
Urban,4299,4248,4120,3633,4784,4948,5080,5248,359285.918,3768195.034
Urban,2034,2170,2274,2284,1588,1648,1653,2167,359340.274,3768238.023
Urban,5532,5466,5206,4361,6292,6444,6993,6865,359333.210,3768186.056
Urban,2498,2562,2518,2599,1910,2050,2100,2266,359273.029,3768214.257
Urban,6456,6258,6171,4822,6584,6836,6932,6980,359310.602,3768193.860
Urban,5703,5537,5478,4443,6908,6952,7152,7484,359299.790,3768180.779
Urban,3167,3124,3105,3102,2708,2926,3105,3278,359321.761,3768261.493
Urban,5004,4750,4785,3971,5140,5456,5660,5876,359295.180,3768258.019
Urban,3491,3360,3387,3135,2538,2738,2959,2997,359278.915,3768249.370
Urban,3825,3902,3835,3469,3540,3922,4516,4507,359295.756,3768206.729
Urban,2285,2374,2489,2439,1405,1596,1540,2251,359342.654,3768222.457
Urban,3667,3736,3738,3555,2554,2644,2723,3030,359291.545,3768146.108
Urban,3496,3358,3529,3244,1497,1672,2126,1907,359317.955,3768219.604
Urban,2758,2763,2725,2762,2220,2372,2418,2664,359270.122,3768234.255
Urban,4594,4535,4654,4030,3428,4018,4676,4307,359294.654,3768163.173
Urban,4864,4769,4711,3909,4956,5160,5741,5651,359321.661,3768206.696
Urban,4299,4248,4120,3633,4784,4948,5080,5248,359281.492,3768192.890
Urban,2538,2578,2541,2722,1940,1962,1968,2122,359303.951,3768226.504
Urban,6027,5748,5765,4700,5704,5912,6128,6216,359305.370,3768172.782
Urban,4561,4359,4287,3961,4432,4440,4332,5001,359333.490,3768174.671
Urban,3054,2996,3057,2968,2642,2770,2832,3211,359280.781,3768230.385
Urban,4757,4782,4485,3881,3730,4208,4744,4615,359302.164,3768261.050
Urban,5428,5173,5079,4442,5880,6176,6132,6400,359321.419,3768172.650
Urban,2128,2233,2251,2432,2090,2166,2226,2246,359326.001,3768230.386
Urban,3887,3750,3794,3362,4440,4628,4764,4672,359275.426,3768253.831
Urban,2427,2497,2435,2583,1997,2168,2337,2366,359275.486,3768228.238
Urban,2498,2562,2518,2599,1910,2050,2100,2266,359273.910,3768215.429
Urban,2427,2497,2435,2583,1997,2168,2337,2366,359279.014,3768222.292
Urban,2285,2344,2408,2479,2198,2404,2568,2516,359331.922,3768249.380
Urban,3167,3124,3105,3102,2708,2926,3105,3278,359328.826,3768262.407
Urban,2427,2497,2435,2583,1997,2168,2337,2366,359272.311,3768222.526
Urban,4470,4307,4456,3817,4344,4576,4532,4907,359307.324,3768200.459
Urban,5240,5149,5030,4171,6316,6648,7024,7083,359292.414,3768194.929
Urban,2589,2662,2654,2771,1755,1833,1914,2070,359293.603,3768220.567
Urban,2606,2588,2641,2714,2552,2488,2472,2622,359329.158,3768240.126
Urban,6456,6258,6171,4822,6584,6836,6932,6980,359318.273,3768195.331
Urban,5428,5173,5079,4442,5880,6176,6132,6400,359323.729,3768172.645
Urban,2285,2344,2408,2479,2198,2404,2568,2516,359335.475,3768246.551
Urban,2681,2689,2615,2787,2184,2266,2384,2434,359308.299,3768234.869
Urban,2681,2862,2768,2811,1426,1516,1530,1731,359281.195,3768210.962
Urban,4189,3946,4081,3542,4156,4300,4908,4763,359287.031,3768247.170
Urban,2191,2327,2366,2359,1902,1988,2008,2322,359341.014,3768240.511
Urban,4817,4596,4748,3963,4720,4952,5079,5288,359318.448,3768203.160
Urban,4399,4227,4189,3733,4864,5308,5393,5601,359300.278,3768257.683
Urban,5202,4969,5028,4334,3654,3944,4074,4454,359305.746,3768161.143
Urban,4299,4248,4120,3633,4784,4948,5080,5248,359282.534,3768194.797
Urban,4817,4596,4748,3963,4720,4952,5079,5288,359312.925,3768202.406
Urban,2012,2142,2223,2325,1968,2072,1998,2350,359338.287,3768234.620
Urban,6115,5909,5876,4655,6208,6412,6936,6722,359300.229,3768196.975
Urban,3926,3965,4034,3614,2930,3180,3828,3667,359284.287,3768166.302
Urban,3926,3965,4034,3614,2930,3180,3828,3667,359287.850,3768167.491
Urban,3926,3965,4034,3614,2930,3180,3828,3667,359289.519,3768162.587
Urban,2285,2344,2408,2479,2198,2404,2568,2516,359334.270,3768247.268
Urban,5257,5213,4956,4030,4452,4604,4759,4935,359293.248,3768264.488
Urban,6883,6654,6499,5085,6968,7176,7483,7583,359319.857,3768185.564
Urban,5202,4969,5028,4334,3654,3944,4074,4454,359302.074,3768169.651
Urban,3943,3933,3948,3442,5800,5776,5681,5709,359277.041,3768261.449
Urban,4445,4411,4307,3657,4632,4860,4912,5280,359333.308,3768208.082
Urban,3029,2972,3020,2976,2324,2688,2824,2974,359294.527,3768232.879
Urban,3410,3416,3423,3079,2368,2422,2764,3094,359338.527,3768215.225
Urban,6634,6389,6313,4949,6664,6868,7196,7312,359302.125,3768182.990
Urban,3151,3167,3124,3137,2708,2928,2896,3420,359327.602,3768272.333
Urban,4445,4411,4307,3657,4632,4860,4912,5280,359333.169,3768205.417
Urban,1936,2228,2314,2273,1538,1750,1679,2297,361529.708,3766133.964
Urban,2512,2737,2808,2683,1999,2312,2584,3160,361520.837,3766159.643
Urban,1994,2347,2403,2298,1570,1806,1886,2650,361499.211,3766171.466
Urban,2079,2321,2399,2355,1558,1767,1719,2500,361508.379,3766130.334
Urban,2228,2376,2497,2374,2001,2206,2028,2789,361518.101,3766118.414
Urban,2705,2886,2938,2788,2470,2610,2792,3330,361531.062,3766156.413
Urban,1955,2093,2079,2169,1727,1846,1930,1963,361544.941,3766228.472
Urban,2326,2550,2648,2542,1694,1932,2136,2499,361516.395,3766170.019
Urban,2064,2249,2339,2357,1436,1554,1608,2099,361507.075,3766146.990
Urban,2500,2634,2763,2545,2324,2570,2504,3185,361495.223,3766116.165
Urban,1860,2124,2228,2183,1606,1650,1766,2362,361500.247,3766190.437
Urban,1985,2132,2245,2235,1461,1527,1448,2053,361528.219,3766225.329
Urban,2373,2594,2681,2564,1926,2094,2090,2990,361533.061,3766146.460
Urban,1952,2257,2368,2298,1782,1910,2156,2708,361508.756,3766185.355
Urban,2622,2711,2738,2658,2332,2468,2682,3179,361475.570,3766128.823
Urban,2981,3020,3058,2956,2382,2696,2548,3000,361543.055,3766168.297
Urban,1944,2114,2336,2208,1386,1510,1677,2451,361521.699,3766215.909
Urban,1919,2080,2222,2145,1225,1391,1484,2230,361513.764,3766200.398
Urban,1929,2171,2174,2212,1355,1461,1572,2102,361550.697,3766218.572
Urban,2379,2530,2595,2478,2376,2434,2498,2713,361484.869,3766134.576
Urban,1975,2162,2354,2264,1512,1706,1922,2468,361530.219,3766216.688
Urban,2579,2759,2747,2641,1868,2020,2300,2414,361524.896,3766185.474
Urban,1798,2072,2158,2146,1271,1353,1362,1776,361532.493,3766126.589
Urban,2228,2376,2497,2374,2001,2206,2028,2789,361515.990,3766119.617
Urban,2239,2447,2525,2414,1678,1925,1930,2456,361497.878,3766138.416
Urban,2996,3112,3075,2939,2428,2816,3258,3634,361533.322,3766172.888
Urban,1860,2124,2228,2183,1606,1650,1766,2362,361504.147,3766192.562
Urban,2306,2485,2586,2477,1937,2042,2154,2432,361454.626,3766170.481
Urban,2080,2361,2407,2363,1906,2076,2174,2639,361492.160,3766166.805
Urban,2320,2498,2636,2504,1863,2042,2182,2623,361563.562,3766126.418
Urban,2072,2257,2361,2372,1574,1669,1727,2218,361503.422,3766156.878
Urban,2141,2276,2317,2347,1908,1922,2076,2194,361488.335,3766156.738
Urban,1983,2352,2391,2272,1658,1812,1840,2737,361481.857,3766174.970
Urban,2141,2276,2317,2347,1908,1922,2076,2194,361481.217,3766155.882
Urban,2501,2666,2740,2560,2000,2262,2318,3126,361482.359,3766126.856
Urban,2495,2642,2598,2606,2324,2450,2622,2904,361564.212,3766144.777
Urban,2861,2861,2924,2928,2366,2522,2812,2804,361556.798,3766174.737
Urban,2080,2361,2407,2363,1906,2076,2174,2639,361496.542,3766161.093
Urban,2141,2276,2317,2347,1908,1922,2076,2194,361481.292,3766152.730
Urban,1798,2072,2158,2146,1271,1353,1362,1776,361534.087,3766127.693
Urban,2237,2494,2592,2503,1726,1878,1982,2692,361529.330,3766149.105
Urban,2742,2804,2886,2819,2548,2826,3068,3454,361544.218,3766184.867
Urban,1798,2072,2158,2146,1271,1353,1362,1776,361532.884,3766124.738
Urban,2495,2642,2598,2606,2324,2450,2622,2904,361568.572,3766142.033
Urban,2137,2403,2496,2365,1666,1852,1792,2678,361466.737,3766173.349
Urban,2338,2519,2582,2471,1426,1584,1874,2239,361526.665,3766193.773
Urban,1892,2124,2212,2187,1306,1428,1442,1880,361540.814,3766129.511
Urban,1741,2040,2166,2039,1267,1400,1408,2032,361486.394,3766196.169
Urban,2234,2360,2439,2398,1957,2064,2018,2371,361556.967,3766136.296
Urban,2140,2273,2351,2368,1596,1754,1770,2273,361496.182,3766149.603
Urban,2233,2350,2376,2361,2288,2372,2190,2557,361472.253,3766150.894
Urban,1798,2072,2158,2146,1271,1353,1362,1776,361533.491,3766129.942
Urban,2114,2283,2364,2320,1544,1690,1700,2342,361544.287,3766136.251
Urban,1985,2132,2245,2235,1461,1527,1448,2053,361528.754,3766221.461
Urban,2114,2283,2364,2320,1544,1690,1700,2342,361548.169,3766136.067
Urban,2079,2321,2399,2355,1558,1767,1719,2500,361507.964,3766136.763
Urban,2544,2639,2656,2600,2716,2868,2794,2978,361551.266,3766148.444
Urban,2762,2955,2962,2812,2430,2818,2876,3589,361526.519,3766168.865
Urban,2378,2428,2458,2457,2372,2400,2534,2509,361466.766,3766149.628
Urban,1975,2162,2354,2264,1512,1706,1922,2468,361531.301,3766215.738
Urban,1892,2124,2212,2187,1306,1428,1442,1880,361549.154,3766129.853
Urban,2964,2999,3048,2963,2744,3142,3202,3710,361547.132,3766173.565
Urban,1982,2240,2326,2277,1328,1462,1556,2219,361532.370,3766135.567
Urban,2964,2999,3048,2963,2744,3142,3202,3710,361542.378,3766176.647
Urban,2792,2869,2915,2798,2614,2798,2950,3110,361546.620,3766154.014
Urban,2622,2711,2738,2658,2332,2468,2682,3179,361477.647,3766122.169
Urban,2178,2409,2477,2375,2012,2270,2300,2622,361462.040,3766163.300
Urban,2178,2409,2477,2375,2012,2270,2300,2622,361469.247,3766166.036
Urban,2373,2594,2681,2564,1926,2094,2090,2990,361532.353,3766141.078
Urban,2503,2623,2684,2586,2238,2370,2506,2952,361547.259,3766148.587
Urban,2694,2723,2683,2805,2802,3036,2848,3232,361568.943,3766163.399
Urban,1830,2203,2300,2156,1345,1517,1457,2728,361496.452,3766187.584
Urban,1978,2248,2329,2308,1722,1821,2004,2597,361519.781,3766131.745
Urban,1919,2080,2222,2145,1225,1391,1484,2230,361518.953,3766201.355
Urban,2064,2249,2339,2357,1436,1554,1608,2099,361502.953,3766140.677
Urban,2178,2409,2477,2375,2012,2270,2300,2622,361469.032,3766162.079
Urban,1787,1946,2048,2031,1347,1428,1464,1715,361500.594,3766209.875
Urban,1857,1995,2117,2071,1424,1486,1505,1890,361514.550,3766218.440
Urban,2339,2470,2553,2512,1971,2090,2232,2539,361560.728,3766135.771
Urban,2011,2153,2252,2257,1828,1952,1910,2242,361531.117,3766224.447
Urban,2688,2729,2829,2829,1959,2090,2404,2612,361559.544,3766186.049
Urban,2461,2571,2658,2629,1772,2076,2208,2535,361547.194,3766196.860
Urban,2602,2606,2594,2794,1894,2086,2344,2425,361570.639,3766170.869
Urban,2478,2595,2510,2633,2240,2282,2462,2727,361573.449,3766157.163
Urban,1982,2240,2326,2277,1328,1462,1556,2219,361538.705,3766131.947
Urban,2022,2266,2355,2299,1680,1809,1808,2382,361515.423,3766123.739
Urban,2503,2623,2684,2586,2238,2370,2506,2952,361548.159,3766141.704
Urban,2144,2360,2478,2356,1714,1888,1912,2509,361469.471,3766183.474
Urban,2705,2886,2938,2788,2470,2610,2792,3330,361530.768,3766151.610
Urban,2140,2273,2351,2368,1596,1754,1770,2273,361492.469,3766142.597
Urban,2461,2571,2658,2629,1772,2076,2208,2535,361549.257,3766196.106
Urban,2338,2519,2582,2471,1426,1584,1874,2239,361529.457,3766193.812
Urban,2330,2543,2651,2550,1628,1822,1982,2870,361513.768,3766169.375
Urban,1944,2114,2336,2208,1386,1510,1677,2451,361526.052,3766214.674
Urban,2338,2519,2582,2471,1426,1584,1874,2239,361521.274,3766194.932
Urban,2330,2543,2651,2550,1628,1822,1982,2870,361519.246,3766166.966
Urban,2237,2494,2592,2503,1726,1878,1982,2692,361522.915,3766140.796
Urban,2087,2378,2396,2343,1808,1860,2070,2576,361485.610,3766166.652
Urban,1857,1995,2117,2071,1424,1486,1505,1890,361517.111,3766210.198
Urban,1955,2093,2079,2169,1727,1846,1930,1963,361542.389,3766228.901
Urban,2792,2869,2915,2798,2614,2798,2950,3110,361542.677,3766158.724
Urban,2157,2238,2223,2275,2052,2232,2406,2274,361547.117,3766230.147
Urban,2358,2408,2434,2430,1996,2266,2232,2606,361470.890,3766149.411
Urban,1929,2171,2174,2212,1355,1461,1572,2102,361552.767,3766215.846
Urban,2381,2489,2581,2552,1662,1822,1924,2525,361570.869,3766137.929
Urban,2080,2361,2407,2363,1906,2076,2174,2639,361491.362,3766167.099
Urban,2784,2962,2941,2798,2116,2490,2654,2958,361525.903,3766173.278
Urban,2330,2543,2651,2550,1628,1822,1982,2870,361516.459,3766162.170
Urban,2996,3112,3075,2939,2428,2816,3258,3634,361533.001,3766172.585
Urban,2066,2266,2372,2306,1214,1407,1437,2052,361552.788,3766129.337
Urban,2373,2594,2681,2564,1926,2094,2090,2990,361531.310,3766143.849
Urban,1952,2257,2368,2298,1782,1910,2156,2708,361505.799,3766183.530
Urban,2742,2804,2886,2819,2548,2826,3068,3454,361547.398,3766188.416
Urban,2066,2286,2375,2327,1717,1986,2088,2909,361518.316,3766199.688
Urban,2238,2326,2383,2392,2032,2012,2172,2187,361487.996,3766143.469
Urban,2306,2485,2586,2477,1937,2042,2154,2432,361456.156,3766174.220
Urban,2742,2804,2886,2819,2548,2826,3068,3454,361543.578,3766189.136
Urban,2461,2571,2658,2629,1772,2076,2208,2535,361547.352,3766199.613
Urban,2011,2153,2252,2257,1828,1952,1910,2242,361533.048,3766227.843
Urban,1663,1840,1927,1946,1357,1478,1516,1781,361495.730,3766205.338
Urban,2694,2723,2683,2805,2802,3036,2848,3232,361561.623,3766164.303
Urban,2512,2737,2808,2683,1999,2312,2584,3160,361529.725,3766153.007
Urban,2688,2699,2702,2834,2322,2624,2584,2693,361563.357,3766174.085
Urban,2762,2955,2962,2812,2430,2818,2876,3589,361522.217,3766168.038
Urban,2079,2321,2399,2355,1558,1767,1719,2500,361507.354,3766137.676
Urban,2066,2266,2372,2306,1214,1407,1437,2052,361556.314,3766126.965
Urban,2886,2890,2920,2908,2644,2656,2820,2862,361553.405,3766169.364
Urban,2080,2361,2407,2363,1906,2076,2174,2639,361499.577,3766166.018
Urban,2762,2955,2962,2812,2430,2818,2876,3589,361522.804,3766169.738
Urban,2792,2869,2915,2798,2614,2798,2950,3110,361543.291,3766152.413
Urban,2503,2623,2684,2586,2238,2370,2506,2952,361542.689,3766141.179
Urban,2978,3114,3097,2948,2748,3026,3344,3613,361534.829,3766166.304
Urban,2378,2428,2458,2457,2372,2400,2534,2509,361466.057,3766147.269
Urban,2096,2323,2419,2402,1875,2108,2032,2494,361518.901,3766144.154
Urban,1924,2144,2303,2183,1579,1763,1773,2334,361477.614,3766191.678
Urban,2503,2623,2684,2586,2238,2370,2506,2952,361541.129,3766143.530
Urban,2137,2403,2496,2365,1666,1852,1792,2678,361468.035,3766178.682
Urban,1946,2240,2369,2231,1432,1575,1570,2228,361472.661,3766183.761
Urban,2087,2245,2312,2351,1676,1905,1858,2247,361493.854,3766150.688
Urban,2512,2737,2808,2683,1999,2312,2584,3160,361527.509,3766151.442
Urban,2378,2428,2458,2457,2372,2400,2534,2509,361466.504,3766145.686
Urban,2306,2485,2586,2477,1937,2042,2154,2432,361457.737,3766170.782
Urban,2694,2723,2683,2805,2802,3036,2848,3232,361568.474,3766169.661
Urban,1892,2124,2212,2187,1306,1428,1442,1880,361549.403,3766121.285
Urban,2237,2494,2592,2503,1726,1878,1982,2692,361527.705,3766147.697
Urban,2326,2550,2648,2542,1694,1932,2136,2499,361511.510,3766171.697
Urban,1985,2132,2245,2235,1461,1527,1448,2053,361521.014,3766221.686
Urban,2996,3112,3075,2939,2428,2816,3258,3634,361538.140,3766175.568
Urban,2239,2447,2525,2414,1678,1925,1930,2456,361492.999,3766137.879
Urban,2087,2245,2312,2351,1676,1905,1858,2247,361495.773,3766155.108
Urban,2538,2795,2903,2799,1942,2052,2242,3098,362706.321,3766672.223
Urban,1978,2235,2225,2279,1451,1618,1776,2360,362673.346,3766596.259
Urban,3041,3199,3312,3263,2888,3226,3364,3693,362714.141,3766698.554
Urban,2081,2532,2673,2453,1675,1875,1934,2472,362580.003,3766611.621
Urban,2405,2683,2825,2583,1728,1856,1882,2816,362597.210,3766620.799
Urban,2142,2343,2505,2477,1642,1824,1773,2988,362588.123,3766683.458
Urban,3443,3360,3402,2940,3422,3236,3300,3938,362646.208,3766669.133
Urban,2380,2607,2727,2654,1844,2144,2368,2869,362571.783,3766580.080
Urban,2417,2585,2687,2676,1608,1809,2022,2424,362563.780,3766581.001
Urban,2650,2749,2621,2668,2372,2374,2348,3006,362618.227,3766659.506
Urban,1883,2118,2238,2266,1403,1555,1619,2284,362549.916,3766676.821
Urban,2159,2635,2702,2336,1691,1798,1906,2522,362628.524,3766603.590
Urban,1932,2552,2701,2354,1423,1648,1542,2945,362611.020,3766574.237
Urban,2265,2415,2557,2582,1562,1653,1716,2380,362595.967,3766683.763
Urban,2048,2470,2591,2424,1316,1464,1456,2475,362588.459,3766598.358
Urban,2231,2322,2336,2340,1848,2144,2172,2489,362666.686,3766621.627
Urban,2743,2944,2847,2700,2418,2534,2556,2753,362639.625,3766641.814
Urban,1967,2632,2759,2353,1433,1690,1728,2935,362624.141,3766579.247
Urban,1983,2679,2767,2308,1367,1640,1556,3424,362626.359,3766584.201
Urban,2134,2280,2421,2421,1534,1648,1681,2087,362537.988,3766669.794
Urban,2369,2766,2845,2621,1807,2098,2194,3058,362694.727,3766705.627
Urban,1839,2287,2350,2204,1414,1531,1438,2227,362565.474,3766660.313
Urban,1794,2172,2283,2215,1456,1594,1552,2321,362552.081,3766660.843
Urban,2366,2683,2883,2670,1752,1952,2046,3003,362699.601,3766689.223
Urban,2061,2454,2387,2405,1531,1742,1773,2604,362567.753,3766604.157
Urban,2453,2611,2665,2650,1884,2030,2136,3176,362600.584,3766679.171
Urban,2547,2520,2649,2543,2394,2770,2848,3052,362624.076,3766638.281
Urban,1839,2287,2350,2204,1414,1531,1438,2227,362564.892,3766669.579
Urban,2998,3101,3229,2802,2092,2616,2626,3295,362661.569,3766649.162
Urban,2632,2836,2934,2748,2194,2462,2558,3343,362590.784,3766656.781
Urban,2423,2514,2539,2666,1990,2160,2258,2460,362621.061,3766677.956
Urban,2015,2350,2508,2397,1697,1778,1814,2361,362679.641,3766693.025
Urban,2366,2555,2534,2468,1665,1840,1846,2283,362644.781,3766688.018
Urban,2106,2402,2493,2407,1489,1632,1670,2260,362701.645,3766653.318
Urban,2038,2620,2807,2525,1432,1665,1604,3203,362557.007,3766649.209
Urban,2243,2493,2636,2478,1520,1718,1839,2350,362682.263,3766647.051
Urban,2042,2490,2678,2422,1388,1706,1656,2910,362594.503,3766609.918
Urban,3443,3360,3402,2940,3422,3236,3300,3938,362649.196,3766665.781
Urban,2212,2501,2603,2457,1486,1789,1959,2202,362662.663,3766680.246
Urban,2767,2980,3131,2700,2021,2024,2152,2952,362661.385,3766678.909
Urban,1867,2239,2238,2252,1372,1541,1532,2325,362674.888,3766584.989
Urban,2279,2634,2717,2653,1864,2246,2280,2777,362596.769,3766575.796
Urban,2307,2708,2902,2582,1874,2230,2218,3078,362583.375,3766623.986
Urban,2656,2711,2610,2579,1988,2270,2188,2376,362601.212,3766635.075
Urban,2294,2466,2480,2629,1686,1918,2010,2602,362549.584,3766589.656
Urban,2644,2983,3134,2691,2350,3126,2964,3453,362675.960,3766663.049
Urban,1967,2632,2759,2353,1433,1690,1728,2935,362625.322,3766578.658
Urban,1932,2552,2701,2354,1423,1648,1542,2945,362619.623,3766576.208
Urban,2646,2618,2525,2536,1899,1822,2010,2092,362614.116,3766632.474
Urban,2105,2347,2542,2465,1484,1521,1610,2272,362580.085,3766677.671
Urban,2237,2300,2336,2341,1613,1745,1852,1986,362657.515,3766627.022
Urban,2035,2495,2560,2262,1532,1628,1648,2622,362636.191,3766600.341
Urban,2174,2554,2740,2486,1317,1556,1544,2643,362593.042,3766616.582
Urban,2012,2141,2223,2230,1451,1494,1516,1779,362660.594,3766606.128
Urban,1880,2211,2266,2245,1272,1465,1420,2434,362661.962,3766595.000
Urban,2167,2491,2698,2478,1614,1740,1844,2814,362680.129,3766690.273
Urban,2101,2419,2473,2544,1712,1826,1842,2465,362558.254,3766607.055
Urban,2774,3022,3200,3056,2588,2732,2866,3579,362702.742,3766692.961
Urban,2521,2630,2664,2520,1706,1979,2112,2611,362669.395,3766631.072
Urban,2229,2829,2981,2590,1520,1822,1758,3120,362569.143,3766637.685
Urban,2632,2836,2934,2748,2194,2462,2558,3343,362590.685,3766659.271
Urban,1978,2235,2225,2279,1451,1618,1776,2360,362677.530,3766599.151
Urban,1952,2612,2742,2316,1298,1504,1484,3122,362637.573,3766589.747
Urban,1950,2290,2389,2337,1702,1952,1904,2344,362660.190,3766690.795
Urban,1899,2332,2587,2462,1816,1865,1912,3047,362650.490,3766577.949
Urban,2366,2555,2534,2468,1665,1840,1846,2283,362646.935,3766689.795
Urban,2284,2459,2637,2595,1602,1947,2034,2464,362590.326,3766676.813
Urban,2513,2624,2605,2718,2172,2318,2464,2694,362626.334,3766664.000
Urban,2423,2514,2539,2666,1990,2160,2258,2460,362625.062,3766676.519
Urban,2074,2239,2261,2322,1723,1911,2023,2272,362681.225,3766592.190
Urban,1984,2315,2439,2291,1385,1507,1530,2507,362650.909,3766701.591
Urban,2644,2983,3134,2691,2350,3126,2964,3453,362678.726,3766664.775
Urban,1805,2249,2506,2322,1471,1442,1505,2537,362656.343,3766586.441
Urban,2420,2715,2929,2697,1861,2040,2228,3227,362696.737,3766694.274
Urban,2061,2454,2387,2405,1531,1742,1773,2604,362567.593,3766602.494
Urban,2911,3052,3157,3135,2532,2844,3030,3365,362712.452,3766707.915
Urban,2656,2711,2610,2579,1988,2270,2188,2376,362609.808,3766633.032
Urban,2099,2356,2375,2414,1958,1978,2028,2713,362636.703,3766700.090
Urban,2347,2579,2603,2458,1885,1990,2038,2416,362651.308,3766684.535
Urban,2276,2780,2900,2526,1532,1987,1968,3233,362576.734,3766640.060
Urban,2369,2766,2845,2621,1807,2098,2194,3058,362695.617,3766702.835
Urban,2345,2506,2578,2607,1795,2005,2054,2902,362601.028,3766687.755
Urban,3061,2999,3078,2775,1948,2116,2236,2724,362640.234,3766679.908
Urban,2044,2349,2450,2363,1494,1808,1900,2440,362695.082,3766649.270
Urban,1847,2367,2644,2330,1293,1538,1528,2255,362641.324,3766583.015
Urban,2628,2773,2968,2669,1461,1675,1780,2846,362677.978,3766649.145
Urban,2547,2520,2649,2543,2394,2770,2848,3052,362623.679,3766630.337
Urban,3354,3478,3420,2877,3250,3104,3368,3743,362653.459,3766643.646
Urban,1978,2505,2609,2335,1203,1262,1225,2527,362563.870,3766653.804
Urban,2714,2783,2699,2657,2614,2832,2970,2875,362602.261,3766649.348
Urban,2260,2438,2537,2427,2208,2510,2628,2632,362683.910,3766620.934
Urban,2205,2670,2708,2539,1536,1703,1764,2527,362699.045,3766672.644
Urban,2577,2799,2905,2673,2790,2954,2958,3634,362591.661,3766639.836
Urban,2615,3122,3226,3079,1990,2240,2388,3691,362544.679,3766621.062
Urban,3636,3728,3704,3007,4416,5140,4876,5229,362655.789,3766657.615
Urban,1794,2172,2283,2215,1456,1594,1552,2321,362550.126,3766668.694
Urban,2615,3122,3226,3079,1990,2240,2388,3691,362542.501,3766624.862
Urban,2035,2495,2560,2262,1532,1628,1648,2622,362630.985,3766601.251
Urban,2714,2783,2699,2657,2614,2832,2970,2875,362607.226,3766645.694
Urban,2038,2620,2807,2525,1432,1665,1604,3203,362554.669,3766640.262
Urban,1876,2156,2329,2284,1562,1849,1939,2293,362553.702,3766682.562
Urban,1827,2088,2218,2160,1360,1386,1464,2040,362653.457,3766604.325
Urban,2349,2419,2592,2493,2592,2932,3044,3136,362688.197,3766613.583
Urban,3443,3360,3402,2940,3422,3236,3300,3938,362642.372,3766662.150
Urban,2036,2553,2687,2454,1238,1416,1405,2908,362609.748,3766575.267
Urban,2521,2630,2664,2520,1706,1979,2112,2611,362660.963,3766630.979
Urban,2349,2419,2592,2493,2592,2932,3044,3136,362684.549,3766610.956
Urban,1893,2170,2306,2287,1348,1460,1420,2156,362548.670,3766664.646
Urban,2793,2840,2851,2798,2268,2600,2656,2746,362634.407,3766665.835
Urban,2258,2887,2986,2779,1257,1468,1520,3272,362555.935,3766621.221
Urban,2131,2590,2645,2629,1326,1492,1622,2455,362551.240,3766611.805
Urban,2087,2539,2654,2467,1299,1540,1612,2663,362590.525,3766586.972
Urban,2081,2532,2673,2453,1675,1875,1934,2472,362584.094,3766614.632
Urban,2466,2473,2672,2465,2442,2554,2640,3022,362625.055,3766622.217
Urban,2695,2749,2742,2567,2152,2256,2380,2683,362652.862,3766635.477
Urban,2531,2657,2617,2519,1797,1825,1990,2426,362605.279,3766628.411
Urban,2299,2566,2676,2390,1982,2030,2146,2830,362620.459,3766615.004
Urban,2286,2321,2433,2371,1802,1848,1984,2361,362648.308,3766628.136
Urban,2299,2566,2676,2390,1982,2030,2146,2830,362620.292,3766617.725
Urban,2366,2555,2534,2468,1665,1840,1846,2283,362649.199,3766685.158
Urban,1888,2227,2365,2225,1618,1766,1830,2455,362566.158,3766680.755
Urban,2231,2322,2336,2340,1848,2144,2172,2489,362668.394,3766628.766
Urban,2026,2465,2419,2357,1367,1633,1689,2922,362575.813,3766605.981
Urban,2108,2686,2820,2464,1348,1665,1489,3797,362560.060,3766649.414
Urban,2615,3122,3226,3079,1990,2240,2388,3691,362548.126,3766624.888
Urban,2012,2141,2223,2230,1451,1494,1516,1779,362668.359,3766608.077
Urban,1880,2211,2266,2245,1272,1465,1420,2434,362667.317,3766599.721
Urban,1827,2259,2329,2292,1390,1606,1548,3120,362669.958,3766580.552
Urban,2656,2711,2610,2579,1988,2270,2188,2376,362606.968,3766632.653
Urban,2243,2493,2636,2478,1520,1718,1839,2350,362681.188,3766648.212
Urban,2521,2630,2664,2520,1706,1979,2112,2611,362661.441,3766637.014
Urban,2717,2964,3143,3006,2578,2754,2836,3703,362707.119,3766688.999
Urban,2542,2708,2607,2623,1566,1951,2040,2036,362626.376,3766644.486
Urban,2455,2681,2583,2758,2002,1992,2114,2657,362547.088,3766575.962
Urban,2461,2831,3028,2668,2306,2432,2618,3300,362580.704,3766634.752
Urban,2196,2700,2721,2474,1860,1878,1858,3456,362688.161,3766664.052
Urban,2610,2637,2688,2700,1906,2042,2116,2214,362639.512,3766673.524
Urban,1867,2239,2238,2252,1372,1541,1532,2325,362672.089,3766580.710
Urban,2167,2491,2698,2478,1614,1740,1844,2814,362689.194,3766696.429
Urban,2139,2426,2498,2382,2056,2198,2270,2495,362697.161,3766634.150
Urban,2709,2971,3076,2947,2412,2576,2698,3331,362701.379,3766703.951
Urban,2665,2718,2574,2613,1461,1445,1557,1960,362613.403,3766641.978
Urban,2531,2742,2593,2681,1894,2019,2122,2337,362622.468,3766654.593
Urban,1992,2216,2301,2217,1536,1566,1638,2162,362646.088,3766619.063
Urban,2711,2724,2763,2579,1736,2094,2232,2432,362641.124,3766639.062
Urban,2205,2670,2708,2539,1536,1703,1764,2527,362691.903,3766679.277
Urban,1952,2612,2742,2316,1298,1504,1484,3122,362631.622,3766585.065
Urban,2601,2710,2665,2700,2316,2570,2852,3061,362618.704,3766663.479
Urban,2615,3122,3226,3079,1990,2240,2388,3691,362543.892,3766624.611
Urban,2265,2415,2557,2582,1562,1653,1716,2380,362591.039,3766683.178
Urban,2854,2796,2863,2772,2482,2662,2682,2821,362519.155,3765713.080
Urban,2217,2197,2532,2493,1594,1789,1802,2689,362455.522,3765691.189
Urban,2216,2401,2526,2422,1438,1650,1694,2338,362534.901,3765642.601
Urban,2081,2461,2594,2347,1562,1664,1672,2411,362574.136,3765724.502
Urban,3601,3591,3589,3589,3526,3966,4056,4392,362442.439,3765598.273
Urban,4695,4750,4645,3811,5928,6224,6412,6757,362394.804,3765649.343
Urban,3654,3917,3715,3728,2768,3016,3188,3234,362450.886,3765621.091
Urban,2614,2615,2579,2683,2490,2676,2772,2869,362572.728,3765658.766
Urban,2196,2479,2570,2479,1466,1686,1660,2480,362492.017,3765658.143
Urban,2133,2158,2190,2407,1898,1947,1958,2078,362569.820,3765685.562
Urban,3541,3834,3592,3220,3864,4022,4006,4377,362442.899,3765679.785
Urban,3115,3056,3040,3090,3074,3198,3364,3600,362560.202,3765628.578
Urban,2269,2477,2541,2509,1783,2038,2230,2700,362532.264,3765634.463
Urban,2071,2139,2211,2265,1628,1796,1960,2301,362528.534,3765586.813
Urban,4618,4836,4531,3942,3292,3564,3862,4407,362397.781,3765622.128
Urban,3137,3157,3424,3075,1650,1908,2180,2575,362474.638,3765650.854
Urban,2217,2604,2754,2411,1850,2030,1900,3039,362566.413,3765727.098
Urban,4286,4312,4393,3740,5872,6252,6312,6472,362415.694,3765650.802
Urban,2194,2387,2427,2348,2102,2338,2362,2586,362516.254,3765663.036
Urban,3443,3708,3944,3238,3366,3580,3724,4567,362406.842,3765665.932
Urban,2728,2724,2838,2695,2300,2494,2516,2902,362543.211,3765709.617
Urban,2463,2550,2607,2649,1956,2156,2272,2462,362486.129,3765614.764
Urban,2450,2549,2716,2474,1539,1714,1622,2355,362554.443,3765740.663
Urban,2705,2617,2750,2780,2001,2202,2354,2589,362477.878,3765603.211
Urban,3256,3094,3265,3239,3244,3536,3746,3850,362468.414,3765607.386
Urban,3067,3164,3264,2858,2066,2324,2532,3007,362489.997,3765709.025
Urban,2269,2477,2541,2509,1783,2038,2230,2700,362537.359,3765635.718
Urban,2251,2530,2519,2435,1672,1814,1866,2487,362593.271,3765734.534
Urban,3774,3992,3677,3314,3640,3632,3824,4114,362432.824,3765677.310
Urban,4241,4276,4066,3617,5384,5528,5468,5829,362432.085,3765660.726
Urban,2369,2545,2578,2599,1780,2042,2280,2949,362530.984,3765624.533
Urban,4404,4276,4344,4333,4324,4504,4472,4939,362442.679,3765616.857
Urban,3258,3117,3129,3116,2812,3048,3266,3353,362577.025,3765638.481
Urban,2333,2534,2635,2543,2220,2210,2228,2633,362601.590,3765734.092
Urban,2614,2615,2579,2683,2490,2676,2772,2869,362579.153,3765659.266
Urban,4114,3845,4035,3658,3620,3812,4050,4343,362426.305,3765658.533
Urban,3541,3834,3592,3220,3864,4022,4006,4377,362448.233,3765674.840
Urban,2728,2724,2838,2695,2300,2494,2516,2902,362540.652,3765703.277
Urban,3774,3992,3677,3314,3640,3632,3824,4114,362435.227,3765674.073
Urban,3299,3330,3564,3171,2654,2876,2820,3852,362473.955,3765648.458
Urban,2133,2158,2190,2407,1898,1947,1958,2078,362563.536,3765689.183
Urban,2194,2387,2427,2348,2102,2338,2362,2586,362515.241,3765666.218
Urban,4114,3845,4035,3658,3620,3812,4050,4343,362429.154,3765653.030
Urban,2347,2472,2494,2395,2408,2516,2512,2686,362521.963,3765671.898
Urban,2437,2379,2381,2534,2196,2302,2390,2447,362589.033,3765682.700
Urban,2671,2769,2844,2763,1856,1866,1956,2181,362553.069,3765629.079
Urban,2161,2372,2492,2428,1951,2190,2310,2802,362547.748,3765648.228
Urban,2679,2654,2700,2799,1996,2200,2302,2487,362469.120,3765590.712
Urban,4693,4887,4575,3927,5820,5952,6292,6505,362399.020,3765637.900
Urban,4092,4142,4218,3638,4996,5384,5652,5409,362396.689,3765604.932
Urban,3832,3865,3925,3711,3242,3522,3546,3784,362405.944,3765639.629
Urban,3671,3872,3698,3271,2520,2636,2856,3189,362424.108,3765673.840
Urban,2369,2545,2578,2599,1780,2042,2280,2949,362532.278,3765622.397
Urban,2421,2661,2781,2735,1900,2142,2126,3059,362463.606,3765688.846
Urban,3786,3834,3827,3790,3126,3332,3280,3639,362403.752,3765614.198
Urban,4272,4433,4466,3670,5648,5824,6132,6428,362405.952,3765658.413
Urban,4404,4276,4344,4333,4324,4504,4472,4939,362446.587,3765616.011
Urban,3881,3499,3732,3709,1551,1736,1836,2037,362438.843,3765648.448
Urban,4092,4142,4218,3638,4996,5384,5652,5409,362396.577,3765600.355
Urban,2822,3260,3404,2842,1270,1476,1408,3181,362399.544,3765669.151
Urban,4071,4207,4254,3449,3064,3332,3432,4716,362399.907,3765659.838
Urban,2269,2477,2541,2509,1783,2038,2230,2700,362535.287,3765638.517
Urban,2206,2443,2493,2380,1796,1862,1885,2388,362506.732,3765663.275
Urban,2197,2350,2468,2408,1540,1704,1865,2210,362511.475,3765641.958
Urban,2202,2462,2543,2532,1802,2020,2112,2569,362493.949,3765643.099
Urban,2899,2789,2982,2798,2532,2748,2858,3185,362548.579,3765607.303
Urban,3774,3992,3677,3314,3640,3632,3824,4114,362433.524,3765678.730
Urban,3541,3834,3592,3220,3864,4022,4006,4377,362448.073,3765677.171
Urban,2295,2508,2502,2494,2072,2276,2366,2996,362596.889,3765711.788
Urban,2392,2495,2599,2516,1590,1752,1868,2441,362585.082,3765759.743
Urban,3419,3760,3608,3399,3574,3858,3952,4520,362460.348,3765631.058
Urban,2587,2565,2511,2610,2822,2918,3036,3066,362580.394,3765672.034
Urban,3671,3872,3698,3271,2520,2636,2856,3189,362426.018,3765673.761
Urban,2226,2388,2507,2363,2044,2146,2192,2798,362520.806,3765657.846
Urban,3232,3474,3656,3090,2194,2260,2338,3230,362411.687,3765675.930
Urban,2324,2513,2632,2446,2090,2206,2282,2809,362570.588,3765716.497
Urban,3050,3012,2973,2930,2372,2536,2736,2765,362581.629,3765645.830
Urban,2271,2426,2479,2553,1824,2004,2142,2511,362505.048,3765629.622
Urban,3672,3693,3670,3668,2870,3254,3478,3540,362409.096,3765606.843
Urban,4184,4226,4078,4280,3842,4152,4328,4560,362429.969,3765619.268
Urban,3601,3591,3589,3589,3526,3966,4056,4392,362447.344,3765593.249
Urban,2498,2587,2695,2494,1888,2152,2302,2453,362544.104,3765744.275
Urban,2226,2388,2507,2363,2044,2146,2192,2798,362524.271,3765656.466
Urban,3258,3117,3129,3116,2812,3048,3266,3353,362573.759,3765631.739
Urban,3229,3281,3372,2913,3416,3534,3588,4208,362493.316,3765706.320
Urban,2551,2996,2850,2865,1712,1912,2026,2432,362467.662,3765671.975
Urban,2250,2375,2390,2542,1708,1886,2026,2377,362518.932,3765617.067
Urban,2646,2672,2780,2649,2648,2802,2828,3048,362553.068,3765708.132
Urban,2462,2517,2628,2528,2366,2366,2270,2814,362566.092,3765701.152
Urban,2851,2916,2918,2686,2510,2756,2792,2990,362504.761,3765687.453
Urban,2775,3077,3042,2647,4112,4220,3752,4641,362547.334,3765729.195
Urban,2518,2605,2636,2693,1800,1952,2098,2622,362533.477,3765613.854
Urban,2851,2916,2918,2686,2510,2756,2792,2990,362507.374,3765685.471
Urban,2624,2634,2697,2659,2052,2320,2514,2583,362548.979,3765593.643
Urban,3772,3978,3738,3912,3402,3590,3608,3946,362444.056,3765627.362
Urban,2217,2197,2532,2493,1594,1789,1802,2689,362459.591,3765692.128
Urban,2441,2598,2654,2533,2116,2318,2316,2818,362603.784,3765744.240
Urban,3640,3847,3517,3921,4060,4240,4256,4689,362438.346,3765620.176
Urban,2364,2340,2371,2491,1676,1810,1954,1990,362588.855,3765692.831
Urban,2367,2446,2481,2480,2282,2312,2306,2860,362585.270,3765701.280
Urban,2144,2537,2719,2374,1365,1545,1495,2915,362560.539,3765736.908
Urban,2594,2883,2880,2804,1653,1995,2072,3244,362487.102,3765632.663
Urban,2404,2447,2472,2570,2214,2394,2566,2648,362569.352,3765658.199
Urban,2775,3077,3042,2647,4112,4220,3752,4641,362545.617,3765723.253
Urban,1888,1901,1930,2094,1620,1718,1780,1910,362489.927,3765584.219
Urban,2149,2491,2502,2364,1548,1687,1772,2208,362588.167,3765730.184
Urban,2422,2599,2690,2599,1504,1662,1692,2257,362543.290,3765624.358
Urban,2335,2334,2384,2477,1908,2042,2142,2349,362548.510,3765683.051
Urban,2657,2883,2811,2590,2762,2874,3012,3282,362531.337,3765735.174
Urban,2349,2398,2421,2591,1874,1980,2066,2300,362438.149,3765577.451
Urban,2694,2689,2874,2741,1411,1642,1938,1938,362447.261,3765680.791
Urban,2250,2375,2390,2542,1708,1886,2026,2377,362518.416,3765617.266
Urban,2766,2709,2826,2699,1714,1838,1968,2288,362523.422,3765700.964
Urban,2980,3295,3207,3092,1766,1875,1915,2342,362464.906,3765665.030
Urban,2886,2843,2808,2866,2172,2376,2566,2576,362576.213,3765646.684
Urban,3256,3094,3265,3239,3244,3536,3746,3850,362462.540,3765600.125
Urban,2189,2252,2294,2373,1869,2042,2050,2345,362542.944,3765670.478
Urban,2254,2391,2454,2356,2124,2328,2392,2720,362531.157,3765666.616
Urban,2678,2698,2725,2602,1686,1866,2130,2210,362605.227,3765771.089
Urban,2694,2689,2874,2741,1411,1642,1938,1938,362441.447,3765688.629
Urban,2163,2379,2599,2390,1698,1891,1960,2673,362575.398,3765747.167
Urban,3063,2929,3103,2925,3442,3662,3978,4184,362555.653,3765608.883
Urban,3852,3714,3987,3520,5272,5448,5416,5796,362466.862,3765640.565
Urban,2202,2462,2543,2532,1802,2020,2112,2569,362497.760,3765640.519
Urban,3541,3834,3592,3220,3864,4022,4006,4377,362449.640,3765676.290
Urban,2295,2508,2502,2494,2072,2276,2366,2996,362596.856,3765710.040
Urban,2189,2252,2294,2373,1869,2042,2050,2345,362542.272,3765675.534
Urban,4368,4008,4219,3823,4872,4972,5164,5419,362441.897,3765651.598
Urban,2361,2462,2485,2532,1990,2064,2242,2406,362595.174,3765709.488
Urban,3627,3648,3714,3699,2386,2660,2786,2827,362405.522,3765622.943
Urban,3340,3469,3537,2929,3562,3778,3986,4086,362488.328,3765697.795
Urban,2766,2709,2826,2699,1714,1838,1968,2288,362525.287,3765703.861
Urban,2450,2549,2716,2474,1539,1714,1622,2355,362556.871,3765741.720
Urban,2226,2388,2507,2363,2044,2146,2192,2798,362520.602,3765652.983
Urban,2338,2475,2696,2430,1997,2224,2398,2592,362567.057,3765755.625
Urban,2886,2843,2808,2866,2172,2376,2566,2576,362572.761,3765641.446
Urban,3049,2956,3136,2930,3062,3252,3488,3566,362552.885,3765617.444
Urban,3013,2986,2965,3049,2566,2840,3062,3145,362568.377,3765608.880
Urban,3460,3542,3328,3686,2794,2866,2918,3236,362433.380,3765639.107
Urban,3786,3834,3827,3790,3126,3332,3280,3639,362405.756,3765614.946
Urban,2364,2340,2371,2491,1676,1810,1954,1990,362586.932,3765693.756
Urban,2433,2623,2643,2477,2264,2424,2490,2631,362509.213,3765679.068
Urban,2521,2566,2604,2669,1964,2190,2338,2683,362530.633,3765609.023
Urban,2367,2446,2481,2480,2282,2312,2306,2860,362584.461,3765701.592
Urban,2800,2983,2918,2672,2522,2724,2920,3289,362533.499,3765721.332
Urban,2044,2040,2098,2257,1706,1786,1825,1970,362485.757,3765593.089
Urban,2332,2557,2612,2612,1889,2120,2272,2677,362496.069,3765637.506
Urban,2705,2617,2750,2780,2001,2202,2354,2589,362479.987,3765602.523
Urban,3640,3847,3517,3921,4060,4240,4256,4689,362435.969,3765625.863
Urban,2218,2331,2374,2500,1690,1858,2108,2667,362507.494,3765611.933
Urban,1809,2271,2403,2066,1457,1614,1542,2255,362333.093,3767870.416
Urban,1822,2195,2351,2187,1335,1430,1471,2076,362338.400,3767940.367
Urban,1979,2533,2726,2337,1615,1974,1898,3143,362290.800,3767891.339
Urban,1686,2178,2369,2149,1293,1465,1468,2519,362317.572,3767856.689
Urban,1703,2317,2609,2065,1316,1431,1449,2709,362318.110,3767872.846
Urban,1730,2155,2293,2053,1295,1508,1500,2171,362359.029,3767953.038
Urban,1880,2251,2438,2262,1377,1457,1882,2578,362353.064,3767858.703
Urban,2241,2594,2752,2398,3272,2744,2910,3931,362369.505,3767888.136
Urban,1829,2258,2514,2161,1332,1554,1491,2750,362347.966,3767915.860
Urban,2065,2469,2543,2297,1861,2026,2332,3048,362350.520,3767870.240
Urban,1671,2241,2525,2065,1302,1465,1434,2648,362315.991,3767864.676
Urban,1849,2297,2365,2119,1371,1465,1582,2427,362355.138,3767928.251
Urban,1981,2457,2658,2233,1574,1646,1753,2461,362354.641,3767906.897
Urban,1972,2401,2547,2488,1586,1692,1764,2273,362305.645,3767911.289
Urban,1873,2289,2476,2182,1624,1842,1969,2605,362326.541,3767896.713
Urban,1691,2257,2405,2077,1183,1274,1272,2295,362335.167,3767855.851
Urban,1842,2406,2583,2227,1423,1510,1574,2976,362314.026,3767898.738
Urban,1809,2271,2403,2066,1457,1614,1542,2255,362335.624,3767870.218
Urban,1996,2614,2621,2203,1744,1732,1763,2558,362349.543,3767889.616
Urban,2032,2370,2534,2402,1588,1712,1614,2620,362375.262,3767861.190
Urban,1976,2608,2666,2207,1621,1593,1744,2724,362340.815,3767898.036
Urban,1751,2159,2348,2187,1360,1505,1604,2452,362303.037,3767851.489
Urban,1723,2241,2444,2025,1272,1429,1382,2618,362324.793,3767875.448
Urban,1893,2287,2419,2179,1372,1508,1543,2017,362347.758,3767863.890
Urban,1742,2232,2379,2047,1223,1350,1346,2143,362336.019,3767863.893
Urban,2119,2429,2595,2290,1265,1419,1532,2493,362362.497,3767903.383
Urban,1732,2161,2248,2065,1211,1368,1356,2166,362342.048,3767937.275
Urban,1751,2159,2348,2187,1360,1505,1604,2452,362307.598,3767856.531
Urban,2025,2340,2479,2372,1286,1499,1626,2396,362364.182,3767862.411
Urban,2046,2380,2490,2236,1687,1980,1898,2839,362366.584,3767914.332
Urban,1979,2533,2726,2337,1615,1974,1898,3143,362290.727,3767899.579
Urban,1751,2210,2384,2112,1626,1704,1772,2682,362338.829,3767925.654
Urban,1979,2533,2726,2337,1615,1974,1898,3143,362290.636,3767897.662
Urban,1966,2482,2657,2423,1336,1508,1502,2456,362287.913,3767902.459
Urban,2084,2684,2751,2270,1540,2010,1747,2846,362351.598,3767894.783
Urban,1751,2159,2348,2187,1360,1505,1604,2452,362307.115,3767856.517
Urban,1950,2414,2412,2144,1476,1653,1704,2094,362363.062,3767930.066
Urban,1956,2249,2451,2330,1506,1673,1900,2654,362361.247,3767859.507
Urban,1856,2184,2430,2240,1410,1541,1549,2368,362323.811,3767914.056
Urban,1849,2297,2365,2119,1371,1465,1582,2427,362358.111,3767925.579
Urban,2065,2469,2543,2297,1861,2026,2332,3048,362354.436,3767874.350
Urban,1769,2377,2682,2121,1274,1463,1368,2957,362302.455,3767870.264
Urban,1752,2116,2235,2049,1376,1518,1541,2202,362354.909,3767944.789
Urban,1882,2316,2495,2299,1516,1497,1678,2267,362311.957,3767906.809
Urban,1976,2608,2666,2207,1621,1593,1744,2724,362347.053,3767899.654
Urban,1783,2407,2621,2149,1256,1453,1417,3077,362310.263,3767880.362
Urban,1901,2387,2621,2200,1606,1701,1768,2525,362349.266,3767900.142
Urban,1996,2614,2621,2203,1744,1732,1763,2558,362347.094,3767880.684
Urban,2112,2688,2712,2292,2019,2426,2127,3588,362352.617,3767884.921
Urban,2022,2438,2443,2202,1686,2008,1933,2756,362365.281,3767928.219
Urban,2022,2438,2443,2202,1686,2008,1933,2756,362361.904,3767923.490
Urban,1902,2328,2530,2182,1544,1636,1740,2713,362356.302,3767910.814
Urban,1732,2161,2248,2065,1211,1368,1356,2166,362345.464,3767938.602
Urban,1893,2287,2419,2179,1372,1508,1543,2017,362344.000,3767868.682
Urban,2254,2572,2824,2488,1583,1872,1787,3024,362371.433,3767889.422
Urban,2084,2684,2751,2270,1540,2010,1747,2846,362350.973,3767898.312
Urban,1671,2241,2525,2065,1302,1465,1434,2648,362316.793,3767862.120
Urban,1842,2406,2583,2227,1423,1510,1574,2976,362315.353,3767891.256
Urban,1816,2254,2440,2226,1469,1592,1674,2777,362326.002,3767924.804
Urban,1691,2257,2405,2077,1183,1274,1272,2295,362333.886,3767850.854
Urban,1921,2421,2664,2191,1373,1556,1526,3161,362291.065,3767879.954
Urban,1961,2407,2485,2188,1780,1836,1947,2533,362343.547,3767875.358
Urban,1809,2271,2403,2066,1457,1614,1542,2255,362331.791,3767871.945
Urban,1759,2220,2346,2089,1294,1525,1422,2761,362343.402,3767920.440
Urban,1972,2401,2547,2488,1586,1692,1764,2273,362304.248,3767919.834
Urban,1826,2171,2444,2172,1428,1594,1521,2490,362330.152,3767916.816
Urban,1829,2258,2514,2161,1332,1554,1491,2750,362340.387,3767914.462
Urban,1822,2304,2477,2115,1364,1544,1608,2771,362322.387,3767886.423
Urban,1792,2254,2423,2178,1166,1268,1348,2119,362341.328,3767851.201
Urban,1842,2406,2583,2227,1423,1510,1574,2976,362312.069,3767898.467
Urban,1880,2251,2438,2262,1377,1457,1882,2578,362359.553,3767855.258
Urban,1822,2304,2477,2115,1364,1544,1608,2771,362325.634,3767881.048
Urban,1686,2178,2369,2149,1293,1465,1468,2519,362315.762,3767855.205
Urban,1960,2505,2723,2249,1628,1728,1796,2948,362298.026,3767881.640
Urban,1976,2608,2666,2207,1621,1593,1744,2724,362343.499,3767899.827
Urban,1979,2533,2726,2337,1615,1974,1898,3143,362290.857,3767891.341
Urban,1829,2258,2514,2161,1332,1554,1491,2750,362342.672,3767919.297
Urban,2254,2572,2824,2488,1583,1872,1787,3024,362373.240,3767884.820
Urban,1849,2297,2365,2119,1371,1465,1582,2427,362354.984,3767925.455
Urban,1953,2354,2513,2431,1356,1623,1505,2785,362316.436,3767923.864
Urban,1842,2406,2583,2227,1423,1510,1574,2976,362310.992,3767899.311
Urban,1981,2457,2658,2233,1574,1646,1753,2461,362356.504,3767907.661
Urban,1960,2505,2723,2249,1628,1728,1796,2948,362293.408,3767881.306
Urban,1742,2232,2379,2047,1223,1350,1346,2143,362330.679,3767861.654
Urban,1919,2298,2472,2367,1505,1575,1606,2195,362317.659,3767918.872
Urban,1852,2173,2326,2180,1285,1321,1384,1954,362297.923,3767858.881
Urban,2084,2684,2751,2270,1540,2010,1747,2846,362352.131,3767894.122
Urban,1732,2161,2248,2065,1211,1368,1356,2166,362341.635,3767939.350
Urban,1880,2251,2438,2262,1377,1457,1882,2578,362356.543,3767853.513
Urban,2119,2429,2595,2290,1265,1419,1532,2493,362367.013,3767902.338
Urban,2112,2688,2712,2292,2019,2426,2127,3588,362351.543,3767887.566
Urban,1829,2474,2703,2194,1482,1615,1672,2994,362307.798,3767888.945
Urban,1953,2354,2513,2431,1356,1623,1505,2785,362315.620,3767927.694
Urban,1980,2504,2673,2457,1388,1632,1682,2817,362299.660,3767906.645
Urban,2119,2429,2595,2290,1265,1419,1532,2493,362363.233,3767903.609
Urban,1751,2159,2348,2187,1360,1505,1604,2452,362305.243,3767851.950
Urban,1759,2220,2346,2089,1294,1525,1422,2761,362340.840,3767921.456
Urban,1960,2505,2723,2249,1628,1728,1796,2948,362296.665,3767880.957
Urban,1686,2178,2369,2149,1293,1465,1468,2519,362314.523,3767850.598
Urban,2241,2585,2757,2364,2246,2306,2382,3584,362369.362,3767892.575
Urban,1769,2377,2682,2121,1274,1463,1368,2957,362309.860,3767879.677
Urban,1880,2251,2438,2262,1377,1457,1882,2578,362354.865,3767852.618
Urban,1849,2297,2365,2119,1371,1465,1582,2427,362350.554,3767922.204
Urban,1980,2504,2673,2457,1388,1632,1682,2817,362291.105,3767905.658
Urban,2120,2456,2579,2395,1347,1550,1676,2504,362365.403,3767873.586
Urban,1950,2414,2412,2144,1476,1653,1704,2094,362362.169,3767938.654
Urban,1880,2251,2438,2262,1377,1457,1882,2578,362355.769,3767856.772
Urban,1816,2254,2440,2226,1469,1592,1674,2777,362328.608,3767925.612
Urban,2022,2438,2443,2202,1686,2008,1933,2756,362360.604,3767923.483
Urban,1752,2116,2235,2049,1376,1518,1541,2202,362358.963,3767949.655
Urban,1834,2290,2447,2251,1578,1718,1752,2842,362327.967,3767933.930
Urban,1842,2286,2444,2331,1235,1511,1544,2848,362311.190,3767844.314
Urban,1834,2290,2447,2251,1578,1718,1752,2842,362323.666,3767932.877
Urban,1849,2297,2365,2119,1371,1465,1582,2427,362354.961,3767925.936
Urban,1988,2264,2479,2355,1507,1616,1527,2105,362372.870,3767859.643
Urban,1822,2304,2477,2115,1364,1544,1608,2771,362325.506,3767883.220
Urban,1917,2418,2572,2376,1339,1465,1502,2427,362302.303,3767907.789
Urban,1723,2241,2444,2025,1272,1429,1382,2618,362326.501,3767874.216
Urban,1743,2272,2564,2118,1272,1422,1436,2939,362303.210,3767867.177
Urban,1742,2232,2379,2047,1223,1350,1346,2143,362330.070,3767863.797
Urban,1826,2171,2444,2172,1428,1594,1521,2490,362335.742,3767919.635
Urban,1875,2196,2442,2226,1423,1624,1719,2077,362326.685,3767909.216
Urban,1655,2232,2387,2067,1175,1258,1247,2128,362324.593,3767857.803
Urban,1743,2272,2564,2118,1272,1422,1436,2939,362308.609,3767866.828
Urban,1822,2304,2477,2115,1364,1544,1608,2771,362320.279,3767884.053
Urban,2241,2585,2757,2364,2246,2306,2382,3584,362363.677,3767897.935
Urban,1759,2220,2346,2089,1294,1525,1422,2761,362349.169,3767929.750
Urban,2120,2456,2579,2395,1347,1550,1676,2504,362365.863,3767870.173
Urban,2084,2684,2751,2270,1540,2010,1747,2846,362350.986,3767891.040
Urban,1882,2316,2495,2299,1516,1497,1678,2267,362318.896,3767900.934
Urban,1749,2078,2220,2091,1382,1522,1541,1895,362344.827,3767945.297
Urban,1752,2116,2235,2049,1376,1518,1541,2202,362355.886,3767944.483
Urban,1849,2297,2365,2119,1371,1465,1582,2427,362351.981,3767929.780
Urban,1919,2298,2472,2367,1505,1575,1606,2195,362314.236,3767919.808
Urban,2112,2688,2712,2292,2019,2426,2127,3588,362359.059,3767884.543
Urban,1769,2377,2682,2121,1274,1463,1368,2957,362303.183,3767871.342
Urban,1880,2251,2438,2262,1377,1457,1882,2578,362359.322,3767856.162
Urban,1979,2533,2726,2337,1615,1974,1898,3143,362299.823,3767890.310
Urban,1887,2229,2366,2341,1482,1500,1667,1975,362308.945,3767845.482
Urban,1743,2272,2564,2118,1272,1422,1436,2939,362307.687,3767863.163
Urban,2032,2370,2534,2402,1588,1712,1614,2620,362376.125,3767862.214
Urban,1671,2241,2525,2065,1302,1465,1434,2648,362310.287,3767860.060
Urban,1822,2304,2477,2115,1364,1544,1608,2771,362323.564,3767884.936
Urban,2241,2585,2757,2364,2246,2306,2382,3584,362363.486,3767890.587
Urban,1765,2352,2506,2218,1299,1406,1377,2885,362324.079,3767846.225
Urban,1875,2196,2442,2226,1423,1624,1719,2077,362325.824,3767907.783
Urban,1878,2488,2666,2279,1384,1592,1556,3311,362301.032,3767899.011
Urban,1703,2317,2609,2065,1316,1431,1449,2709,362317.442,3767873.089
Urban,1763,2285,2493,2191,1235,1387,1363,2718,362345.975,3767849.874
Urban,2121,2473,2649,2446,1447,1590,1760,2854,362372.359,3767871.498
Urban,2390,3353,3664,2980,1544,1792,1920,4050,356727.286,3771470.440
Urban,2272,3057,3334,2735,1470,1673,1814,3921,356725.925,3771435.186
Urban,2533,2916,2866,2923,1733,1986,2165,3169,356734.752,3771566.766
Urban,2253,3227,3619,2846,1484,1678,1694,3900,356727.547,3771451.191
Urban,2276,2777,2983,2668,1631,1840,1920,2934,356721.328,3771401.074
Urban,2382,3110,3389,3051,1610,1885,1921,3722,356707.056,3771539.097
Urban,2276,2737,2824,2667,1835,1984,2050,2991,356714.113,3771412.321
Urban,2533,2916,2866,2923,1733,1986,2165,3169,356737.352,3771561.030
Urban,2229,2699,2909,2762,1630,1790,1931,2864,356755.807,3771565.082
Urban,2684,3074,3029,3057,1990,2388,3290,3663,356721.688,3771566.761
Urban,2817,3207,3423,3249,2592,2942,3189,3917,356714.730,3771554.678
Urban,2314,3178,3510,3069,1538,1824,1946,3577,356692.043,3771523.777
Urban,2801,3174,3265,3183,2020,2524,3179,3984,356742.103,3771514.672
Urban,2464,3355,3621,2990,1645,1980,2021,4121,356736.442,3771476.455
Urban,2416,3212,3458,3192,1527,1810,1962,3969,356689.550,3771494.147
Urban,2427,2864,2869,2878,1880,2026,2122,2557,356734.235,3771570.358
Urban,2332,2660,2838,2799,1537,1691,1842,2528,356742.968,3771555.031
Urban,2496,3363,3605,2989,1509,1730,1748,3962,356728.740,3771504.630
Urban,2838,3144,3310,3233,1840,2302,3519,3975,356748.891,3771528.653
Urban,2617,3469,3650,3141,1568,1958,1902,3976,356742.301,3771464.164
Urban,2306,2668,2818,2676,1924,2130,2230,2775,356775.950,3771502.379
Urban,2305,2950,3154,2715,1800,2018,2108,3347,356714.443,3771435.489
Urban,2530,3102,3268,3102,2020,2274,2362,3485,356715.461,3771530.788
Urban,2607,3079,3301,3027,1766,2092,2282,4087,356749.675,3771599.248
Urban,2709,3258,3335,3129,1788,2132,2376,3281,356753.609,3771472.068
Urban,2887,3190,3246,3204,1854,2228,2848,3359,356721.824,3771542.610
Urban,2306,2668,2818,2676,1924,2130,2230,2775,356779.695,3771500.889
Urban,2694,2962,2989,3017,1626,1944,2022,2966,356739.699,3771553.720
Urban,2598,3556,3872,3170,1582,1856,1913,3800,356743.746,3771450.239
Urban,2320,3372,3737,2989,1429,1637,1679,4261,356682.665,3771537.346
Urban,2750,3164,3309,3199,1817,2194,2726,3542,356714.143,3771563.584
Urban,2344,2778,2846,2772,1659,1877,1929,3035,356718.113,3771407.829
Urban,2912,3759,3995,3462,1744,2144,2660,4476,356752.695,3771459.127
Urban,2815,3522,3643,3303,1712,2130,2694,4317,356751.908,3771462.270
Urban,2363,3316,3666,3098,1491,1728,1760,4148,356687.049,3771524.895
Urban,2594,2966,3071,2938,1930,2196,2368,2881,356759.446,3771480.230
Urban,2649,3009,3143,3076,1658,1936,1926,3051,356774.473,3771474.632
Urban,2750,3164,3309,3199,1817,2194,2726,3542,356715.500,3771560.032
Urban,2469,2809,2896,2853,1838,1972,2021,2649,356763.482,3771481.265
Urban,2702,3124,3206,2989,1941,2328,2545,3842,356742.794,3771601.017
Urban,2374,2857,3065,2875,1620,1889,1903,3449,356755.726,3771573.130
Urban,2597,2899,2963,2920,1856,2198,2330,3020,356772.536,3771594.627
Urban,2427,2864,2869,2878,1880,2026,2122,2557,356738.689,3771570.205
Urban,2604,3125,3308,2972,2468,2556,2456,3459,356741.297,3771482.857
Urban,2653,3032,3071,2946,2126,2446,2856,3432,356759.602,3771601.490
Urban,2337,2948,3175,2801,1775,1947,2086,3386,356702.370,3771442.389
Urban,2323,3171,3488,2898,1468,1720,1714,3844,356711.195,3771453.830
Urban,2276,2737,2824,2667,1835,1984,2050,2991,356715.660,3771418.744
Urban,2383,3007,3175,2837,1716,2036,2054,3796,356774.989,3771563.104
Urban,2407,3274,3497,3137,1611,1889,2004,3797,356691.744,3771483.253
Urban,2376,2806,2997,2882,1728,1849,1974,2702,356733.113,3771582.514
Urban,2300,3066,3370,2806,1446,1678,1780,3806,356711.450,3771448.978
Urban,2510,2939,2933,2956,1514,1739,2058,2960,356726.362,3771570.527
Urban,2604,3125,3308,2972,2468,2556,2456,3459,356741.750,3771484.941
Urban,2458,2826,3046,2907,2098,2198,2202,2839,356788.492,3771474.496
Urban,2366,3078,3324,2777,1403,1684,1674,3752,356781.090,3771523.393
Urban,2300,3066,3370,2806,1446,1678,1780,3806,356716.333,3771446.818
Urban,2581,2861,2963,2903,1904,2150,2381,2714,356758.032,3771496.794
Urban,2530,3102,3268,3102,2020,2274,2362,3485,356710.153,3771532.372
Urban,3006,3538,3646,3470,1854,2378,3402,4237,356765.217,3771461.502
Urban,2607,3079,3301,3027,1766,2092,2282,4087,356744.399,3771595.368
Urban,2443,2840,2874,2858,1960,2214,2178,2766,356767.129,3771524.284
Urban,2366,3078,3324,2777,1403,1684,1674,3752,356781.774,3771526.765
Urban,2416,3212,3458,3192,1527,1810,1962,3969,356683.782,3771498.821
Urban,3006,3538,3646,3470,1854,2378,3402,4237,356764.824,3771469.765
Urban,2464,3355,3621,2990,1645,1980,2021,4121,356737.878,3771470.783
Urban,2300,3066,3370,2806,1446,1678,1780,3806,356715.527,3771441.450
Urban,2340,3141,3488,3145,1530,1772,2024,3460,356690.937,3771515.393
Urban,2390,3353,3664,2980,1544,1792,1920,4050,356729.697,3771475.939
Urban,2496,3363,3605,2989,1509,1730,1748,3962,356729.905,3771502.448
Urban,2292,3383,3785,2878,1539,1770,1847,3939,356687.620,3771544.396
Urban,2314,3178,3510,3069,1538,1824,1946,3577,356699.240,3771524.897
Urban,2594,2966,3071,2938,1930,2196,2368,2881,356759.858,3771488.856
Urban,2424,3354,3751,2986,1506,1764,1952,4108,356727.871,3771488.961
Urban,2334,2739,2895,2865,1516,1646,1702,2494,356722.229,3771584.362
Urban,2915,3327,3543,3413,1711,2168,2426,4233,356782.321,3771438.473
Urban,2427,2864,2869,2878,1880,2026,2122,2557,356739.111,3771579.358
Urban,2376,2806,2997,2882,1728,1849,1974,2702,356739.312,3771584.486
Urban,2712,3001,3170,3127,2040,2408,3078,3623,356757.895,3771526.454
Urban,2276,2777,2983,2668,1631,1840,1920,2934,356726.142,3771406.999
Urban,2530,3102,3268,3102,2020,2274,2362,3485,356719.638,3771535.559
Urban,2323,3171,3488,2898,1468,1720,1714,3844,356717.333,3771453.684
Urban,2334,3233,3575,3016,1464,1742,1914,3708,356691.601,3771538.821
Urban,2327,2946,3131,2818,1428,1650,1793,3436,356766.301,3771565.642
Urban,2598,3018,3137,3093,1520,1849,2210,3230,356717.270,3771573.280
Urban,2843,3830,4134,3437,1523,1828,1936,4719,356756.014,3771448.181
Urban,2977,3413,3510,3492,1907,2330,2952,3792,356780.944,3771456.950
Urban,2798,3050,3099,3103,1958,2294,2742,3236,356732.842,3771547.761
Urban,2469,2809,2896,2853,1838,1972,2021,2649,356760.246,3771487.616
Urban,2287,3026,3298,2755,1674,1874,1954,3486,356747.233,3771412.134
Urban,2617,3469,3650,3141,1568,1958,1902,3976,356741.783,3771462.913
Urban,2320,3372,3737,2989,1429,1637,1679,4261,356681.661,3771535.660
Urban,2390,3353,3664,2980,1544,1792,1920,4050,356723.682,3771473.374
Urban,2778,3209,3213,3168,1884,2230,2771,3347,356722.215,3771530.721
Urban,2341,3167,3436,2851,1418,1660,1594,3559,356752.339,3771413.685
Urban,2262,3083,3356,3017,1682,1891,1913,3602,356707.864,3771527.549
Urban,2381,3109,3281,3031,1580,1782,1924,3406,356716.575,3771520.544
Urban,2314,3178,3510,3069,1538,1824,1946,3577,356699.141,3771520.165
Urban,2398,3191,3375,3006,1406,1751,1845,3763,356706.098,3771464.856
Urban,2227,2920,3038,2703,1378,1535,1613,3598,356774.156,3771545.905
Urban,2507,3020,3179,2910,1856,2158,2464,3757,356772.320,3771579.926
Urban,2690,3545,3979,3321,1493,1848,1988,3995,356766.216,3771427.543
Urban,2510,2939,2933,2956,1514,1739,2058,2960,356724.598,3771576.737
Urban,2965,3797,4223,3610,1747,2284,2562,4972,356766.867,3771434.606
Urban,2289,2934,3160,2700,1880,2106,2152,3294,356729.383,3771425.586
Urban,2713,2990,3078,3100,1810,2138,2721,3133,356758.335,3771510.766
Urban,2227,2920,3038,2703,1378,1535,1613,3598,356776.503,3771545.853
Urban,2690,3545,3979,3321,1493,1848,1988,3995,356765.726,3771425.345
Urban,2499,3059,3225,2927,1756,1988,2026,3855,356763.600,3771570.595
Urban,3067,3661,4050,3672,2004,2588,3474,4892,356779.629,3771432.140
Urban,2335,2754,2878,2709,1804,1982,2001,2669,356775.267,3771514.525
Urban,2297,2840,2972,2669,1955,2122,2180,2943,356711.773,3771423.115
Urban,2328,2866,2926,2741,1612,1778,1805,2895,356778.582,3771522.395
Urban,2447,2705,2793,2800,2098,2372,2584,3100,356764.438,3771505.734
Urban,2653,3032,3071,2946,2126,2446,2856,3432,356756.708,3771604.351
Urban,2252,2816,3068,2629,1762,1966,2040,2512,356731.460,3771406.268
Urban,2733,3153,3240,3150,1700,1952,2285,3178,356765.202,3771478.632
Urban,2649,3009,3143,3076,1658,1936,1926,3051,356770.469,3771471.494
Urban,2376,2806,2997,2882,1728,1849,1974,2702,356732.779,3771585.108
Urban,2298,3258,3563,2818,1350,1572,1701,4117,356731.709,3771432.418
Urban,2681,3127,3269,3019,1718,2042,2544,3786,356766.609,3771586.411
Urban,2382,3110,3389,3051,1610,1885,1921,3722,356704.840,3771533.720
Urban,2642,3066,3234,2980,2100,2334,2506,3143,356740.767,3771494.316
Urban,3006,3538,3646,3470,1854,2378,3402,4237,356762.510,3771462.961
Urban,2306,3315,3712,2882,1378,1644,1617,3884,356731.392,3771443.996
Urban,2257,2948,3103,2735,1371,1609,1644,3088,356777.850,3771558.247
Urban,2156,2602,2837,2691,1717,1874,1847,2545,356754.600,3771550.468
Urban,2416,3212,3458,3192,1527,1810,1962,3969,356689.836,3771499.917
Urban,2259,2703,2947,2702,1956,2044,2020,2615,356780.841,3771483.883
Urban,2965,3797,4223,3610,1747,2284,2562,4972,356763.062,3771439.024
Urban,2439,3179,3502,3238,1600,1880,2002,3708,356685.949,3771502.069
Urban,2507,3020,3179,2910,1856,2158,2464,3757,356773.070,3771575.333
Urban,2421,3213,3571,3207,1674,1934,2160,3692,356689.045,3771519.317
Urban,2690,3545,3979,3321,1493,1848,1988,3995,356763.170,3771427.164
Urban,2398,3191,3375,3006,1406,1751,1845,3763,356705.863,3771465.988
Urban,2293,3110,3379,2759,1626,1836,1868,3774,356734.260,3771428.498
Urban,2320,3372,3737,2989,1429,1637,1679,4261,356681.666,3771538.018
Urban,2320,3372,3737,2989,1429,1637,1679,4261,356689.490,3771531.885
Urban,2499,3059,3225,2927,1756,1988,2026,3855,356767.428,3771574.967
Urban,2325,3283,3681,3108,1516,1774,1870,3961,356708.955,3771499.628
Urban,2376,2806,2997,2882,1728,1849,1974,2702,356739.321,3771588.150
Urban,2334,2739,2895,2865,1516,1646,1702,2494,356726.335,3771580.382
Urban,2591,3076,3305,3029,1690,1998,2183,3815,356755.493,3771584.596
Urban,2293,3110,3379,2759,1626,1836,1868,3774,356730.827,3771427.735
Urban,2912,3759,3995,3462,1744,2144,2660,4476,356751.093,3771459.494
Urban,2604,3125,3308,2972,2468,2556,2456,3459,356742.911,3771489.915
Urban,2253,3227,3619,2846,1484,1678,1694,3900,356724.922,3771452.316
Urban,2376,3265,3509,2991,1514,1754,2019,3743,356719.592,3771460.010
Urban,2730,3008,3211,3144,1612,1936,2180,3199,356748.821,3771539.547
Urban,2684,3134,3307,3053,2005,2290,2678,3953,356758.127,3771592.181
Urban,2072,2550,2909,2219,1682,1841,1867,2832,355822.274,3771649.197
Urban,2110,2693,2715,2358,2246,2224,1814,2434,355782.241,3771713.760
Urban,2457,2908,2834,2542,1778,1924,2040,3036,355762.301,3771700.757
Urban,2688,2866,3129,2671,2166,2362,2892,3088,355813.330,3771686.288
Urban,2346,2838,2977,2496,1849,1888,1946,2932,355807.942,3771738.146
Urban,2756,3050,3153,2813,2560,2946,3451,3753,355815.827,3771729.094
Urban,2150,2655,2797,2361,1254,1509,1473,3032,355796.020,3771680.471
Urban,1999,2642,2616,2318,1538,1680,1557,2661,355804.373,3771625.728
Urban,2360,2687,2640,2405,1582,1800,1952,2421,355773.417,3771695.293
Urban,2401,2666,2662,2373,2606,2582,2836,3049,355778.437,3771683.864
Urban,2110,2693,2715,2358,2246,2224,1814,2434,355786.994,3771710.923
Urban,2688,2866,3129,2671,2166,2362,2892,3088,355810.342,3771685.235
Urban,2522,2940,3099,2627,2730,3096,3252,3713,355817.794,3771736.013
Urban,2072,2550,2909,2219,1682,1841,1867,2832,355828.266,3771647.218
Urban,1856,2346,2746,2077,1316,1528,1472,3228,355794.559,3771652.317
Urban,2401,2666,2662,2373,2606,2582,2836,3049,355774.757,3771680.726
Urban,2452,2741,2794,2386,2434,2606,2236,2605,355778.411,3771670.182
Urban,2120,2646,2706,2332,1257,1502,1439,2709,355780.050,3771697.217
Urban,2249,2674,2771,2382,1732,1936,2158,2573,355812.669,3771679.488
Urban,1893,2529,2630,2292,1200,1372,1345,2936,355798.438,3771625.745
Urban,2521,2918,3027,2649,1987,2054,2332,2838,355808.189,3771721.673
Urban,2195,2831,3103,2340,1777,1860,2104,3409,355818.227,3771740.505
Urban,2383,2703,2960,2503,1479,1696,1794,2919,355801.084,3771682.476
Urban,2195,2831,3103,2340,1777,1860,2104,3409,355812.832,3771748.248
Urban,2401,2666,2662,2373,2606,2582,2836,3049,355775.400,3771688.160
Urban,1755,2253,2644,2036,1284,1384,1427,2175,355808.692,3771646.890
Urban,1983,2502,2629,2189,1358,1490,1657,2465,355818.548,3771662.677
Urban,2522,2940,3099,2627,2730,3096,3252,3713,355811.830,3771736.824
Urban,2058,2640,2644,2322,2006,2120,2153,3529,355812.783,3771628.227
Urban,2195,2831,3103,2340,1777,1860,2104,3409,355810.556,3771747.183
Urban,2921,3025,3312,2847,2660,2916,3194,3519,355814.547,3771699.644
Urban,2189,2696,2874,2412,1221,1532,1405,3830,355794.833,3771692.113
Urban,2756,3050,3153,2813,2560,2946,3451,3753,355816.327,3771726.634
Urban,2334,2711,2829,2336,1702,1982,2070,2990,355779.840,3771666.719
Urban,2376,2817,3057,2411,1566,1698,1716,2452,355822.503,3771669.167
Urban,1851,2337,2698,2088,1390,1524,1465,2251,355814.633,3771642.317
Urban,2120,2646,2706,2332,1257,1502,1439,2709,355781.484,3771692.519
Urban,1787,2426,2538,2135,1148,1223,1271,2062,355806.906,3771634.211
Urban,2330,2806,2728,2482,1597,1838,1816,2990,355774.809,3771707.681
Urban,2330,2806,2728,2482,1597,1838,1816,2990,355775.430,3771706.473
Urban,3250,3259,3378,3015,2926,3268,3546,3931,355824.395,3771696.668
Urban,2195,2714,2796,2405,1869,2086,1785,2809,355787.843,3771725.232
Urban,3063,3145,3304,2864,2466,2864,3358,3520,355823.507,3771684.444
Urban,2085,2670,2685,2333,1584,1684,1520,2704,355780.496,3771707.371
Urban,2360,2687,2640,2405,1582,1800,1952,2421,355773.862,3771693.948
Urban,2072,2550,2909,2219,1682,1841,1867,2832,355824.148,3771644.317
Urban,2085,2670,2685,2333,1584,1684,1520,2704,355782.941,3771709.892
Urban,1960,2492,2570,2156,1346,1556,1403,2482,355794.490,3771667.734
Urban,1787,2426,2538,2135,1148,1223,1271,2062,355801.250,3771634.104
Urban,2452,2741,2794,2386,2434,2606,2236,2605,355776.935,3771674.196
Urban,1826,2378,2571,2157,1260,1370,1323,2250,355789.244,3771637.754
Urban,1893,2529,2630,2292,1200,1372,1345,2936,355790.408,3771626.735
Urban,2522,2940,3099,2627,2730,3096,3252,3713,355818.172,3771731.270
Urban,1962,2684,2973,2167,1230,1455,1382,3593,355814.593,3771753.616
Urban,1851,2337,2698,2088,1390,1524,1465,2251,355813.548,3771640.071
Urban,2150,2655,2797,2361,1254,1509,1473,3032,355799.211,3771687.374
Urban,2688,2866,3129,2671,2166,2362,2892,3088,355812.461,3771681.154
Urban,2058,2596,2587,2251,1329,1572,1600,2153,355791.106,3771679.921
Urban,2195,2831,3103,2340,1777,1860,2104,3409,355811.176,3771740.862
Urban,1848,2383,2755,2117,1311,1509,1443,2757,355787.378,3771649.352
Urban,1826,2378,2571,2157,1260,1370,1323,2250,355782.927,3771637.649
Urban,1784,2300,2745,2063,1397,1504,1505,2585,355790.013,3771647.471
Urban,1947,2457,2795,2142,1439,1688,1790,3835,355784.916,3771654.514
Urban,2189,2696,2874,2412,1221,1532,1405,3830,355799.523,3771693.581
Urban,1774,2242,2620,2026,1322,1515,1444,3366,355809.437,3771658.212
Urban,2688,2866,3129,2671,2166,2362,2892,3088,355819.925,3771687.749
Urban,1743,2354,2569,2115,1196,1268,1301,2256,355793.305,3771630.217
Urban,1869,2467,2611,2172,1210,1320,1351,2578,355814.077,3771633.900
Urban,1848,2383,2755,2117,1311,1509,1443,2757,355785.025,3771649.894
Urban,2688,2866,3129,2671,2166,2362,2892,3088,355816.702,3771683.578
Urban,2383,2703,2960,2503,1479,1696,1794,2919,355804.784,3771680.570
Urban,1869,2467,2611,2172,1210,1320,1351,2578,355817.767,3771630.827
Urban,1889,2348,2705,2094,1350,1538,1479,3488,355814.488,3771655.186
Urban,1787,2426,2538,2135,1148,1223,1271,2062,355804.568,3771630.159
Urban,2288,2844,3121,2339,1739,2110,2420,4196,355832.299,3771654.418
Urban,2600,2953,3129,2690,1630,1936,2006,3381,355809.114,3771706.878
Urban,2600,2953,3129,2690,1630,1936,2006,3381,355801.926,3771703.560
Urban,2212,2718,2827,2420,1321,1562,1433,2562,355792.839,3771727.594
Urban,1743,2354,2569,2115,1196,1268,1301,2256,355790.333,3771639.715
Urban,2212,2718,2827,2420,1321,1562,1433,2562,355793.180,3771724.959
Urban,1851,2337,2698,2088,1390,1524,1465,2251,355812.586,3771643.557
Urban,2201,2663,3000,2281,1422,1563,1614,3522,355826.645,3771659.759
Urban,2070,2523,2715,2304,1606,1786,1706,2924,355825.617,3771624.662
Urban,1889,2348,2705,2094,1350,1538,1479,3488,355816.301,3771655.119
Urban,2156,2643,2697,2318,1826,1856,2042,2767,355784.372,3771686.339
Urban,2070,2523,2715,2304,1606,1786,1706,2924,355828.361,3771628.100
Urban,1844,2394,2467,2104,1169,1216,1261,2263,355803.197,3771662.854
Urban,2521,2918,3027,2649,1987,2054,2332,2838,355808.376,3771721.072
Urban,2376,2817,3057,2411,1566,1698,1716,2452,355827.469,3771668.657
Urban,1983,2502,2629,2189,1358,1490,1657,2465,355811.460,3771665.408
Urban,2175,2719,2818,2403,1216,1442,1388,3320,355790.904,3771708.559
Urban,1784,2300,2745,2063,1397,1504,1505,2585,355796.656,3771643.041
Urban,2440,2743,2671,2433,1800,2072,2042,2599,355765.390,3771699.954
Urban,1755,2253,2644,2036,1284,1384,1427,2175,355806.056,3771648.403
Urban,2193,2660,2659,2292,2062,2140,2530,2786,355789.877,3771672.033
Urban,1848,2383,2755,2117,1311,1509,1443,2757,355780.309,3771647.618
Urban,1851,2337,2698,2088,1390,1524,1465,2251,355812.855,3771646.806
Urban,1743,2354,2569,2115,1196,1268,1301,2256,355795.340,3771630.835
Urban,2193,2660,2659,2292,2062,2140,2530,2786,355786.839,3771673.956
Urban,2522,2940,3099,2627,2730,3096,3252,3713,355814.310,3771739.783
Urban,2195,2714,2796,2405,1869,2086,1785,2809,355786.926,3771723.268
Urban,1826,2378,2571,2157,1260,1370,1323,2250,355786.780,3771630.067
Urban,2346,2838,2977,2496,1849,1888,1946,2932,355805.508,3771730.086
Urban,1774,2242,2620,2026,1322,1515,1444,3366,355803.185,3771650.781
Urban,2047,2547,2580,2263,1208,1308,1358,1836,355804.546,3771672.126
Urban,2664,2977,3158,2606,2272,2488,2784,2914,355820.273,3771671.083
Urban,2921,3025,3312,2847,2660,2916,3194,3519,355810.745,3771698.241
Urban,2756,3050,3153,2813,2560,2946,3451,3753,355815.210,3771720.331
Urban,2150,2655,2797,2361,1254,1509,1473,3032,355796.234,3771683.570
Urban,1844,2394,2467,2104,1169,1216,1261,2263,355802.876,3771668.966
Urban,1743,2354,2569,2115,1196,1268,1301,2256,355797.025,3771639.384
Urban,1784,2300,2745,2063,1397,1504,1505,2585,355799.159,3771645.040
Urban,1999,2642,2616,2318,1538,1680,1557,2661,355808.370,3771628.126
Urban,2072,2550,2909,2219,1682,1841,1867,2832,355820.420,3771649.843
Urban,2001,2548,2648,2346,1684,1918,2176,3040,355786.746,3771628.843
Urban,2001,2548,2648,2346,1684,1918,2176,3040,355785.564,3771620.524
Urban,1743,2354,2569,2115,1196,1268,1301,2256,355797.281,3771630.966
Urban,2334,2711,2829,2336,1702,1982,2070,2990,355779.913,3771668.850
Urban,1787,2426,2538,2135,1148,1223,1271,2062,355802.278,3771630.344
Urban,2139,2699,3010,2258,1920,2306,2310,3195,355831.373,3771646.708
Urban,1856,2346,2746,2077,1316,1528,1472,3228,355798.359,3771650.548
Urban,1960,2492,2570,2156,1346,1556,1403,2482,355798.147,3771662.188
Urban,2895,3161,3264,2897,2648,2860,3288,3442,355819.338,3771714.131
Urban,1784,2300,2745,2063,1397,1504,1505,2585,355795.462,3771644.110
Urban,3063,3145,3304,2864,2466,2864,3358,3520,355828.177,3771680.817
Urban,2376,2817,3057,2411,1566,1698,1716,2452,355822.130,3771664.286
Urban,1844,2394,2467,2104,1169,1216,1261,2263,355803.703,3771665.900
Urban,1851,2337,2698,2088,1390,1524,1465,2251,355819.337,3771645.153
Urban,1947,2457,2795,2142,1439,1688,1790,3835,355785.189,3771657.356
Urban,2921,3025,3312,2847,2660,2916,3194,3519,355815.865,3771690.486
Urban,2193,2660,2659,2292,2062,2140,2530,2786,355788.420,3771671.006
Urban,2756,3050,3153,2813,2560,2946,3451,3753,355812.453,3771721.291
Urban,1990,2480,2786,2225,1444,1516,1742,2530,355823.774,3771637.964
Urban,2110,2693,2715,2358,2246,2224,1814,2434,355783.416,3771718.279
Urban,2360,2687,2640,2405,1582,1800,1952,2421,355772.142,3771694.756
Urban,2367,2879,2826,2548,2020,2526,2532,3456,355776.438,3771714.815
Urban,2072,2550,2909,2219,1682,1841,1867,2832,355824.976,3771643.863
Urban,2249,2674,2771,2382,1732,1936,2158,2573,355813.243,3771675.762
Urban,2452,2741,2794,2386,2434,2606,2236,2605,355771.212,3771670.204
Urban,2664,2977,3158,2606,2272,2488,2784,2914,355826.225,3771676.688
Urban,1983,2502,2629,2189,1358,1490,1657,2465,355812.588,3771668.799
Urban,2212,2718,2827,2420,1321,1562,1433,2562,355790.741,3771725.617
Urban,2193,2660,2659,2292,2062,2140,2530,2786,355787.071,3771674.291
Urban,2120,2646,2706,2332,1257,1502,1439,2709,355789.089,3771692.479
Urban,2120,2646,2706,2332,1257,1502,1439,2709,355789.349,3771695.804
Urban,2288,2844,3121,2339,1739,2110,2420,4196,355830.007,3771654.990
Urban,1983,2502,2629,2189,1358,1490,1657,2465,355815.001,3771664.689
Urban,2756,3050,3153,2813,2560,2946,3451,3753,355816.114,3771722.754
Urban,2120,2646,2706,2332,1257,1502,1439,2709,355782.625,3771697.730
Urban,1947,2457,2795,2142,1439,1688,1790,3835,355787.761,3771656.927
Urban,3063,3574,3579,3281,2692,2904,2857,3514,357429.953,3769665.617
Urban,3086,3212,3335,3171,2838,3128,3210,3896,357399.760,3769700.992
Urban,3138,3322,3496,3116,2788,2936,3000,3504,357417.170,3769638.204
Urban,1783,2750,3069,2417,1292,1488,1418,3431,357470.335,3769714.129
Urban,2871,3271,3433,3289,2180,2622,2881,3874,357434.812,3769686.262
Urban,3791,4624,4680,3430,4112,4556,4152,5443,357439.580,3769739.949
Urban,2513,2845,3064,2867,1644,1802,1742,2767,357384.732,3769685.469
Urban,2797,3278,3319,3260,2018,2444,2558,4020,357446.338,3769678.990
Urban,3288,3467,3755,3186,2938,3174,2984,3845,357411.264,3769648.406
Urban,2859,3378,3332,2875,4000,4090,3874,4211,357353.980,3769694.229
Urban,1992,2893,3200,2661,1270,1461,1505,3293,357462.084,3769733.271
Urban,2468,2806,2908,2850,2316,2322,2366,2829,357368.683,3769720.817
Urban,3355,3638,3795,3318,3800,3968,4324,4520,357421.551,3769650.560
Urban,3068,3559,3547,3117,2528,2730,2864,3488,357432.953,3769711.689
Urban,2035,2995,3311,2559,1260,1490,1428,3680,357463.613,3769702.015
Urban,2810,3311,3319,3095,1789,1987,1975,2676,357430.331,3769629.189
Urban,2026,2898,3188,2982,1357,1558,1643,3701,357481.110,3769742.390
Urban,2048,2903,3210,2961,1466,1648,1745,3723,357505.902,3769758.059
Urban,2730,3379,3582,2989,1958,2122,2152,3160,357492.705,3769647.010
Urban,1521,2007,2203,2184,1122,1179,1170,1772,357510.276,3769733.192
Urban,2513,2845,3064,2867,1644,1802,1742,2767,357389.628,3769683.012
Urban,1957,2886,3175,2553,1275,1428,1425,2937,357468.801,3769723.104
Urban,3229,3472,3610,3254,3366,3666,3596,4562,357433.611,3769648.214
Urban,2505,3081,3229,2879,1749,1924,1922,3079,357506.641,3769649.958
Urban,2863,3017,3193,3045,2230,2466,2642,3322,357451.301,3769640.809
Urban,2357,2902,3026,2847,2238,2418,2478,3427,357386.647,3769679.291
Urban,2946,3333,3375,3137,2132,2428,2686,3755,357436.608,3769631.325
Urban,2820,3212,3242,3083,2492,2750,2810,3242,357437.950,3769704.669
Urban,1688,2304,2513,2412,1216,1325,1326,2616,357493.445,3769724.378
Urban,2730,3379,3582,2989,1958,2122,2152,3160,357497.931,3769647.349
Urban,1396,1984,2149,1798,1154,1167,1195,1932,357539.247,3769692.433
Urban,2440,2923,3036,2823,1575,1771,1856,3031,357390.913,3769637.637
Urban,2914,3281,3555,3048,1910,2132,2032,3949,357405.005,3769657.564
Urban,3791,4624,4680,3430,4112,4556,4152,5443,357433.857,3769730.413
Urban,1708,2161,2376,2238,1129,1206,1230,2202,357522.160,3769744.377
Urban,2852,3530,3677,2912,1562,1808,1866,3698,357447.240,3769727.421
Urban,2924,3149,3346,3002,2070,2242,2360,3046,357402.548,3769631.472
Urban,1812,2779,3078,2385,1283,1519,1432,3721,357471.585,3769702.870
Urban,2749,3328,3322,2804,1982,2168,2300,2915,357345.408,3769681.798
Urban,2491,2856,3025,2816,1914,2056,2215,2703,357375.472,3769671.224
Urban,3040,3173,3216,2968,1550,1846,2460,3222,357460.077,3769658.483
Urban,2663,3092,3165,2913,1960,2244,2438,3206,357361.685,3769703.155
Urban,2307,2722,2887,2520,1429,1638,2077,2636,357472.847,3769671.408
Urban,3251,3651,3579,3238,2492,2756,2674,3490,357423.290,3769716.059
Urban,2589,2927,3082,2865,2054,2244,2308,2858,357375.339,3769681.106
Urban,3030,3270,3354,2905,3066,3242,3492,3591,357474.584,3769650.569
Urban,1882,2663,2925,2734,1291,1446,1436,3272,357486.982,3769730.397
Urban,2675,3244,3452,3091,1974,2462,2621,3785,357451.409,3769681.653
Urban,4123,4721,4828,3663,6508,6524,6552,6492,357422.535,3769730.737
Urban,1882,2663,2925,2734,1291,1446,1436,3272,357483.630,3769739.631
Urban,2852,3530,3677,2912,1562,1808,1866,3698,357447.940,3769728.860
Urban,1305,1686,1794,1705,1187,1210,1178,2040,357513.031,3769705.157
Urban,1812,2779,3078,2385,1283,1519,1432,3721,357473.558,3769708.665
Urban,1402,1886,2037,1872,1169,1225,1265,2171,357504.839,3769708.120
Urban,1882,2663,2925,2734,1291,1446,1436,3272,357485.280,3769734.870
Urban,2501,3229,3544,2897,2494,2708,2720,4124,357520.779,3769655.440
Urban,3361,3594,3765,3280,3810,4076,3944,4472,357429.007,3769643.379
Urban,2648,2991,3160,2817,2176,2500,2670,3723,357353.583,3769667.274
Urban,2842,3198,3375,3214,2056,2368,2412,3234,357430.783,3769692.575
Urban,2200,2817,3092,2477,1276,1464,1669,2808,357491.586,3769663.239
Urban,3040,3173,3216,2968,1550,1846,2460,3222,357460.614,3769658.366
Urban,2822,3154,3310,3192,2232,2472,2490,3410,357427.841,3769684.744
Urban,2859,3378,3332,2875,4000,4090,3874,4211,357354.452,3769691.200
Urban,1832,2459,2734,2574,1224,1402,1463,2640,357512.846,3769745.516
Urban,2596,2973,3170,2933,1933,2202,2203,3292,357337.769,3769701.687
Urban,1719,2704,2944,2185,1134,1340,1316,3135,357523.708,3769672.126
Urban,2908,3261,3280,3106,2488,2682,2888,3435,357403.807,3769702.809
Urban,2504,2718,2853,2795,1626,1802,1955,2776,357369.756,3769650.423
Urban,2560,2821,3008,2787,1876,2092,2093,3099,357360.170,3769665.269
Urban,2921,3779,3933,2967,1764,2072,2261,4308,357449.116,3769744.027
Urban,1954,2863,3250,2922,1406,1630,1725,3713,357471.236,3769749.868
Urban,1957,2886,3175,2553,1275,1428,1425,2937,357460.156,3769720.038
Urban,2262,3079,3364,2689,1282,1573,1400,3567,357451.131,3769712.475
Urban,2792,3335,3285,2832,2156,2398,2598,3375,357352.989,3769687.839
Urban,2350,3118,3343,2683,1348,1597,1461,3863,357457.466,3769733.108
Urban,2838,3112,3300,2918,1929,2218,2070,3566,357355.595,3769714.443
Urban,2026,2898,3188,2982,1357,1558,1643,3701,357484.415,3769745.811
Urban,2863,3017,3193,3045,2230,2466,2642,3322,357453.504,3769649.294
Urban,3037,3521,3486,3314,2238,2564,2621,3358,357430.487,3769662.130
Urban,2714,3033,3086,3061,1562,1828,2187,2570,357452.412,3769667.378
Urban,2449,2877,3135,2593,1797,1902,2093,3236,357487.749,3769664.567
Urban,1836,2741,3060,2678,1251,1413,1475,3038,357472.172,3769738.293
Urban,1217,1499,1594,1606,1094,1174,1178,1764,357529.695,3769710.601
Urban,1845,2539,2797,2332,1550,1619,1587,2792,357485.595,3769685.157
Urban,2095,2999,3269,3054,1342,1540,1609,3519,357496.275,3769751.848
Urban,1954,2863,3250,2922,1406,1630,1725,3713,357474.055,3769747.301
Urban,1515,2025,2202,2162,1090,1125,1181,1936,357502.119,3769724.291
Urban,1447,2054,2341,1925,1116,1162,1140,1913,357546.420,3769707.365
Urban,2468,2806,2908,2850,2316,2322,2366,2829,357367.699,3769720.622
Urban,2382,3195,3476,2765,1281,1534,1396,3914,357457.777,3769747.026
Urban,1677,2277,2494,2441,1201,1360,1352,2847,357500.498,3769732.492
Urban,2471,3353,3756,2920,2406,2648,2556,4450,357537.284,3769657.914
Urban,1254,1591,1665,1612,1140,1164,1133,1525,357525.587,3769707.415
Urban,3081,3441,3488,3166,2676,2908,3154,3658,357423.451,3769635.797
Urban,3791,4624,4680,3430,4112,4556,4152,5443,357435.256,3769736.608
Urban,2270,3000,3201,2688,1840,2118,2118,4312,357518.924,3769655.201
Urban,1378,2009,2096,1831,1107,1157,1170,1547,357516.177,3769683.693
Urban,2564,3070,3220,2945,1754,1947,1850,3282,357400.896,3769674.448
Urban,1402,1886,2037,1872,1169,1225,1265,2171,357509.451,3769700.236
Urban,2596,2973,3170,2933,1933,2202,2203,3292,357330.060,3769700.100
Urban,1195,1477,1601,1674,1059,1147,1102,1632,357521.492,3769724.645
Urban,2586,2981,3076,2900,1808,2048,2071,2863,357366.050,3769713.904
Urban,2757,2905,3147,2969,1972,2222,2366,3187,357399.647,3769696.822
Urban,2441,2790,2949,2790,1634,1781,1791,2962,357372.874,3769668.323
Urban,1714,2717,3114,2271,1223,1412,1334,4160,357551.892,3769693.107
Urban,1719,2704,2944,2185,1134,1340,1316,3135,357522.603,3769674.490
Urban,2822,3154,3310,3192,2232,2472,2490,3410,357426.596,3769683.838
Urban,2871,3271,3433,3289,2180,2622,2881,3874,357436.054,3769680.109
Urban,1807,2939,3419,2351,1306,1590,1461,4856,357556.345,3769684.204
Urban,1533,2203,2420,2102,1216,1376,1283,3014,357499.056,3769690.908
Urban,1217,1499,1594,1606,1094,1174,1178,1764,357522.338,3769714.813
Urban,2882,3330,3350,3103,2560,2714,2626,3246,357427.858,3769623.252
Urban,2141,3228,3664,2608,1452,1678,1805,4408,357536.828,3769667.771
Urban,2366,3037,3124,2897,2474,2688,2756,3525,357398.067,3769662.843
Urban,1779,2703,3000,2510,1254,1392,1359,2833,357472.709,3769726.448
Urban,2596,2973,3170,2933,1933,2202,2203,3292,357336.432,3769705.140
Urban,1845,2539,2797,2332,1550,1619,1587,2792,357481.101,3769687.504
Urban,2440,2923,3036,2823,1575,1771,1856,3031,357396.287,3769638.606
Urban,2476,3016,3163,2894,1514,1890,2224,3380,357398.014,3769656.512
Urban,2924,3149,3346,3002,2070,2242,2360,3046,357405.864,3769637.800
Urban,1842,2904,3288,2302,1239,1498,1365,3922,357538.941,3769672.313
Urban,2471,3353,3756,2920,2406,2648,2556,4450,357533.318,3769655.956
Urban,1515,2025,2202,2162,1090,1125,1181,1936,357501.329,3769728.555
Urban,3749,3871,4104,3490,2176,2404,2847,3462,357417.388,3769720.057
Urban,3229,3472,3610,3254,3366,3666,3596,4562,357437.860,3769648.948
Urban,1447,2054,2341,1925,1116,1162,1140,1913,357547.649,3769704.771
Urban,2573,3262,3537,2786,2470,2650,2346,3864,357490.249,3769652.047
Urban,2596,2973,3170,2933,1933,2202,2203,3292,357335.702,3769706.378
Urban,3037,3521,3486,3314,2238,2564,2621,3358,357436.892,3769663.524
Urban,2792,3335,3285,2832,2156,2398,2598,3375,357355.497,3769685.510
Urban,2730,3379,3582,2989,1958,2122,2152,3160,357497.741,3769640.793
Urban,1576,2381,2629,2004,1184,1321,1258,2677,357531.804,3769687.629
Urban,1787,2839,3117,2415,1330,1452,1412,3788,357565.735,3769674.355
Urban,1515,2025,2202,2162,1090,1125,1181,1936,357506.809,3769726.106
Urban,2616,2870,3086,2890,1769,1894,2118,2650,357401.482,3769683.374
Urban,1254,1591,1665,1612,1140,1164,1133,1525,357527.994,3769703.838
Urban,1362,1778,2001,1849,1100,1176,1156,1505,357542.198,3769718.915
Urban,1596,2227,2426,2215,1152,1244,1228,2227,357497.486,3769712.673
Urban,2333,2816,2916,2798,1508,1673,1985,2609,357383.869,3769640.096
Urban,1295,1749,1822,1715,1082,1195,1158,1731,357516.730,3769698.899
Urban,2801,3310,3568,3190,1836,2240,2566,3592,357448.799,3769691.963
Urban,2817,3227,3247,3224,2012,2316,2344,3426,357447.041,3769666.355
Urban,2440,2923,3036,2823,1575,1771,1856,3031,357392.833,3769630.676
Urban,2035,2995,3311,2559,1260,1490,1428,3680,357468.970,3769700.010
Urban,2908,3261,3280,3106,2488,2682,2888,3435,357407.902,3769701.102
Urban,2560,2821,3008,2787,1876,2092,2093,3099,357361.982,3769663.320
Urban,2714,3033,3086,3061,1562,1828,2187,2570,357453.102,3769661.757
Urban,1195,1477,1601,1674,1059,1147,1102,1632,357521.482,3769727.444
Urban,2505,3081,3229,2879,1749,1924,1922,3079,357505.797,3769642.572
Urban,2716,2979,3168,2995,1774,1922,2096,2747,357419.752,3769682.932
Land,1761,2253,2429,2586,1260,1383,1476,2355,350013.242,3772176.705
Land,1609,2394,2550,2120,1193,1300,1272,2706,350039.350,3772119.008
Land,1635,2517,2707,2168,1214,1318,1271,3111,350032.747,3772106.960
Land,1708,2527,2644,2271,1228,1370,1341,2865,349972.310,3772160.004
Land,1792,2615,2845,2342,1276,1422,1428,2900,349939.322,3772148.000
Land,1360,1809,1947,1789,1124,1147,1096,1663,349886.274,3772195.738
Land,1691,2306,2414,2274,1201,1349,1344,2462,350038.454,3772155.321
Land,1710,2266,2379,2405,1238,1382,1396,2462,350037.021,3772163.778
Land,1570,2224,2406,2098,1138,1262,1238,2332,350016.322,3772132.838
Land,1791,2412,2570,2263,1400,1676,1598,2925,349889.994,3772161.618
Land,1481,2092,2217,1912,1104,1158,1131,2077,349975.616,3772213.637
Land,1809,2736,3034,2269,1266,1472,1398,3577,349941.157,3772187.717
Land,1793,2439,2594,2471,1237,1365,1419,2676,349980.135,3772171.720
Land,1594,2566,2830,2035,1184,1260,1238,2975,349956.535,3772104.512
Land,1792,2615,2845,2342,1276,1422,1428,2900,349931.157,3772146.546
Land,1745,2319,2476,2574,1262,1383,1407,2598,350036.396,3772182.484
Land,1659,2640,2907,2104,1270,1439,1380,3121,349927.489,3772116.840
Land,1854,2580,2829,2553,1308,1436,1468,2923,349983.337,3772186.300
Land,1710,2266,2379,2405,1238,1382,1396,2462,350039.067,3772160.660
Land,1684,2721,3010,2201,1192,1344,1271,3307,350018.293,3772097.747
Land,1420,1872,1964,1795,1139,1176,1200,1923,349912.126,3772197.959
Land,1668,2653,2840,2146,1182,1319,1269,3072,350010.952,3772103.316
Land,1554,2413,2676,2021,1170,1274,1212,2873,349975.124,3772139.671
Land,1509,2150,2381,1899,1173,1254,1203,2610,349940.376,3772205.248
Land,1680,2711,2994,2139,1232,1337,1306,3075,349999.921,3772109.736
Land,1570,2224,2406,2098,1138,1262,1238,2332,350016.788,3772136.355
Land,1799,2444,2669,2568,1237,1388,1349,3104,350016.729,3772196.727
Land,1827,2728,2864,2361,1273,1405,1384,3152,349926.366,3772161.548
Land,1705,2593,2705,2176,1232,1380,1375,3196,349932.684,3772181.321
Land,1779,2265,2452,2586,1336,1460,1577,2422,350000.755,3772171.131
Land,1634,2605,2897,2077,1205,1325,1322,3215,349939.078,3772114.235
Land,1581,2345,2519,2072,1154,1274,1240,2492,350014.181,3772126.890
Land,1786,2558,2772,2297,1234,1343,1349,2884,349915.213,3772166.507
Land,1797,2311,2485,2545,1254,1384,1438,2508,349996.015,3772177.440
Land,1861,2454,2725,2618,1284,1404,1433,2602,349991.893,3772181.828
Land,1593,2201,2388,2105,1164,1287,1256,2376,350027.437,3772134.068
Land,1809,2391,2604,2616,1250,1371,1429,2905,350016.335,3772188.565
Land,1315,1735,1807,1663,1102,1124,1083,1656,349929.220,3772202.794
Land,1581,2325,2575,1998,1226,1324,1294,3020,349955.492,3772200.350
Land,1283,1644,1748,1631,1060,1095,1046,1545,349918.959,3772204.900
Land,1826,2721,2975,2387,1230,1390,1342,3047,349895.454,3772149.177
Land,1571,2308,2414,1991,1155,1245,1230,2570,349938.564,3772197.419
Land,1715,2282,2396,2369,1229,1356,1366,2512,350040.467,3772166.458
Land,1623,2134,2292,2237,1181,1300,1310,2329,349990.393,3772152.918
Land,1684,2721,3010,2201,1192,1344,1271,3307,350019.264,3772095.827
Land,1504,1999,2203,2085,1179,1243,1258,2124,349999.172,3772215.672
Land,1590,2567,2855,2032,1143,1242,1221,3022,349952.851,3772114.061
Land,1504,1983,2167,1908,1224,1324,1333,2400,349899.276,3772184.863
Land,1747,2635,2726,2247,1176,1360,1292,2936,349923.113,3772176.031
Land,1608,2429,2599,2049,1188,1317,1280,2990,349961.390,3772209.653
Land,1705,2528,2810,2124,1193,1382,1293,3241,349948.396,3772197.343
Land,1834,2786,2940,2377,1274,1472,1411,3190,349934.918,3772164.156
Land,1761,2777,3020,2289,1224,1360,1362,3132,349894.215,3772132.701
Land,1711,2377,2467,2256,1214,1361,1318,2842,350046.545,3772153.674
Land,1587,2284,2473,2080,1168,1268,1252,2353,350026.006,3772124.018
Land,1710,2266,2379,2405,1238,1382,1396,2462,350037.773,3772166.638
Land,1722,2565,2843,2248,1225,1341,1310,2873,349948.065,3772142.814
Land,1615,2470,2629,2104,1186,1297,1264,2886,350028.057,3772115.334
Land,1686,2666,2925,2185,1188,1294,1252,2971,349916.760,3772129.975
Land,1819,2442,2736,2551,1328,1468,1504,2797,349996.793,3772192.415
Land,1705,2528,2810,2124,1193,1382,1293,3241,349944.687,3772193.715
Land,1371,1777,1793,1789,1087,1184,1189,1660,349870.709,3772187.970
Land,1629,2419,2581,2134,1169,1286,1249,2831,349975.602,3772202.335
Land,1831,2657,2946,2386,1354,1534,1528,3054,349904.146,3772147.360
Land,1817,2775,3068,2336,1229,1408,1323,3238,349951.160,3772176.589
Land,1666,2194,2323,2091,1153,1250,1197,2410,349882.232,3772178.515
Land,1663,2603,2910,2148,1239,1327,1368,3210,349930.662,3772125.930
Land,1657,2726,2979,2123,1208,1370,1293,3292,349968.150,3772098.066
Land,1684,2721,3010,2201,1192,1344,1271,3307,350012.219,3772099.229
Land,1799,2444,2669,2568,1237,1388,1349,3104,350019.014,3772197.015
Land,1708,2527,2644,2271,1228,1370,1341,2865,349977.282,3772169.123
Land,1559,2482,2762,2019,1151,1251,1219,2841,349974.384,3772128.094
Land,1684,2721,3010,2201,1192,1344,1271,3307,350019.328,3772096.643
Land,1670,2255,2432,2145,1211,1319,1301,2705,350053.748,3772130.454
Land,1664,2522,2796,2164,1203,1330,1290,3025,349958.206,3772147.694
Land,1687,2752,3055,2188,1190,1336,1282,3144,350008.971,3772099.496
Land,1743,2276,2418,2547,1239,1362,1399,2508,350025.693,3772175.691
Land,1761,2777,3020,2289,1224,1360,1362,3132,349897.111,3772137.535
Land,1387,1825,1983,1795,1077,1190,1107,1984,349893.481,3772199.165
Land,1679,2689,2904,2142,1196,1356,1274,2931,350003.789,3772105.460
Land,1647,2149,2313,2309,1225,1340,1327,2645,350019.148,3772154.443
Land,1738,2629,2902,2271,1189,1316,1291,2927,349927.249,3772138.808
Land,1633,2312,2453,2221,1189,1333,1307,2591,350051.635,3772100.104
Land,1684,2721,3010,2201,1192,1344,1271,3307,350013.721,3772094.624
Land,1602,2599,2842,2057,1151,1270,1258,3051,349971.936,3772110.179
Land,1587,2392,2584,2062,1189,1262,1239,2793,349976.463,3772143.589
Land,1681,2630,2916,2177,1234,1379,1332,3093,349921.355,3772122.163
Land,1738,2629,2902,2271,1189,1316,1291,2927,349927.588,3772132.084
Land,1590,2588,2836,2042,1177,1268,1234,2892,349960.496,3772119.555
Land,1290,1668,1782,1669,1063,1118,1045,1849,349908.638,3772200.978
Land,1618,2657,2892,2074,1188,1312,1260,3025,349965.441,3772105.086
Land,1666,2194,2323,2091,1153,1250,1197,2410,349880.174,3772172.455
Land,1635,2517,2707,2168,1214,1318,1271,3111,350032.425,3772109.240
Land,1681,2630,2916,2177,1234,1379,1332,3093,349922.710,3772124.389
Land,1608,2429,2599,2049,1188,1317,1280,2990,349963.400,3772208.905
Land,1633,2312,2453,2221,1189,1333,1307,2591,350057.684,3772105.281
Land,1750,2381,2578,2568,1314,1475,1521,2622,350030.264,3772190.949
Land,1536,1939,1955,1968,1210,1269,1271,1684,349865.004,3772179.032
Land,1555,2245,2447,2080,1141,1252,1226,2400,350006.103,3772135.577
Land,1547,2264,2509,2050,1148,1247,1233,2543,349990.615,3772136.781
Land,1618,2657,2892,2074,1188,1312,1260,3025,349966.341,3772107.416
Land,1594,2527,2800,2026,1174,1279,1199,2906,349940.073,3772109.330
Land,1688,2400,2565,2155,1177,1233,1253,2562,349918.548,3772173.494
Land,1575,2386,2586,2060,1169,1302,1255,2795,350009.339,3772122.994
Land,1635,2517,2707,2168,1214,1318,1271,3111,350031.402,3772105.240
Land,1681,2680,2905,2125,1196,1322,1263,3231,349918.522,3772114.769
Land,1283,1644,1748,1631,1060,1095,1046,1545,349918.387,3772202.372
Land,1360,1809,1947,1789,1124,1147,1096,1663,349887.917,3772197.117
Land,1761,2777,3020,2289,1224,1360,1362,3132,349893.060,3772131.925
Land,1633,2528,2676,2103,1190,1296,1264,3094,350019.907,3772115.562
Land,1605,2572,2876,2043,1134,1293,1194,3155,349943.249,3772119.282
Land,1808,2734,3000,2345,1266,1458,1426,3113,349946.393,3772169.949
Land,1804,2532,2805,2480,1264,1474,1444,3600,349989.421,3772193.912
Land,1705,2593,2705,2176,1232,1380,1375,3196,349933.867,3772189.364
Land,1797,2311,2485,2545,1254,1384,1438,2508,349993.873,3772178.103
Land,1792,2759,2888,2306,1394,1566,1563,3476,349937.145,3772170.394
Land,1580,2144,2330,2159,1149,1286,1256,2324,350003.357,3772145.125
Land,1481,1998,2184,2008,1110,1112,1125,1685,349982.170,3772214.496
Land,1809,2736,3034,2269,1266,1472,1398,3577,349947.498,3772186.245
Land,1633,2528,2676,2103,1190,1296,1264,3094,350017.418,3772113.049
Land,1688,2400,2565,2155,1177,1233,1253,2562,349919.077,3772174.293
Land,1770,2427,2630,2577,1332,1449,1499,2754,350020.999,3772191.561
Land,1604,2019,2068,2031,1305,1347,1542,2211,349875.905,3772179.534
Land,1717,2325,2447,2350,1198,1346,1359,2629,349984.959,3772162.394
Land,1547,2264,2509,2050,1148,1247,1233,2543,349992.535,3772134.148
Land,1731,2413,2625,2442,1252,1392,1355,2982,350013.982,3772205.978
Land,1839,2628,2866,2382,1266,1466,1463,3242,349894.226,3772158.546
Land,1832,2675,2861,2389,1304,1421,1497,3133,349931.811,3772159.286
Land,1670,2230,2363,2292,1241,1361,1374,2792,350027.510,3772154.856
Land,1759,2770,2976,2260,1221,1368,1332,3346,349964.783,3772197.650
Land,1602,2166,2338,2181,1137,1302,1230,2497,350014.437,3772147.894
Land,1621,2208,2390,2118,1180,1301,1265,2472,350038.914,3772134.695
Land,1670,2230,2363,2292,1241,1361,1374,2792,350021.412,3772158.971
Land,1822,2774,3052,2332,1392,1586,1604,3574,349946.968,3772178.616
Land,1626,2239,2387,2188,1187,1286,1282,2331,349980.267,3772150.066
Land,1682,2525,2765,2252,1203,1307,1284,3038,350045.266,3772092.870
Land,1602,2166,2338,2181,1137,1302,1230,2497,350018.016,3772143.829
Land,1679,2457,2669,2256,1175,1328,1254,3012,350050.621,3772096.342
Land,1639,2430,2573,2145,1197,1299,1266,2521,349976.909,3772155.432
Land,1481,2092,2217,1912,1104,1158,1131,2077,349979.612,3772216.913
Land,1816,2449,2705,2560,1244,1405,1414,2957,350009.913,3772194.510
Land,1691,2365,2472,2178,1215,1332,1300,2844,350044.118,3772146.737
Land,1826,2721,2975,2387,1230,1390,1342,3047,349897.348,3772149.954
Land,1775,2371,2543,2603,1239,1377,1412,2688,350028.390,3772188.262
Land,1633,2312,2453,2221,1189,1333,1307,2591,350054.907,3772109.307
Land,1504,1999,2203,2085,1179,1243,1258,2124,349998.768,3772211.017
Land,1420,1872,1964,1795,1139,1176,1200,1923,349910.969,3772198.850
Land,1668,2653,2840,2146,1182,1319,1269,3072,350010.710,3772104.853
Land,1590,2588,2836,2042,1177,1268,1234,2892,349960.822,3772117.454
Land,1609,2394,2550,2120,1193,1300,1272,2706,350036.832,3772118.056
Land,1512,2162,2449,2096,1092,1162,1135,1844,352935.392,3772117.891
Land,1643,2395,2519,2157,1201,1388,1334,3216,352956.463,3772134.840
Land,1663,2442,2623,2194,1170,1326,1300,3118,352948.043,3772139.276
Land,1578,2404,2623,2189,1135,1286,1248,2684,352929.972,3772104.541
Land,1747,2610,2909,2390,1268,1416,1402,3425,352925.718,3772142.488
Land,1642,2330,2489,2264,1185,1260,1271,2549,352900.412,3772143.647
Land,1511,2186,2440,2073,1150,1250,1195,2406,352930.235,3772104.858
Land,1671,2668,2803,2316,1143,1284,1279,2978,352918.275,3772105.712
Land,1512,2162,2449,2096,1092,1162,1135,1844,352937.836,3772112.515
Land,1727,2555,2827,2381,1218,1385,1341,3360,352918.715,3772120.237
Land,1737,2494,2770,2377,1205,1376,1352,3279,352914.828,3772134.715
Land,1710,2436,2699,2357,1212,1328,1328,2919,352906.328,3772134.965
Land,1680,2632,2770,2345,1138,1268,1266,2906,352918.313,3772111.134
Land,1578,2404,2623,2189,1135,1286,1248,2684,352920.659,3772109.295
Land,1737,2494,2770,2377,1205,1376,1352,3279,352915.251,3772136.853
Land,1564,2151,2433,2113,1182,1272,1273,2538,352961.429,3772146.990
Land,1643,2395,2519,2157,1201,1388,1334,3216,352954.560,3772133.857
Land,1699,2507,2840,2292,1144,1345,1290,3289,352937.980,3772134.596
Land,1692,2595,2829,2213,1190,1400,1296,3142,352931.940,3772089.390
Land,1578,2404,2623,2189,1135,1286,1248,2684,352925.519,3772101.768
Land,1680,2632,2770,2345,1138,1268,1266,2906,352913.458,3772114.458
Land,1701,2663,2925,2295,1233,1365,1316,3530,352919.088,3772099.347
Land,1642,2330,2489,2264,1185,1260,1271,2549,352906.706,3772145.669
Land,1699,2507,2840,2292,1144,1345,1290,3289,352937.845,3772130.483
Land,1737,2494,2770,2377,1205,1376,1352,3279,352913.139,3772134.517
Land,1608,2340,2544,2146,1162,1305,1249,2588,352951.543,3772142.460
Land,1642,2330,2489,2264,1185,1260,1271,2549,352906.615,3772148.053
Land,1740,2567,2820,2408,1247,1396,1369,3069,352908.890,3772120.751
Land,1643,2395,2519,2157,1201,1388,1334,3216,352953.186,3772135.376
Land,1747,2610,2909,2390,1268,1416,1402,3425,352926.661,3772147.616
Land,1594,2259,2393,2091,1181,1338,1324,3022,352954.830,3772126.337
Land,1620,2425,2648,2136,1201,1397,1312,3142,352935.884,3772090.898
Land,1578,2404,2623,2189,1135,1286,1248,2684,352924.800,3772106.332
Land,1626,2353,2673,2205,1161,1272,1269,2750,352939.461,3772123.581
Land,1578,2404,2623,2189,1135,1286,1248,2684,352921.690,3772101.626
Land,1642,2350,2677,2294,1136,1274,1256,2584,352899.425,3772134.737
Land,1740,2567,2820,2408,1247,1396,1369,3069,352908.740,3772120.282
Land,1512,2162,2449,2096,1092,1162,1135,1844,352932.398,3772119.878
Land,1662,2559,2813,2225,1174,1371,1331,3235,352922.829,3772095.087
Land,1662,2559,2813,2225,1174,1371,1331,3235,352929.031,3772096.443
Land,1479,2020,2268,1999,1074,1177,1135,1882,352943.272,3772110.790
Land,1626,2353,2673,2205,1161,1272,1269,2750,352934.964,3772128.267
Land,1511,2186,2440,2073,1150,1250,1195,2406,352938.852,3772106.599
Land,1512,2162,2449,2096,1092,1162,1135,1844,352935.986,3772117.559
Land,1470,2013,2254,1969,1099,1162,1142,1958,352940.652,3772102.825
Land,1642,2330,2489,2264,1185,1260,1271,2549,352903.876,3772141.465
Land,1727,2555,2827,2381,1218,1385,1341,3360,352911.846,3772121.401
Land,1470,2013,2254,1969,1099,1162,1142,1958,352941.428,3772105.416
Land,1663,2442,2623,2194,1170,1326,1300,3118,352940.689,3772137.803
Land,1574,2263,2432,2026,1237,1344,1320,2788,352944.813,3772097.360
Land,1723,2525,2889,2353,1184,1393,1326,3634,352928.545,3772135.686
Land,1511,2186,2440,2073,1150,1250,1195,2406,352931.021,3772105.388
Land,1663,2442,2623,2194,1170,1326,1300,3118,352947.080,3772139.696
Land,1680,2632,2770,2345,1138,1268,1266,2906,352915.933,3772111.061
Land,1736,2640,2919,2389,1199,1455,1344,3611,352938.430,3772152.788
Land,1470,2013,2254,1969,1099,1162,1142,1958,352946.904,3772104.051
Land,1732,2625,2948,2355,1182,1377,1314,3343,352930.965,3772147.375
Land,1710,2436,2699,2357,1212,1328,1328,2919,352909.856,3772130.130
Land,1601,2283,2474,2118,1171,1310,1296,2799,352941.331,3772124.431
Land,1511,2186,2440,2073,1150,1250,1195,2406,352935.379,3772104.353
Land,1668,2443,2791,2293,1154,1282,1251,3273,352927.161,3772124.991
Land,1626,2353,2673,2205,1161,1272,1269,2750,352933.853,3772127.200
Land,1578,2404,2623,2189,1135,1286,1248,2684,352925.600,3772104.878
Land,1512,2162,2449,2096,1092,1162,1135,1844,352938.791,3772113.264
Land,1608,2340,2544,2146,1162,1305,1249,2588,352955.507,3772145.794
Land,1547,2247,2579,2187,1096,1218,1201,2607,352898.965,3772142.142
Land,1663,2442,2623,2194,1170,1326,1300,3118,352940.356,3772135.285
Land,1727,2555,2827,2381,1218,1385,1341,3360,352915.222,3772123.422
Land,1662,2559,2813,2225,1174,1371,1331,3235,352925.948,3772095.197
Land,1747,2610,2909,2390,1268,1416,1402,3425,352920.668,3772145.553
Land,1594,2259,2393,2091,1181,1338,1324,3022,352954.033,3772125.428
Land,1668,2443,2791,2293,1154,1282,1251,3273,352925.005,3772126.936
Land,1699,2507,2840,2292,1144,1345,1290,3289,352938.716,3772131.461
Land,1626,2353,2673,2205,1161,1272,1269,2750,352931.299,3772122.180
Land,1747,2610,2909,2390,1268,1416,1402,3425,352928.106,3772148.799
Land,1699,2507,2840,2292,1144,1345,1290,3289,352931.954,3772131.997
Land,1580,2366,2616,2212,1087,1174,1149,2267,352924.186,3772116.599
Land,1747,2610,2909,2390,1268,1416,1402,3425,352924.924,3772148.693
Land,1699,2507,2840,2292,1144,1345,1290,3289,352939.844,3772136.269
Land,1740,2567,2820,2408,1247,1396,1369,3069,352902.221,3772129.819
Land,1740,2567,2820,2408,1247,1396,1369,3069,352909.596,3772126.160
Land,1699,2507,2840,2292,1144,1345,1290,3289,352937.581,3772135.132
Land,1578,2404,2623,2189,1135,1286,1248,2684,352924.009,3772100.469
Land,1671,2668,2803,2316,1143,1284,1279,2978,352916.848,3772104.094
Land,1594,2259,2393,2091,1181,1338,1324,3022,352950.988,3772128.360
Land,1662,2559,2813,2225,1174,1371,1331,3235,352926.007,3772094.879
Land,1727,2555,2827,2381,1218,1385,1341,3360,352914.507,3772127.852
Land,1737,2592,2833,2400,1248,1404,1385,3291,352924.513,3772150.598
Land,1512,2162,2449,2096,1092,1162,1135,1844,352935.831,3772110.984
Land,1727,2555,2827,2381,1218,1385,1341,3360,352913.185,3772128.779
Land,1668,2443,2791,2293,1154,1282,1251,3273,352929.115,3772121.967
Land,1574,2263,2432,2026,1237,1344,1320,2788,352944.133,3772093.119
Land,1723,2525,2889,2353,1184,1393,1326,3634,352922.675,3772137.069
Land,1709,2451,2599,2332,1206,1384,1378,3033,352912.131,3772144.025
Land,1479,2020,2268,1999,1074,1177,1135,1882,352942.979,3772113.758
Land,1608,2340,2544,2146,1162,1305,1249,2588,352956.800,3772145.281
Land,1608,2340,2544,2146,1162,1305,1249,2588,352951.679,3772149.209
Land,1578,2404,2623,2189,1135,1286,1248,2684,352924.529,3772103.459
Land,1626,2353,2673,2205,1161,1272,1269,2750,352937.609,3772124.778
Land,1608,2340,2544,2146,1162,1305,1249,2588,352953.438,3772143.375
Land,1671,2668,2803,2316,1143,1284,1279,2978,352914.590,3772109.892
Land,1662,2559,2813,2225,1174,1371,1331,3235,352927.804,3772097.743
Land,1578,2404,2623,2189,1135,1286,1248,2684,352928.897,3772108.481
Land,1580,2366,2616,2212,1087,1174,1149,2267,352926.830,3772110.699
Land,1664,2498,2715,2227,1160,1300,1257,2875,352941.817,3772149.218
Land,1620,2425,2648,2136,1201,1397,1312,3142,352934.529,3772091.269
Land,1663,2442,2623,2194,1170,1326,1300,3118,352945.773,3772137.848
Land,1642,2330,2489,2264,1185,1260,1271,2549,352903.908,3772146.678
Land,1662,2559,2813,2225,1174,1371,1331,3235,352923.552,3772099.503
Land,1663,2442,2623,2194,1170,1326,1300,3118,352943.168,3772139.933
Land,1643,2395,2519,2157,1201,1388,1334,3216,352954.829,3772135.975
Land,1680,2632,2770,2345,1138,1268,1266,2906,352911.081,3772113.309
Land,1594,2259,2393,2091,1181,1338,1324,3022,352952.333,3772125.307
Land,1723,2525,2889,2353,1184,1393,1326,3634,352928.485,3772138.440
Land,1727,2555,2827,2381,1218,1385,1341,3360,352917.048,3772122.258
Land,1680,2632,2770,2345,1138,1268,1266,2906,352918.755,3772118.894
Land,1506,2058,2367,2074,1084,1149,1156,2181,352960.746,3772155.952
Land,1511,2186,2440,2073,1150,1250,1195,2406,352935.620,3772100.898
Land,1642,2330,2489,2264,1185,1260,1271,2549,352907.750,3772145.476
Land,1723,2525,2889,2353,1184,1393,1326,3634,352928.083,3772130.226
Land,1709,2451,2599,2332,1206,1384,1378,3033,352912.750,3772141.165
Land,1732,2625,2948,2355,1182,1377,1314,3343,352934.630,3772144.523
Land,1699,2507,2840,2292,1144,1345,1290,3289,352938.397,3772133.698
Land,1578,2404,2623,2189,1135,1286,1248,2684,352922.894,3772108.090
Land,1723,2525,2889,2353,1184,1393,1326,3634,352922.638,3772131.299
Land,1747,2610,2909,2390,1268,1416,1402,3425,352923.032,3772144.463
Land,1727,2555,2827,2381,1218,1385,1341,3360,352918.352,3772125.266
Land,1671,2369,2479,2291,1184,1307,1326,2692,352919.401,3772150.264
Land,1709,2451,2599,2332,1206,1384,1378,3033,352918.916,3772141.817
Land,1664,2498,2715,2227,1160,1300,1257,2875,352946.977,3772145.505
Land,1511,2186,2440,2073,1150,1250,1195,2406,352931.531,3772101.914
Land,1668,2443,2791,2293,1154,1282,1251,3273,352924.203,3772126.368
Land,1740,2567,2820,2408,1247,1396,1369,3069,352903.830,3772126.126
Land,1626,2353,2673,2205,1161,1272,1269,2750,352936.958,3772124.069
Land,1512,2162,2449,2096,1092,1162,1135,1844,352932.231,3772119.336
Land,1723,2525,2889,2353,1184,1393,1326,3634,352921.618,3772134.244
Land,1479,2020,2268,1999,1074,1177,1135,1882,352942.823,3772115.210
Land,1710,2436,2699,2357,1212,1328,1328,2919,352905.486,3772132.810
Land,1594,2259,2393,2091,1181,1338,1324,3022,352952.708,3772126.125
Land,1737,2494,2770,2377,1205,1376,1352,3279,352915.676,3772130.821
Land,1680,2632,2770,2345,1138,1268,1266,2906,352918.556,3772119.079
Land,1512,2162,2449,2096,1092,1162,1135,1844,352933.541,3772114.222
Land,1608,2340,2544,2146,1162,1305,1249,2588,352959.528,3772140.960
Land,1470,2013,2254,1969,1099,1162,1142,1958,352944.160,3772101.871
Land,1727,2555,2827,2381,1218,1385,1341,3360,352917.692,3772124.354
Land,1663,2442,2623,2194,1170,1326,1300,3118,352942.736,3772137.385
Land,1547,2247,2579,2187,1096,1218,1201,2607,352896.513,3772143.712
Land,1663,2442,2623,2194,1170,1326,1300,3118,352946.585,3772135.041
Land,1626,2353,2673,2205,1161,1272,1269,2750,352939.520,3772127.235
Land,1580,2366,2616,2212,1087,1174,1149,2267,352926.262,3772110.405
Land,1681,2107,2256,2686,1232,1329,1480,2321,358641.366,3774098.419
Land,1589,1955,2108,2577,1187,1295,1372,2213,358621.838,3774089.498
Land,1587,2210,2390,2308,1174,1296,1311,2654,358607.378,3774139.810
Land,1694,2126,2333,2606,1193,1297,1406,2410,358562.249,3774165.963
Land,1659,2033,2219,2580,1266,1375,1487,2360,358658.588,3774144.987
Land,1753,2220,2343,2712,1302,1409,1555,2419,358666.326,3774126.625
Land,1611,2012,2169,2594,1217,1349,1420,2517,358648.820,3774072.905
Land,1753,2220,2343,2712,1302,1409,1555,2419,358663.187,3774129.129
Land,1583,2055,2312,2373,1180,1263,1384,2477,358664.511,3774175.335
Land,1547,1909,2102,2421,1201,1328,1359,2413,358614.500,3774068.950
Land,1611,2193,2359,2376,1220,1306,1407,2502,358615.137,3774136.950
Land,1751,2211,2388,2732,1270,1404,1530,2718,358655.911,3774103.134
Land,1553,2162,2381,2270,1162,1252,1279,2394,358598.446,3774143.036
Land,1614,2166,2364,2394,1173,1289,1320,2651,358602.912,3774114.075
Land,1695,2101,2288,2698,1234,1374,1452,2585,358636.693,3774109.724
Land,1553,2162,2381,2270,1162,1252,1279,2394,358594.821,3774145.083
Land,1535,1975,2183,2295,1150,1242,1292,2143,358615.909,3774165.605
Land,1603,1945,2118,2428,1214,1310,1401,2120,358614.788,3774184.612
Land,1633,2075,2289,2530,1184,1306,1368,2464,358674.576,3774156.992
Land,1716,2135,2346,2683,1228,1359,1466,2460,358637.845,3774118.716
Land,1583,1925,2075,2519,1223,1321,1400,2091,358616.311,3774089.736
Land,1636,2029,2206,2503,1201,1302,1417,2369,358641.319,3774042.610
Land,1530,1909,2066,2339,1184,1256,1349,2078,358625.756,3774166.356
Land,1637,2038,2211,2523,1225,1342,1430,2322,358651.571,3774055.527
Land,1598,2016,2182,2451,1208,1323,1388,2376,358609.215,3774095.631
Land,1575,2073,2249,2385,1142,1246,1263,2556,358658.311,3774188.542
Land,1536,1913,2051,2353,1214,1308,1386,2224,358631.183,3774178.343
Land,1674,2105,2289,2613,1241,1350,1433,2319,358670.742,3774141.170
Land,1611,1975,2135,2544,1237,1336,1430,2176,358614.271,3774093.065
Land,1552,1935,2125,2341,1172,1270,1330,2039,358611.951,3774176.619
Land,1595,2080,2292,2405,1185,1277,1348,2560,358660.622,3774184.154
Land,1702,2136,2282,2694,1224,1342,1430,2519,358655.972,3774095.533
Land,1584,2039,2212,2421,1187,1239,1332,2239,358648.222,3774191.987
Land,1602,2147,2415,2316,1202,1279,1368,2427,358612.354,3774027.094
Land,1578,1955,2108,2444,1241,1328,1426,2165,358607.172,3774086.856
Land,1553,1906,2073,2458,1210,1271,1361,2061,358614.977,3774079.554
Land,1612,2103,2298,2427,1188,1319,1378,2542,358607.457,3774106.113
Land,1605,2207,2381,2351,1188,1284,1314,2549,358600.243,3774129.029
Land,1576,2183,2428,2278,1161,1270,1292,2654,358597.410,3774139.071
Land,1579,1947,2124,2434,1188,1286,1389,2014,358634.774,3774155.001
Land,1624,1999,2146,2624,1228,1314,1476,2236,358624.781,3774097.084
Land,1642,2149,2270,2477,1180,1328,1466,2761,358568.504,3774148.528
Land,1548,1991,2160,2318,1186,1267,1325,2136,358591.903,3774064.368
Land,1587,2073,2240,2417,1138,1264,1332,2322,358653.857,3774195.387
Land,1627,2067,2283,2460,1225,1346,1433,2405,358643.025,3774039.955
Land,1589,1955,2108,2577,1187,1295,1372,2213,358622.080,3774083.530
Land,1586,2170,2328,2360,1159,1265,1302,2579,358581.345,3774150.734
Land,1716,2135,2346,2683,1228,1359,1466,2460,358638.115,3774112.960
Land,1541,1919,2056,2366,1214,1298,1395,2114,358637.921,3774162.950
Land,1637,2055,2251,2533,1265,1352,1439,2293,358612.581,3774104.572
Land,1715,2171,2374,2612,1216,1324,1408,2422,358574.968,3774171.282
Land,1589,1955,2108,2577,1187,1295,1372,2213,358622.702,3774083.313
Land,1737,2244,2452,2634,1239,1372,1460,2732,358682.890,3774109.332
Land,1615,2144,2276,2429,1204,1350,1354,2655,358599.759,3774172.293
Land,1633,2190,2350,2436,1250,1330,1377,2447,358615.460,3774121.653
Land,1557,2155,2345,2295,1156,1255,1215,2723,358590.591,3774150.159
Land,1556,2018,2164,2349,1186,1273,1350,2472,358645.481,3774175.317
Land,1616,2007,2199,2489,1211,1324,1384,2379,358651.714,3774151.715
Land,1630,2158,2324,2482,1217,1365,1434,2691,358691.070,3774094.029
Land,1565,2173,2451,2229,1153,1250,1270,2909,358694.615,3774068.169
Land,1576,1904,2084,2410,1179,1294,1357,2104,358624.456,3774182.052
Land,1535,1886,2038,2350,1163,1252,1340,2094,358626.797,3774177.852
Land,1591,2206,2391,2318,1149,1256,1273,2804,358595.025,3774102.455
Land,1583,1925,2075,2519,1223,1321,1400,2091,358615.244,3774082.809
Land,1763,2235,2381,2706,1268,1419,1482,2643,358675.418,3774129.702
Land,1586,2061,2290,2361,1189,1290,1354,2326,358618.293,3774038.437
Land,1716,2135,2346,2683,1228,1359,1466,2460,358632.774,3774117.340
Land,1555,2021,2196,2304,1184,1259,1246,2418,358585.679,3774069.046
Land,1674,2105,2289,2613,1241,1350,1433,2319,358676.376,3774148.000
Land,1775,2268,2504,2678,1209,1352,1424,2836,358683.458,3774113.586
Land,1579,2110,2243,2431,1190,1311,1344,2491,358630.264,3774034.442
Land,1658,2145,2291,2523,1180,1278,1343,2644,358566.194,3774159.202
Land,1661,2194,2333,2510,1165,1312,1386,2541,358580.168,3774174.064
Land,1591,2169,2403,2307,1165,1275,1310,2527,358580.862,3774132.065
Land,1557,2105,2347,2260,1163,1226,1292,2293,358704.015,3774078.964
Land,1681,2164,2300,2585,1196,1298,1388,2461,358587.022,3774181.066
Land,1587,2123,2289,2348,1156,1267,1273,2644,358594.747,3774092.604
Land,1576,1904,2084,2410,1179,1294,1357,2104,358627.770,3774182.140
Land,1702,2105,2300,2632,1252,1366,1516,2275,358649.332,3774133.594
Land,1642,2055,2193,2644,1198,1304,1388,2445,358641.840,3774085.092
Land,1629,2005,2165,2536,1186,1333,1456,2512,358645.475,3774054.446
Land,1648,2059,2215,2587,1226,1314,1486,2200,358679.328,3774080.392
Land,1535,1886,2038,2350,1163,1252,1340,2094,358625.537,3774170.036
Land,1778,2264,2400,2739,1297,1426,1542,2556,358669.537,3774115.091
Land,1615,2144,2276,2429,1204,1350,1354,2655,358590.179,3774170.852
Land,1716,2135,2346,2683,1228,1359,1466,2460,358638.621,3774116.705
Land,1759,2245,2395,2701,1244,1392,1530,2727,358677.331,3774103.750
Land,1583,1925,2075,2519,1223,1321,1400,2091,358611.371,3774085.278
Land,1578,1955,2108,2444,1241,1328,1426,2165,358602.493,3774080.105
Land,1650,2071,2279,2486,1227,1342,1449,2492,358629.637,3774200.193
Land,1591,2169,2403,2307,1165,1275,1310,2527,358580.761,3774135.490
Land,1642,2055,2193,2644,1198,1304,1388,2445,358641.506,3774080.834
Land,1579,2110,2243,2431,1190,1311,1344,2491,358637.338,3774032.613
Land,1618,2007,2171,2562,1260,1328,1424,2092,358652.499,3774064.124
Land,1569,2005,2154,2377,1218,1270,1354,2327,358643.927,3774166.259
Land,1553,2162,2381,2270,1162,1252,1279,2394,358592.654,3774142.025
Land,1587,2073,2240,2417,1138,1264,1332,2322,358650.993,3774198.762
Land,1679,2158,2338,2549,1209,1327,1376,2460,358579.217,3774165.433
Land,1660,2071,2209,2652,1151,1316,1430,2317,358653.585,3774083.295
Land,1715,2171,2374,2612,1216,1324,1408,2422,358572.955,3774174.463
Land,1607,1995,2160,2558,1181,1313,1438,2444,358643.036,3774068.643
Land,1694,2126,2333,2606,1193,1297,1406,2410,358569.793,3774169.474
Land,1595,2080,2292,2405,1185,1277,1348,2560,358661.569,3774185.179
Land,1587,2210,2390,2308,1174,1296,1311,2654,358600.940,3774131.675
Land,1659,2063,2247,2590,1205,1336,1389,2534,358667.550,3774149.073
Land,1589,1955,2108,2577,1187,1295,1372,2213,358629.266,3774088.893
Land,1675,2155,2358,2542,1225,1336,1438,2640,358628.568,3774121.117
Land,1548,1991,2160,2318,1186,1267,1325,2136,358596.530,3774065.624
Land,1592,2234,2445,2298,1146,1246,1247,2806,358596.813,3774112.929
Land,1616,2061,2251,2425,1194,1278,1329,2321,358576.300,3774099.722
Land,1588,2163,2319,2352,1152,1269,1264,2717,358591.190,3774168.843
Land,1614,2166,2364,2394,1173,1289,1320,2651,358607.397,3774115.697
Land,1564,2023,2188,2381,1151,1219,1329,2504,358640.408,3774186.057
Land,1585,2007,2162,2468,1187,1283,1340,2369,358634.939,3774044.666
Land,1622,2119,2316,2407,1179,1284,1329,2592,358571.889,3774112.442
Land,1574,2161,2348,2317,1176,1266,1291,2349,358587.875,3774143.655
Land,1710,2130,2263,2697,1242,1340,1457,2450,358664.260,3774097.415
Land,1530,1909,2066,2339,1184,1256,1349,2078,358620.841,3774167.106
Land,1589,2207,2449,2287,1163,1245,1278,2500,358594.847,3774121.474
Land,1679,2103,2317,2566,1229,1350,1459,2719,358633.597,3774136.120
Land,1749,2187,2357,2718,1250,1366,1420,2648,358650.110,3774121.395
Land,1702,2105,2300,2632,1252,1366,1516,2275,358647.119,3774130.293
Land,1665,2064,2252,2636,1260,1345,1471,2350,358626.106,3774100.018
Land,1588,2163,2319,2352,1152,1269,1264,2717,358595.975,3774168.021
Land,1551,2063,2292,2290,1146,1254,1255,2598,358619.005,3774152.002
Land,1638,2168,2301,2459,1217,1292,1404,2305,358571.428,3774158.997
Land,1616,2066,2236,2470,1208,1310,1440,2342,358647.353,3774200.012
Land,1611,2193,2359,2376,1220,1306,1407,2502,358611.602,3774135.738
Land,1567,2112,2256,2276,1152,1264,1278,2594,358589.697,3774058.721
Land,1665,2064,2252,2636,1260,1345,1471,2350,358622.366,3774106.818
Land,1625,2018,2170,2605,1202,1325,1434,2180,358655.172,3774073.141
Land,1586,2061,2290,2361,1189,1290,1354,2326,358619.728,3774037.046
Land,1563,1934,2164,2406,1197,1286,1349,2279,358614.121,3774059.621
Land,1583,2055,2312,2373,1180,1263,1384,2477,358664.606,3774170.555
Land,1575,2073,2249,2385,1142,1246,1263,2556,358651.551,3774180.017
Land,1587,2210,2390,2308,1174,1296,1311,2654,358607.742,3774132.971
Land,1579,2021,2205,2367,1224,1331,1370,2329,358601.191,3774179.901
Land,1611,2193,2359,2376,1220,1306,1407,2502,358618.549,3774130.152
Land,1595,2218,2429,2302,1142,1285,1275,2773,358582.682,3774114.646
Land,1764,2234,2373,2733,1244,1379,1469,2555,358668.870,3774109.147
Land,1579,2021,2205,2367,1224,1331,1370,2329,358604.302,3774177.664
Land,1557,2155,2345,2295,1156,1255,1215,2723,358599.985,3774156.317
Land,1637,2038,2211,2523,1225,1342,1430,2322,358652.540,3774056.728
Land,1629,2196,2342,2435,1170,1276,1353,2561,358586.688,3774161.017
Land,1583,1925,2075,2519,1223,1321,1400,2091,358613.795,3774087.728
Land,1560,1932,2136,2495,1197,1302,1348,2236,358624.124,3774077.437
Land,1642,2082,2285,2480,1235,1343,1432,2523,358639.852,3774200.335
Land,1644,2127,2323,2497,1257,1356,1401,2404,358619.995,3774118.441
Land,1642,2055,2193,2644,1198,1304,1388,2445,358645.294,3774083.733
Land,1640,2098,2217,2525,1204,1313,1374,2331,358595.668,3774183.050
Land,1680,2392,2585,2417,1222,1324,1360,2796,359626.610,3771247.820
Land,1796,2523,2806,2606,1334,1469,1563,2966,359651.393,3771246.926
Land,1667,2292,2535,2315,1202,1329,1346,2851,359649.693,3771263.394
Land,1640,2370,2602,2348,1144,1244,1246,2612,359618.950,3771243.968
Land,1676,2501,2823,2372,1208,1309,1327,2662,359609.175,3771234.096
Land,1599,2263,2494,2285,1162,1291,1240,2759,359616.090,3771254.088
Land,1667,2292,2535,2315,1202,1329,1346,2851,359643.588,3771261.449
Land,1593,2162,2453,2216,1186,1286,1273,2533,359624.218,3771268.639
Land,1286,1690,1952,1650,1048,1114,1070,1972,359633.840,3771300.255
Land,1390,1985,2167,1789,1100,1174,1149,2429,359638.003,3771290.167
Land,1457,2071,2285,2032,1141,1298,1250,2465,359601.173,3771270.813
Land,1479,2070,2352,2050,1115,1198,1197,2278,359612.365,3771279.942
Land,1390,1985,2167,1789,1100,1174,1149,2429,359638.429,3771297.860
Land,1390,1985,2167,1789,1100,1174,1149,2429,359639.103,3771296.322
Land,1449,2095,2295,1912,1093,1203,1138,2493,359626.634,3771288.141
Land,1577,2268,2500,2262,1118,1260,1221,2492,359604.938,3771252.006
Land,1754,2389,2660,2520,1291,1419,1474,2908,359649.706,3771257.995
Land,1667,2292,2535,2315,1202,1329,1346,2851,359647.391,3771265.665
Land,1577,2268,2500,2262,1118,1260,1221,2492,359609.471,3771256.011
Land,1543,2139,2420,2177,1146,1248,1220,2523,359614.042,3771260.046
Land,1765,2473,2751,2561,1351,1475,1545,2710,359648.855,3771242.253
Land,1481,2138,2321,1937,1084,1193,1142,2371,359631.878,3771288.044
Land,1524,2097,2383,2066,1116,1204,1175,2290,359627.699,3771273.044
Land,1577,2268,2500,2262,1118,1260,1221,2492,359600.442,3771257.584
Land,1765,2473,2751,2561,1351,1475,1545,2710,359646.889,3771241.020
Land,1459,2100,2181,2010,1124,1258,1248,2602,359592.470,3771275.951
Land,1457,2071,2285,2032,1141,1298,1250,2465,359608.403,3771274.306
Land,1684,2371,2567,2365,1215,1321,1300,2713,359652.868,3771264.625
Land,1680,2392,2585,2417,1222,1324,1360,2796,359624.462,3771249.379
Land,1456,2116,2196,2020,1105,1206,1174,2311,359588.689,3771274.571
Land,1449,2095,2295,1912,1093,1203,1138,2493,359625.619,3771280.992
Land,1754,2389,2660,2520,1291,1419,1474,2908,359645.789,3771253.701
Land,1657,2289,2506,2361,1295,1393,1419,2878,359625.635,3771257.516
Land,1657,2289,2506,2361,1295,1393,1419,2878,359628.972,3771252.426
Land,1479,2070,2352,2050,1115,1198,1197,2278,359610.742,3771272.308
Land,1559,2149,2411,2094,1113,1195,1184,2208,359631.953,3771279.026
Land,1457,2071,2285,2032,1141,1298,1250,2465,359604.931,3771274.979
Land,1796,2523,2806,2606,1334,1469,1563,2966,359658.037,3771245.212
Land,1543,2139,2420,2177,1146,1248,1220,2523,359610.108,3771265.186
Land,1603,2304,2478,2189,1167,1253,1224,2334,359650.394,3771270.226
Land,1459,2100,2181,2010,1124,1258,1248,2602,359597.748,3771274.692
Land,1504,2183,2364,1978,1119,1223,1198,2691,359642.561,3771281.510
Land,1699,2546,2810,2437,1271,1380,1438,2904,359641.375,3771238.231
Land,1665,2462,2744,2367,1112,1247,1229,2709,359610.027,3771234.847
Land,1589,2304,2523,2293,1126,1254,1260,2491,359599.019,3771254.433
Land,1635,2213,2491,2261,1211,1330,1298,2583,359638.648,3771268.453
Land,1459,2100,2181,2010,1124,1258,1248,2602,359597.738,3771277.761
Land,1728,2584,2848,2459,1301,1422,1430,3068,359653.337,3771239.182
Land,1559,2149,2411,2094,1113,1195,1184,2208,359631.521,3771272.698
Land,1337,1938,2157,1808,1115,1189,1137,2607,359617.698,3771292.797
Land,1577,2268,2500,2262,1118,1260,1221,2492,359604.404,3771258.733
Land,1665,2462,2744,2367,1112,1247,1229,2709,359612.845,3771238.701
Land,1765,2473,2751,2561,1351,1475,1545,2710,359644.338,3771245.656
Land,1449,2095,2295,1912,1093,1203,1138,2493,359625.236,3771280.355
Land,1680,2392,2585,2417,1222,1324,1360,2796,359620.841,3771245.289
Land,1629,2386,2651,2335,1169,1287,1255,2617,359604.698,3771246.872
Land,1708,2331,2561,2439,1303,1433,1460,2931,359630.500,3771257.039
Land,1370,1963,2158,1787,1114,1233,1160,2883,359624.871,3771295.130
Land,1796,2523,2806,2606,1334,1469,1563,2966,359651.589,3771244.224
Land,1337,1938,2157,1808,1115,1189,1137,2607,359619.933,3771293.265
Land,1657,2289,2506,2361,1295,1393,1419,2878,359626.730,3771257.524
Land,1481,2138,2321,1937,1084,1193,1142,2371,359634.298,3771282.606
Land,1370,1963,2158,1787,1114,1233,1160,2883,359626.231,3771297.256
Land,1708,2331,2561,2439,1303,1433,1460,2931,359634.456,3771252.698
Land,1657,2289,2506,2361,1295,1393,1419,2878,359624.621,3771257.941
Land,1657,2289,2506,2361,1295,1393,1419,2878,359625.783,3771258.551
Land,1370,1963,2158,1787,1114,1233,1160,2883,359624.201,3771290.906
Land,1782,2452,2713,2574,1288,1431,1429,2985,359653.192,3771256.467
Land,1721,2427,2635,2488,1307,1425,1479,2635,359631.750,3771246.860
Land,1796,2523,2806,2606,1334,1469,1563,2966,359656.128,3771241.377
Land,1589,2304,2523,2293,1126,1254,1260,2491,359598.046,3771256.962
Land,1680,2392,2585,2417,1222,1324,1360,2796,359627.271,3771244.929
Land,1481,2138,2321,1937,1084,1193,1142,2371,359632.695,3771282.625
Land,1680,2392,2585,2417,1222,1324,1360,2796,359625.483,3771242.349
Land,1680,2392,2585,2417,1222,1324,1360,2796,359628.841,3771246.320
Land,1754,2389,2660,2520,1291,1419,1474,2908,359645.362,3771252.715
Land,1479,2070,2352,2050,1115,1198,1197,2278,359613.606,3771279.692
Land,1667,2292,2535,2315,1202,1329,1346,2851,359644.289,3771267.504
Land,1721,2427,2635,2488,1307,1425,1479,2635,359637.098,3771241.684
Land,1721,2427,2635,2488,1307,1425,1479,2635,359637.554,3771246.792
Land,1286,1690,1952,1650,1048,1114,1070,1972,359638.296,3771301.376
Land,1479,2070,2352,2050,1115,1198,1197,2278,359619.108,3771270.667
Land,1680,2392,2585,2417,1222,1324,1360,2796,359620.663,3771248.116
Land,1286,1690,1952,1650,1048,1114,1070,1972,359633.738,3771302.722
Land,1479,2070,2352,2050,1115,1198,1197,2278,359615.168,3771270.132
Land,1286,1690,1952,1650,1048,1114,1070,1972,359635.330,3771300.707
Land,1593,2162,2453,2216,1186,1286,1273,2533,359629.615,3771261.973
Land,1680,2392,2585,2417,1222,1324,1360,2796,359624.180,3771243.684
Land,1662,2472,2691,2384,1141,1268,1232,2780,359623.504,3771235.724
Land,1524,2097,2383,2066,1116,1204,1175,2290,359621.671,3771270.347
Land,1657,2289,2506,2361,1295,1393,1419,2878,359626.382,3771250.526
Land,1673,2500,2713,2408,1200,1310,1331,2624,359637.315,3771238.154
Land,1721,2427,2635,2488,1307,1425,1479,2635,359636.654,3771249.510
Land,1457,2071,2285,2032,1141,1298,1250,2465,359605.576,3771275.426
Land,1667,2292,2535,2315,1202,1329,1346,2851,359640.745,3771268.112
Land,1449,2095,2295,1912,1093,1203,1138,2493,359626.326,3771286.761
Land,1721,2427,2635,2488,1307,1425,1479,2635,359635.770,3771246.150
Land,1665,2462,2744,2367,1112,1247,1229,2709,359616.853,3771236.195
Land,1390,1985,2167,1789,1100,1174,1149,2429,359632.154,3771295.502
Land,1657,2289,2506,2361,1295,1393,1419,2878,359625.949,3771254.583
Land,1708,2331,2561,2439,1303,1433,1460,2931,359632.569,3771254.959
Land,1286,1690,1952,1650,1048,1114,1070,1972,359638.560,3771300.234
Land,1577,2268,2500,2262,1118,1260,1221,2492,359607.409,3771255.842
Land,1519,2146,2370,2154,1131,1261,1228,2361,359604.740,3771264.005
Land,1559,2149,2411,2094,1113,1195,1184,2208,359635.539,3771278.863
Land,1657,2289,2506,2361,1295,1393,1419,2878,359623.795,3771258.531
Land,1524,2097,2383,2066,1116,1204,1175,2290,359620.092,3771271.239
Land,1657,2289,2506,2361,1295,1393,1419,2878,359620.549,3771253.735
Land,1449,2095,2295,1912,1093,1203,1138,2493,359622.568,3771288.290
Land,1408,2054,2289,1905,1130,1213,1155,2519,359611.026,3771284.800
Land,1286,1690,1952,1650,1048,1114,1070,1972,359633.465,3771300.654
Land,1657,2289,2506,2361,1295,1393,1419,2878,359627.907,3771255.783
Land,1635,2213,2491,2261,1211,1330,1298,2583,359637.408,3771269.163
Land,1699,2546,2810,2437,1271,1380,1438,2904,359640.881,3771239.217
Land,1667,2292,2535,2315,1202,1329,1346,2851,359647.680,3771264.070
Land,1577,2268,2500,2262,1118,1260,1221,2492,359600.784,3771253.826
Land,1680,2392,2585,2417,1222,1324,1360,2796,359620.402,3771243.788
Land,1680,2392,2585,2417,1222,1324,1360,2796,359625.656,3771242.086
Land,1629,2386,2651,2335,1169,1287,1255,2617,359603.821,3771242.849
Land,1504,2183,2364,1978,1119,1223,1198,2691,359640.049,3771287.322
Land,1754,2389,2660,2520,1291,1419,1474,2908,359643.433,3771250.449
Land,1708,2331,2561,2439,1303,1433,1460,2931,359637.225,3771252.963
Land,1337,1938,2157,1808,1115,1189,1137,2607,359618.061,3771291.675
Land,1665,2462,2744,2367,1112,1247,1229,2709,359618.274,3771238.749
Land,1449,2095,2295,1912,1093,1203,1138,2493,359627.814,3771283.748
Land,1721,2427,2635,2488,1307,1425,1479,2635,359638.907,3771240.272
Land,1481,2138,2321,1937,1084,1193,1142,2371,359635.329,3771284.756
Land,1782,2452,2713,2574,1288,1431,1429,2985,359651.804,3771252.515
Land,1796,2523,2806,2606,1334,1469,1563,2966,359650.484,3771240.330
Land,1721,2427,2635,2488,1307,1425,1479,2635,359634.602,3771241.082
Land,1629,2386,2651,2335,1169,1287,1255,2617,359605.214,3771243.834
Land,1408,2054,2289,1905,1130,1213,1155,2519,359612.518,3771282.615
Land,1599,2263,2494,2285,1162,1291,1240,2759,359614.066,3771256.803
Land,1796,2523,2806,2606,1334,1469,1563,2966,359656.170,3771243.620
Land,1392,2042,2245,1895,1136,1254,1192,2609,359607.961,3771285.671
Land,1680,2392,2585,2417,1222,1324,1360,2796,359620.237,3771243.309
Land,1459,2100,2181,2010,1124,1258,1248,2602,359591.478,3771275.751
Land,1599,2263,2494,2285,1162,1291,1240,2759,359611.290,3771257.205
Land,1459,2100,2181,2010,1124,1258,1248,2602,359590.436,3771271.289
Land,1629,2386,2651,2335,1169,1287,1255,2617,359608.565,3771242.037
Land,1457,2071,2285,2032,1141,1298,1250,2465,359600.327,3771270.326
Land,1559,2149,2411,2094,1113,1195,1184,2208,359632.604,3771274.829
Land,1457,2071,2285,2032,1141,1298,1250,2465,359608.481,3771278.852
Land,1390,1985,2167,1789,1100,1174,1149,2429,359631.984,3771299.972
Land,1559,2149,2411,2094,1113,1195,1184,2208,359638.737,3771274.969
Land,1457,2071,2285,2032,1141,1298,1250,2465,359606.745,3771275.529
Land,1665,2462,2744,2367,1112,1247,1229,2709,359619.596,3771234.878
Land,1459,2100,2181,2010,1124,1258,1248,2602,359595.205,3771279.002
Land,1390,1985,2167,1789,1100,1174,1149,2429,359639.432,3771295.869
Land,1390,1985,2167,1789,1100,1174,1149,2429,359632.099,3771296.050
Land,1117,1329,1387,1515,1027,1046,1032,1354,359240.151,3770211.393
Land,1551,1991,2192,2168,1117,1200,1219,1958,359250.473,3770086.283
Land,1713,2199,2361,2506,1312,1412,1483,2491,359238.940,3770125.641
Land,1699,2141,2299,2544,1244,1372,1423,2542,359194.985,3770153.294
Land,1099,1310,1332,1451,1040,1043,1045,1356,359256.247,3770220.004
Land,1638,2117,2263,2364,1236,1339,1406,2604,359201.495,3770137.034
Land,1080,1249,1326,1405,1044,1059,1015,1337,359229.310,3770220.413
Land,1663,1997,2163,2532,1264,1364,1451,2322,359292.500,3770121.706
Land,1429,1772,1917,2004,1134,1190,1214,1928,359211.919,3770194.051
Land,1570,2063,2204,2366,1133,1252,1253,2144,359286.622,3770068.810
Land,1844,2104,2265,2812,1320,1450,1549,2354,359266.112,3770169.848
Land,1759,2117,2263,2640,1385,1497,1596,2464,359248.311,3770178.299
Land,1821,3108,3532,2496,1375,1578,1508,4267,359231.309,3770271.404
Land,1080,1249,1326,1405,1044,1059,1015,1337,359223.394,3770224.797
Land,1590,2062,2161,2327,1179,1301,1360,2374,359195.813,3770139.889
Land,1463,1884,2046,2170,1136,1204,1200,2364,359268.819,3770064.621
Land,1694,2242,2384,2478,1302,1415,1449,2726,359267.542,3770102.805
Land,1701,2064,2234,2547,1276,1371,1415,2264,359241.974,3770134.070
Land,1680,2130,2237,2506,1310,1443,1522,2726,359265.977,3770042.239
Land,1463,1884,2046,2170,1136,1204,1200,2364,359269.884,3770065.471
Land,1305,1578,1686,1769,1058,1117,1126,1657,359200.613,3770202.591
Land,1648,2089,2236,2437,1172,1314,1304,2290,359287.105,3770052.346
Land,1797,2126,2275,2724,1438,1576,1680,2446,359255.300,3770179.772
Land,1463,1884,2046,2170,1136,1204,1200,2364,359267.896,3770065.616
Land,1365,1785,1933,1943,1063,1129,1127,1968,359242.973,3770074.311
Land,1693,2209,2338,2525,1252,1362,1391,2625,359269.873,3770118.191
Land,1121,1307,1380,1475,1070,1060,1050,1353,359222.422,3770217.454
Land,1844,2133,2288,2765,1453,1546,1670,2670,359273.389,3770177.648
Land,1630,2024,2202,2449,1278,1394,1451,2548,359291.677,3770047.706
Land,1668,2069,2223,2502,1192,1289,1371,2233,359319.325,3770074.294
Land,1686,2214,2411,2448,1238,1352,1420,2883,359273.325,3770096.085
Land,1652,2093,2235,2487,1216,1351,1351,2510,359308.592,3770075.387
Land,1659,2119,2260,2510,1255,1370,1393,2755,359309.756,3770065.792
Land,1687,2025,2181,2560,1241,1355,1399,2333,359252.712,3770138.353
Land,1638,2117,2263,2364,1236,1339,1406,2604,359208.116,3770132.887
Land,1570,2063,2204,2366,1133,1252,1253,2144,359286.189,3770064.957
Land,1572,2030,2168,2283,1276,1372,1380,2450,359209.859,3770187.331
Land,1711,2081,2270,2504,1284,1372,1415,2349,359222.358,3770155.463
Land,1720,2141,2308,2547,1310,1413,1456,2432,359248.821,3770123.533
Land,1238,1484,1519,1645,1067,1117,1069,1475,359265.282,3770211.904
Land,1313,1709,1853,1899,1080,1190,1152,2069,359237.065,3770076.676
Land,1693,2158,2345,2460,1251,1335,1392,2519,359220.927,3770130.192
Land,1843,2109,2279,2801,1327,1419,1500,2389,359276.103,3770162.610
Land,1117,1329,1387,1515,1027,1046,1032,1354,359248.406,3770216.730
Land,1444,1841,1978,2048,1144,1222,1214,2083,359205.524,3770193.754
Land,1350,2059,2192,1922,1043,1104,1078,1609,359238.782,3770253.193
Land,1667,1979,2145,2511,1313,1426,1510,2375,359304.010,3770109.650
Land,1797,2126,2275,2724,1438,1576,1680,2446,359257.384,3770172.630
Land,1117,1329,1387,1515,1027,1046,1032,1354,359248.648,3770216.211
Land,1305,1578,1686,1769,1058,1117,1126,1657,359206.637,3770208.221
Land,1498,1893,2098,2091,1096,1176,1235,1955,359248.681,3770085.335
Land,1693,2209,2338,2525,1252,1362,1391,2625,359264.708,3770111.295
Land,1796,2996,3253,2495,1407,1596,1470,4391,359229.990,3770265.450
Land,1645,1991,2162,2328,1291,1386,1417,2484,359231.024,3770188.767
Land,1667,1979,2145,2511,1313,1426,1510,2375,359308.846,3770102.185
Land,1697,2159,2329,2551,1306,1421,1491,2432,359189.612,3770156.440
Land,1663,2013,2154,2547,1267,1352,1419,2339,359265.033,3770137.296
Land,1597,1990,2196,2352,1244,1364,1390,2439,359217.804,3770105.977
Land,1550,1929,2144,2210,1164,1266,1295,2279,359230.319,3770094.549
Land,1844,2133,2288,2765,1453,1546,1670,2670,359272.377,3770171.706
Land,1715,2110,2229,2465,1331,1483,1503,2577,359220.215,3770179.897
Land,1715,2048,2163,2656,1299,1398,1464,2197,359282.326,3770155.457
Land,1121,1307,1380,1475,1070,1060,1050,1353,359224.979,3770211.533
Land,1669,2103,2323,2434,1198,1323,1396,2362,359217.046,3770117.505
Land,1080,1249,1326,1405,1044,1059,1015,1337,359225.502,3770225.535
Land,1108,1295,1370,1475,1060,1049,1033,1332,359238.384,3770217.977
Land,1604,1971,1991,2296,1248,1321,1338,2243,359260.554,3770191.483
Land,1690,2165,2332,2528,1226,1343,1381,2489,359284.687,3770108.796
Land,1687,2053,2243,2511,1220,1324,1367,2323,359234.539,3770146.090
Land,1648,2089,2236,2437,1172,1314,1304,2290,359288.288,3770053.045
Land,1681,2053,2196,2433,1304,1431,1441,2545,359245.696,3770181.479
Land,1736,2237,2439,2596,1325,1429,1462,2449,359182.720,3770160.215
Land,1732,2252,2377,2559,1290,1434,1490,2578,359249.314,3770113.456
Land,1719,2099,2203,2519,1406,1540,1577,2742,359252.485,3770183.660
Land,1160,1392,1436,1572,1037,1085,1047,1394,359256.905,3770218.046
Land,1850,2138,2281,2778,1396,1582,1682,2572,359260.167,3770176.018
Land,1626,2095,2259,2351,1192,1270,1352,2337,359208.918,3770120.897
Land,1574,1975,2122,2259,1283,1360,1367,2445,359212.163,3770189.780
Land,1792,2115,2293,2735,1278,1406,1464,2363,359281.066,3770168.823
Land,1688,2147,2254,2473,1324,1430,1492,2513,359201.636,3770172.315
Land,1647,2122,2314,2323,1253,1379,1447,2687,359258.007,3770092.765
Land,1078,1308,1379,1435,1046,1035,1028,1357,359230.458,3770233.134
Land,1693,2209,2338,2525,1252,1362,1391,2625,359267.625,3770112.653
Land,1078,1308,1379,1435,1046,1035,1028,1357,359230.577,3770230.363
Land,1667,1979,2145,2511,1313,1426,1510,2375,359302.118,3770104.721
Land,1259,1508,1596,1691,1045,1106,1083,1619,359215.407,3770203.432
Land,1550,1929,2144,2210,1164,1266,1295,2279,359239.925,3770092.776
Land,1741,2165,2266,2534,1297,1403,1482,2288,359216.762,3770162.754
Land,1687,2053,2243,2511,1220,1324,1367,2323,359232.351,3770143.658
Land,1597,1990,2196,2352,1244,1364,1390,2439,359211.206,3770109.317
Land,1628,2136,2346,2369,1261,1352,1404,2594,359274.020,3770087.780
Land,1621,2133,2282,2453,1247,1392,1388,2570,359293.608,3770075.738
Land,1158,1585,1624,1632,1051,1076,1032,1417,359230.694,3770243.957
Land,1711,2081,2270,2504,1284,1372,1415,2349,359229.192,3770154.531
Land,1378,1696,1891,1997,1069,1101,1118,1693,359227.318,3770083.282
Land,1732,2252,2377,2559,1290,1434,1490,2578,359249.442,3770112.985
Land,1660,2110,2260,2478,1205,1352,1345,2484,359291.865,3770059.288
Land,1687,2053,2243,2511,1220,1324,1367,2323,359234.081,3770141.624
Land,1695,2117,2211,2456,1350,1454,1489,2548,359212.162,3770177.831
Land,1666,2171,2309,2413,1248,1428,1439,2936,359234.661,3770109.621
Land,1608,2037,2238,2265,1197,1323,1372,2530,359247.400,3770095.244
Land,1604,1971,1991,2296,1248,1321,1338,2243,359267.561,3770194.883
Land,1516,1984,2174,2256,1161,1245,1283,2331,359274.545,3770077.669
Land,1697,2159,2329,2551,1306,1421,1491,2432,359185.603,3770150.933
Land,1749,2148,2273,2543,1296,1420,1481,2396,359222.117,3770162.957
Land,1687,2053,2243,2511,1220,1324,1367,2323,359239.551,3770140.053
Land,1689,2217,2369,2492,1242,1342,1391,2648,359278.998,3770105.561
Land,1663,2006,2177,2486,1281,1425,1487,2404,359303.798,3770096.451
Land,1704,2103,2266,2553,1273,1375,1422,2362,359259.233,3770129.705
Land,1475,1986,2216,2029,1111,1178,1221,1823,359218.679,3770240.047
Land,1705,2053,2228,2542,1250,1339,1388,2293,359234.813,3770150.065
Land,1575,2096,2262,2376,1217,1350,1399,2479,359288.557,3770079.800
Land,1711,2081,2270,2504,1284,1372,1415,2349,359229.385,3770156.100
Land,1693,2158,2345,2460,1251,1335,1392,2519,359225.204,3770130.377
Land,1570,2063,2204,2366,1133,1252,1253,2144,359288.408,3770060.820
Land,1850,2138,2281,2778,1396,1582,1682,2572,359268.807,3770177.598
Land,1663,2013,2154,2547,1267,1352,1419,2339,359264.672,3770131.214
Land,1609,1965,2138,2270,1235,1361,1356,2373,359220.723,3770189.166
Land,1064,1236,1282,1409,1049,1030,1028,1365,359240.068,3770220.785
Land,1821,3108,3532,2496,1375,1578,1508,4267,359233.323,3770276.516
Land,1516,1984,2174,2256,1161,1245,1283,2331,359270.649,3770072.669
Land,1432,1775,1992,2038,1091,1134,1172,1808,359234.948,3770081.345
Land,1720,2141,2308,2547,1310,1413,1456,2432,359244.336,3770126.979
Land,1647,2122,2314,2323,1253,1379,1447,2687,359258.020,3770097.901
Land,1690,2165,2332,2528,1226,1343,1381,2489,359285.396,3770106.718
Land,1594,2018,2140,2367,1178,1247,1252,2037,359262.435,3770052.284
Land,1108,1295,1370,1475,1060,1049,1033,1332,359230.298,3770212.944
Land,1641,2057,2210,2421,1186,1294,1282,2215,359272.170,3770052.683
Land,1432,1775,1992,2038,1091,1134,1172,1808,359238.977,3770086.374
Land,1609,1965,2138,2270,1235,1361,1356,2373,359221.728,3770185.501
Land,1648,2089,2236,2437,1172,1314,1304,2290,359285.328,3770053.212
Land,1638,2117,2263,2364,1236,1339,1406,2604,359205.267,3770137.408
Land,1415,1849,2012,2023,1054,1119,1114,2027,359258.393,3770071.688
Land,1732,2252,2377,2559,1290,1434,1490,2578,359245.998,3770110.030
Land,1268,1537,1620,1759,1061,1110,1089,1513,359245.190,3770209.484
Land,1686,2214,2411,2448,1238,1352,1420,2883,359270.879,3770093.248
Land,1550,1929,2144,2210,1164,1266,1295,2279,359233.758,3770097.117
Land,1462,1901,2091,2138,1110,1187,1224,2420,359262.452,3770072.998
Land,1156,1367,1416,1514,1035,1070,1069,1517,359216.168,3770216.637
Land,1695,2117,2211,2456,1350,1454,1489,2548,359210.594,3770173.522
Land,1642,2052,2275,2406,1164,1245,1344,2249,359203.370,3770118.482
Land,1558,1923,1998,2220,1212,1302,1299,2262,359255.832,3770196.842
Land,1672,2001,2108,2586,1258,1368,1431,2274,359257.387,3770143.289
Land,1608,2037,2238,2265,1197,1323,1372,2530,359240.284,3770095.363
Land,1655,2019,2172,2511,1210,1320,1364,2290,359284.908,3770122.936
Land,1692,2085,2294,2477,1270,1369,1405,2381,359221.614,3770141.132
Land,1652,2093,2235,2487,1216,1351,1351,2510,359306.771,3770072.628
Land,1365,1785,1933,1943,1063,1129,1127,1968,359246.206,3770072.819
Land,1669,2103,2323,2434,1198,1323,1396,2362,359212.721,3770118.293
Land,1108,1295,1370,1475,1060,1049,1033,1332,359232.152,3770214.266
Land,1512,2106,2282,2151,1134,1268,1262,2586,357564.919,3773400.886
Land,1671,2249,2545,2336,1212,1338,1325,2946,357564.355,3773439.413
Land,1534,2272,2596,2186,1131,1253,1221,2578,357590.331,3773316.347
Land,1581,2183,2358,2257,1170,1271,1262,2506,357571.354,3773362.997
Land,1570,1962,2155,2378,1205,1327,1369,2358,357497.428,3773381.780
Land,1677,2171,2263,2602,1298,1388,1533,2407,357533.254,3773330.230
Land,1736,2299,2462,2630,1293,1397,1462,2655,357542.284,3773331.271
Land,1342,1702,1866,1860,1123,1190,1204,2087,357534.254,3773274.058
Land,1465,1880,2066,2165,1163,1230,1245,2144,357522.600,3773307.949
Land,1604,1942,2048,2507,1238,1352,1366,2339,357533.067,3773359.479
Land,1398,1868,2019,1933,1076,1162,1133,2122,357489.883,3773413.097
Land,1491,1833,2041,2235,1165,1238,1269,2230,357521.281,3773404.962
Land,1546,2062,2301,2044,1130,1258,1284,2450,357553.026,3773299.101
Land,1485,1828,1966,2251,1151,1246,1284,1986,357542.373,3773395.764
Land,1645,2293,2482,2406,1194,1317,1418,2635,357579.021,3773323.360
Land,1664,2135,2337,2433,1213,1320,1369,2570,357558.023,3773431.561
Land,1485,1811,1957,2296,1154,1216,1237,1913,357520.201,3773370.502
Land,1603,1953,2054,2501,1214,1326,1394,2088,357528.750,3773344.941
Land,1618,2310,2556,2237,1146,1258,1292,2547,357571.110,3773460.548
Land,1678,2255,2400,2532,1160,1260,1293,2311,357516.006,3773453.158
Land,1445,2451,2764,1945,1083,1237,1127,3215,357616.283,3773336.904
Land,1451,1985,2233,2012,1087,1186,1130,2292,357479.557,3773428.661
Land,1431,2207,2502,1975,1060,1139,1094,2567,357599.028,3773388.131
Land,1623,2232,2437,2312,1168,1296,1290,2673,357545.374,3773461.873
Land,1603,1953,2054,2501,1214,1326,1394,2088,357524.950,3773347.157
Land,1478,1789,1919,2292,1170,1205,1267,1895,357533.534,3773376.046
Land,1410,2184,2357,1993,1076,1201,1161,2905,357584.129,3773400.612
Land,1509,2278,2682,1994,1117,1217,1166,2842,357616.990,3773353.364
Land,1603,1953,2054,2501,1214,1326,1394,2088,357523.726,3773344.471
Land,1558,2195,2419,2254,1177,1271,1303,2434,357587.221,3773322.245
Land,1766,2323,2552,2647,1266,1388,1458,2786,357491.905,3773455.784
Land,1504,1931,2089,2227,1159,1286,1290,2239,357556.053,3773395.861
Land,1611,2065,2197,2486,1255,1390,1390,2393,357525.574,3773324.168
Land,1603,2331,2519,2200,1213,1338,1354,2951,357550.842,3773472.473
Land,1709,2163,2318,2621,1271,1398,1451,2447,357546.682,3773343.678
Land,1604,1942,2048,2507,1238,1352,1366,2339,357530.044,3773356.237
Land,1688,2390,2538,2459,1194,1324,1408,2682,357479.979,3773446.419
Land,1672,2105,2265,2525,1249,1348,1406,2517,357556.931,3773359.156
Land,1473,2259,2446,2061,1062,1140,1144,2131,357587.369,3773418.650
Land,1556,1940,2062,2337,1198,1278,1326,2115,357546.216,3773419.122
Land,1554,1999,2203,2353,1255,1392,1393,2655,357520.011,3773310.476
Land,1750,2468,2613,2581,1236,1346,1434,2943,357469.258,3773457.365
Land,1638,2201,2500,2291,1162,1280,1289,2696,357567.066,3773422.187
Land,1672,2156,2385,2443,1191,1311,1334,2382,357537.111,3773453.877
Land,1618,2310,2556,2237,1146,1258,1292,2547,357574.851,3773465.074
Land,1634,2180,2365,2382,1181,1305,1317,2355,357575.069,3773347.540
Land,1681,2193,2360,2504,1237,1340,1389,2495,357565.783,3773344.924
Land,1603,1953,2054,2501,1214,1326,1394,2088,357524.900,3773341.430
Land,1398,1868,2019,1933,1076,1162,1133,2122,357489.318,3773419.494
Land,1505,1956,2071,2233,1211,1308,1317,2310,357514.690,3773397.651
Land,1546,2413,2669,2109,1144,1312,1281,3078,357598.506,3773364.004
Land,1441,1928,2068,2025,1097,1154,1141,2121,357491.454,3773412.352
Land,1524,1865,1988,2315,1176,1252,1300,1977,357543.873,3773372.156
Land,1668,2263,2614,2208,1201,1402,1461,3270,357557.860,3773305.011
Land,1645,2293,2482,2406,1194,1317,1418,2635,357570.638,3773324.221
Land,1552,1960,2095,2300,1178,1278,1296,2162,357558.632,3773374.032
Land,1517,1929,2092,2248,1176,1254,1287,2108,357550.309,3773383.865
Land,1744,2344,2580,2607,1276,1400,1437,2990,357509.755,3773461.710
Land,1608,2247,2561,2302,1180,1282,1302,2563,357586.101,3773314.702
Land,1647,2284,2479,2331,1209,1350,1409,2678,357562.947,3773441.449
Land,1628,2215,2311,2414,1194,1319,1381,2731,357515.264,3773434.079
Land,1622,2458,2716,2212,1170,1354,1363,3001,357597.097,3773420.564
Land,1722,2415,2668,2412,1178,1326,1341,3256,357568.766,3773313.516
Land,1645,2293,2482,2406,1194,1317,1418,2635,357574.585,3773327.653
Land,1646,2206,2429,2357,1168,1269,1319,2429,357554.590,3773456.987
Land,1777,2496,2622,2625,1239,1374,1493,2704,357478.886,3773451.462
Land,1551,2132,2265,2250,1162,1264,1310,2443,357501.540,3773423.784
Land,1496,2215,2621,2007,1088,1169,1145,2466,357604.217,3773346.433
Land,1478,1789,1919,2292,1170,1205,1267,1895,357532.344,3773376.250
Land,1522,2219,2445,2118,1071,1161,1162,2152,357574.845,3773414.327
Land,1496,2215,2621,2007,1088,1169,1145,2466,357609.758,3773343.755
Land,1736,2299,2462,2630,1293,1397,1462,2655,357546.178,3773333.370
Land,1718,2211,2389,2596,1235,1355,1390,2582,357559.733,3773341.299
Land,1480,2260,2690,1963,1039,1128,1088,2190,357612.607,3773344.889
Land,1604,1942,2048,2507,1238,1352,1366,2339,357534.876,3773350.260
Land,1630,2093,2260,2394,1184,1286,1329,2381,357554.026,3773425.651
Land,1709,2358,2555,2498,1196,1333,1422,2947,357568.561,3773326.639
Land,1417,1838,2003,1887,1111,1214,1203,2222,357543.298,3773285.091
Land,1629,2134,2369,2435,1217,1325,1466,2293,357528.807,3773462.461
Land,1630,2228,2399,2403,1180,1306,1312,2426,357578.043,3773335.261
Land,1587,1935,2117,2432,1162,1248,1303,2005,357516.012,3773337.432
Land,1547,2187,2380,2183,1174,1298,1278,2469,357571.687,3773372.404
Land,1709,2358,2555,2498,1196,1333,1422,2947,357560.011,3773321.444
Land,1661,2240,2345,2495,1186,1312,1289,2832,357514.052,3773442.293
Land,1514,2176,2417,2111,1141,1266,1297,2560,357578.724,3773389.198
Land,1673,2107,2336,2460,1232,1330,1386,2404,357541.519,3773440.993
Land,1612,2221,2353,2369,1180,1292,1406,2555,357503.777,3773433.393
Land,1506,1985,2237,2142,1092,1200,1169,2239,357539.870,3773304.199
Land,1718,2211,2389,2596,1235,1355,1390,2582,357557.493,3773340.599
Land,1748,2390,2637,2531,1188,1352,1436,2769,357553.406,3773323.795
Land,1677,2171,2263,2602,1298,1388,1533,2407,357530.812,3773330.674
Land,1603,1953,2054,2501,1214,1326,1394,2088,357528.004,3773340.769
Land,1451,1985,2233,2012,1087,1186,1130,2292,357479.794,3773426.397
Land,1605,2396,2543,2228,1129,1251,1245,2561,357584.878,3773455.578
Land,1431,1878,1991,2051,1081,1162,1175,1900,357498.300,3773409.230
Land,1531,2183,2487,2105,1114,1203,1181,2381,357592.370,3773345.254
Land,1404,2146,2419,1952,1027,1072,1062,2130,357598.762,3773398.527
Land,1680,2374,2613,2389,1165,1300,1310,2743,357578.718,3773310.597
Land,1514,1968,2087,2238,1166,1292,1304,2391,357559.504,3773400.191
Land,1634,2180,2365,2382,1181,1305,1317,2355,357579.512,3773346.708
Land,1483,2213,2430,2087,1091,1189,1186,2383,357593.429,3773337.601
Land,1517,1929,2092,2248,1176,1254,1287,2108,357550.312,3773383.466
Land,1696,2254,2470,2530,1239,1365,1452,2478,357491.565,3773444.922
Land,1410,2184,2357,1993,1076,1201,1161,2905,357584.700,3773402.758
Land,1496,2215,2621,2007,1088,1169,1145,2466,357608.014,3773345.822
Land,1766,2323,2552,2647,1266,1388,1458,2786,357492.404,3773451.648
Land,1649,2128,2288,2438,1217,1337,1343,2540,357560.977,3773353.174
Land,1681,2193,2360,2504,1237,1340,1389,2495,357566.519,3773346.362
Land,1579,2215,2454,2211,1150,1288,1267,2680,357589.222,3773355.069
Land,1465,1788,1945,2229,1132,1227,1250,1970,357533.870,3773394.683
Land,1656,2188,2334,2520,1268,1364,1420,2706,357531.939,3773322.396
Land,1663,2259,2380,2506,1172,1286,1393,2395,357507.197,3773443.549
Land,1558,2195,2419,2254,1177,1271,1303,2434,357584.486,3773325.522
Land,1735,2372,2726,2371,1197,1396,1443,3231,357553.503,3773312.744
Land,1777,2496,2622,2625,1239,1374,1493,2704,357473.209,3773453.206
Land,1707,2300,2455,2586,1213,1303,1407,2384,357502.745,3773459.653
Land,1581,1958,2144,2393,1274,1362,1389,2369,357518.673,3773317.730
Land,1616,2175,2431,2328,1193,1330,1374,2674,357490.380,3773439.118
Land,1655,2051,2148,2581,1282,1416,1468,2372,357531.110,3773348.555
Land,1664,2353,2669,2271,1205,1359,1348,3337,357577.146,3773436.899
Land,1610,2125,2356,2364,1196,1288,1360,2404,357538.133,3773469.906
Land,1540,2089,2299,2189,1167,1257,1293,2449,357562.874,3773389.936
Land,1546,2062,2301,2044,1130,1258,1284,2450,357557.295,3773298.695
Land,1509,2293,2518,2107,1166,1260,1260,2825,357589.153,3773375.004
Land,1618,2310,2556,2237,1146,1258,1292,2547,357571.787,3773464.908
Land,1664,2135,2337,2433,1213,1320,1369,2570,357555.573,3773437.780
Land,1664,2353,2669,2271,1205,1359,1348,3337,357572.620,3773430.355
Land,1623,2232,2437,2312,1168,1296,1290,2673,357547.849,3773462.056
Land,1612,2221,2353,2369,1180,1292,1406,2555,357503.976,3773434.870
Land,1679,2261,2476,2525,1210,1324,1351,2646,357513.825,3773466.928
Land,1604,1942,2048,2507,1238,1352,1366,2339,357539.089,3773357.081
Land,1665,2090,2251,2482,1211,1310,1390,2345,357546.167,3773431.238
Land,1635,2389,2553,2272,1220,1341,1394,2809,357579.886,3773440.346
Land,1604,1942,2048,2507,1238,1352,1366,2339,357531.740,3773356.171
Land,1480,1991,2116,2149,1104,1165,1160,1997,357502.309,3773416.566
Land,1548,1931,2102,2327,1199,1267,1322,2273,357511.686,3773372.460
Land,1694,2152,2362,2484,1231,1337,1393,2420,357532.174,3773444.865
Land,1709,2163,2318,2621,1271,1398,1451,2447,357546.899,3773345.726
Land,1630,2228,2399,2403,1180,1306,1312,2426,357573.558,3773330.269
Land,1518,1830,1971,2362,1133,1226,1245,1865,357529.076,3773366.462
Land,1437,2357,2592,1973,1093,1184,1138,2791,357602.256,3773331.285
Land,1488,1927,2078,2206,1187,1275,1286,2471,357519.778,3773408.459
Land,1556,2022,2144,2294,1179,1280,1322,2319,357558.709,3773419.107
Land,1431,1878,1991,2051,1081,1162,1175,1900,357493.251,3773409.694
Land,1657,2043,2185,2548,1252,1376,1423,2440,357545.051,3773352.329
Land,1681,2193,2360,2504,1237,1340,1389,2495,357564.486,3773340.049
Land,1672,2105,2265,2525,1249,1348,1406,2517,357556.742,3773350.044
Land,1705,2297,2522,2514,1207,1302,1372,2626,357487.913,3773445.900
Land,1695,2284,2452,2529,1240,1362,1414,2713,357563.649,3773337.148
Land,1552,1960,2095,2300,1178,1278,1296,2162,357556.216,3773375.545
Land,1686,2623,2974,2459,1180,1339,1310,3236,346947.264,3773074.699
Land,1551,2268,2447,2320,1070,1135,1122,2180,346936.042,3773113.556
Land,1771,2538,2809,2822,1265,1382,1462,2708,346928.274,3773085.944
Land,1724,2090,2282,2747,1290,1403,1527,2215,346882.755,3773128.464
Land,1670,2452,2620,2445,1209,1349,1336,3206,346859.374,3773077.868
Land,1705,2090,2367,2790,1272,1336,1442,2176,346896.791,3773095.907
Land,1762,2192,2509,2897,1322,1479,1567,3292,346899.425,3773080.357
Land,1669,2535,2836,2523,1206,1399,1328,3858,346921.994,3773067.366
Land,1806,2349,2721,2944,1272,1426,1546,2805,346885.057,3773060.376
Land,1673,2298,2561,2652,1182,1338,1331,3124,346902.254,3773134.803
Land,1504,2050,2327,2202,1081,1172,1191,2149,346931.809,3773128.618
Land,1772,2611,2869,2717,1247,1440,1416,3331,346935.512,3773090.042
Land,1611,2273,2538,2499,1164,1357,1331,3148,346913.859,3773131.873
Land,1549,2231,2355,2382,1117,1201,1174,2274,346922.012,3773113.619
Land,1691,2102,2327,2722,1255,1366,1465,2367,346898.854,3773124.244
Land,1772,2611,2869,2717,1247,1440,1416,3331,346936.434,3773093.395
Land,1782,2402,2709,2785,1254,1376,1479,2496,346878.390,3773062.792
Land,1787,2440,2741,2881,1272,1349,1507,2459,346892.085,3773055.265
Land,1786,2510,2921,2695,1155,1292,1398,2896,346870.348,3773046.937
Land,1709,2457,2667,2589,1224,1341,1364,2832,346915.525,3773159.631
Land,1777,2475,2673,2897,1262,1427,1461,2728,346906.985,3773069.183
Land,1709,2457,2667,2589,1224,1341,1364,2832,346912.633,3773152.148
Land,1742,2502,2645,2853,1275,1370,1364,2561,346914.113,3773077.044
Land,1705,2090,2367,2790,1272,1336,1442,2176,346895.010,3773096.295
Land,1723,2388,2625,2598,1258,1428,1429,3216,346868.694,3773071.211
Land,1702,2400,2661,2675,1238,1322,1369,3065,346905.096,3773141.346
Land,1786,2510,2921,2695,1155,1292,1398,2896,346878.646,3773045.522
Land,1720,2204,2365,2878,1294,1424,1602,2525,346907.131,3773097.869
Land,1625,1985,2208,2665,1216,1299,1364,2230,346890.576,3773100.691
Land,1796,2291,2632,2986,1310,1506,1619,3123,346896.631,3773077.021
Land,1541,2241,2656,2150,1171,1290,1255,3060,346968.132,3773064.328
Land,1738,2562,2872,2507,1207,1337,1338,3148,346921.910,3773160.304
Land,1402,2163,2245,1961,1119,1169,1146,2023,346943.510,3773055.377
Land,1738,2562,2872,2507,1207,1337,1338,3148,346928.576,3773167.159
Land,1720,2204,2365,2878,1294,1424,1602,2525,346901.481,3773099.275
Land,1516,2298,2476,2121,1122,1243,1189,2569,346938.706,3773059.653
Land,1621,1989,2194,2643,1285,1349,1381,2319,346893.389,3773117.056
Land,1777,2475,2691,2623,1229,1340,1354,2891,346918.993,3773160.489
Land,1593,2200,2444,2502,1162,1299,1323,2528,346912.735,3773124.385
Land,1653,2421,2620,2342,1173,1322,1293,2785,346934.636,3773150.993
Land,1563,2157,2411,2305,1190,1268,1238,2528,346927.358,3773139.274
Land,1764,2423,2566,2930,1278,1476,1546,2617,346912.070,3773086.382
Land,1673,2298,2561,2652,1182,1338,1331,3124,346904.451,3773138.408
Land,1647,2343,2520,2388,1207,1356,1364,3053,346924.600,3773144.328
Land,1654,2389,2616,2547,1228,1356,1359,3293,346917.141,3773147.627
Land,1530,2119,2356,2303,1131,1193,1172,2133,346923.286,3773123.321
Land,1702,2400,2661,2675,1238,1322,1369,3065,346906.013,3773140.530
Land,1788,2513,2805,2785,1242,1360,1437,2938,346909.730,3773054.554
Land,1691,2616,3001,2415,1208,1339,1321,2860,346959.107,3773077.181
Land,1549,2231,2355,2382,1117,1201,1174,2274,346925.119,3773113.558
Land,1691,2616,3001,2415,1208,1339,1321,2860,346959.844,3773070.980
Land,1673,2298,2561,2652,1182,1338,1331,3124,346904.496,3773138.596
Land,1551,2268,2447,2320,1070,1135,1122,2180,346932.243,3773114.621
Land,1702,2400,2661,2675,1238,1322,1369,3065,346908.062,3773149.495
Land,1698,2617,2998,2553,1178,1308,1288,3173,346933.399,3773075.420
Land,1777,2475,2673,2897,1262,1427,1461,2728,346906.361,3773066.263
Land,1709,2457,2667,2589,1224,1341,1364,2832,346915.350,3773153.454
Land,1742,2502,2645,2853,1275,1370,1364,2561,346910.920,3773072.457
Land,1647,2343,2520,2388,1207,1356,1364,3053,346928.134,3773146.600
Land,1711,2545,2849,2541,1232,1338,1300,2932,346945.182,3773105.389
Land,1724,2090,2282,2747,1290,1403,1527,2215,346883.548,3773126.430
Land,1665,2318,2432,2423,1199,1264,1271,2287,346859.693,3773092.348
Land,1738,2562,2872,2507,1207,1337,1338,3148,346925.726,3773166.518
Land,1522,2048,2323,2184,1100,1221,1219,2401,346932.488,3773138.207
Land,1640,1988,2190,2620,1239,1350,1433,2165,346881.980,3773110.485
Land,1761,2308,2466,2955,1306,1413,1608,2577,346905.383,3773080.624
Land,1702,2400,2661,2675,1238,1322,1369,3065,346903.079,3773148.218
Land,1748,2231,2480,2765,1218,1337,1447,2628,346895.200,3773133.912
Land,1786,2510,2921,2695,1155,1292,1398,2896,346874.926,3773043.418
Land,1782,2581,2880,2756,1178,1278,1308,2903,346892.774,3773044.152
Land,1779,2595,2929,2654,1272,1366,1341,3593,346901.494,3773048.789
Land,1709,2457,2667,2589,1224,1341,1364,2832,346910.971,3773150.494
Land,1621,1989,2194,2643,1285,1349,1381,2319,346893.001,3773111.938
Land,1640,1988,2190,2620,1239,1350,1433,2165,346889.049,3773115.452
Land,1640,1988,2190,2620,1239,1350,1433,2165,346884.610,3773118.668
Land,1640,1988,2190,2620,1239,1350,1433,2165,346881.156,3773115.671
Land,1606,2495,2826,2348,1170,1314,1286,3685,346936.086,3773066.344
Land,1787,2415,2723,2866,1267,1390,1436,2629,346886.035,3773051.090
Land,1625,1985,2208,2665,1216,1299,1364,2230,346895.376,3773101.481
Land,1731,2328,2465,2872,1286,1456,1537,2713,346912.411,3773090.413
Land,1563,2157,2411,2305,1190,1268,1238,2528,346924.828,3773133.643
Land,1530,2119,2356,2303,1131,1193,1172,2133,346925.543,3773128.774
Land,1827,2806,3115,2678,1254,1381,1373,3524,346942.749,3773080.505
Land,1787,2415,2723,2866,1267,1390,1436,2629,346885.154,3773056.128
Land,1705,2279,2524,2528,1261,1362,1397,2743,346868.209,3773088.469
Land,1680,2088,2269,2574,1191,1320,1373,2419,346878.297,3773118.297
Land,1777,2475,2673,2897,1262,1427,1461,2728,346900.725,3773063.362
Land,1705,2478,2674,2455,1187,1350,1372,2865,346925.953,3773153.763
Land,1974,3221,3637,2878,1370,1606,1593,4544,346960.886,3773090.430
Land,1664,2533,2883,2410,1183,1332,1311,3234,346930.222,3773162.235
Land,1679,2188,2375,2486,1256,1421,1395,3154,346866.314,3773102.780
Land,1705,2478,2674,2455,1187,1350,1372,2865,346926.597,3773151.470
Land,1742,2502,2645,2853,1275,1370,1364,2561,346915.634,3773071.116
Land,1597,2172,2334,2556,1180,1266,1352,2162,346914.778,3773115.923
Land,1669,2535,2836,2523,1206,1399,1328,3858,346920.879,3773068.298
Land,1706,2476,2862,2508,1235,1301,1327,2619,346950.011,3773110.142
Land,1738,2562,2872,2507,1207,1337,1338,3148,346926.656,3773160.049
Land,1698,2617,2998,2553,1178,1308,1288,3173,346937.921,3773074.201
Land,1679,2188,2375,2486,1256,1421,1395,3154,346861.263,3773104.694
Land,1646,2095,2258,2722,1254,1370,1460,2435,346908.612,3773108.857
Land,1673,2298,2561,2652,1182,1338,1331,3124,346909.399,3773132.429
Land,1777,2475,2673,2897,1262,1427,1461,2728,346907.079,3773062.962
Land,1788,2440,2751,2743,1207,1343,1378,2792,346879.225,3773052.602
Land,1702,2400,2661,2675,1238,1322,1369,3065,346908.967,3773149.836
Land,1665,2318,2432,2423,1199,1264,1271,2287,346855.213,3773096.789
Land,1762,2192,2509,2897,1322,1479,1567,3292,346896.716,3773085.622
Land,1646,2095,2258,2722,1254,1370,1460,2435,346900.876,3773102.600
Land,1779,2595,2929,2654,1272,1366,1341,3593,346909.827,3773048.890
Land,1735,2210,2535,2656,1324,1494,1581,2701,346879.250,3773087.913
Land,1772,2611,2869,2717,1247,1440,1416,3331,346938.608,3773099.707
Land,1664,2366,2500,2413,1170,1222,1262,2511,346858.809,3773089.901
Land,1647,2343,2520,2388,1207,1356,1364,3053,346921.168,3773149.940
Land,1717,2577,2889,2685,1185,1304,1316,2704,346920.108,3773073.478
Land,1665,2078,2312,2529,1234,1349,1356,2699,346877.194,3773108.530
Land,1523,2324,2627,2154,1141,1211,1171,2625,346952.742,3773066.914
Land,1551,2268,2447,2320,1070,1135,1122,2180,346938.184,3773117.438
Land,1787,2440,2741,2881,1272,1349,1507,2459,346897.867,3773050.820
Land,1787,2440,2741,2881,1272,1349,1507,2459,346896.373,3773053.328
Land,1787,2440,2741,2881,1272,1349,1507,2459,346893.939,3773054.917
Land,1724,2090,2282,2747,1290,1403,1527,2215,346889.589,3773123.507
Land,1699,2065,2388,2691,1209,1235,1293,1979,346889.418,3773092.041
Land,1738,2460,2666,2773,1275,1392,1459,3159,346925.318,3773097.418
Land,1731,2328,2465,2872,1286,1456,1537,2713,346913.858,3773094.469
Land,1761,2308,2466,2955,1306,1413,1608,2577,346903.700,3773085.181
Land,1827,2806,3115,2678,1254,1381,1373,3524,346941.298,3773083.915
Land,1686,2623,2974,2459,1180,1339,1310,3236,346946.694,3773078.707
Land,1796,2291,2632,2986,1310,1506,1619,3123,346895.649,3773076.017
Land,1665,2318,2432,2423,1199,1264,1271,2287,346851.460,3773095.354
Land,1786,2510,2921,2695,1155,1292,1398,2896,346879.625,3773041.311
Land,1724,2090,2282,2747,1290,1403,1527,2215,346885.697,3773127.754
Land,1691,2616,3001,2415,1208,1339,1321,2860,346959.674,3773075.352
Land,1738,2562,2872,2507,1207,1337,1338,3148,346924.772,3773169.279
Land,1705,2279,2524,2528,1261,1362,1397,2743,346867.012,3773081.016
Land,1621,2092,2281,2643,1259,1330,1422,2346,346906.690,3773117.052
Land,1523,2324,2627,2154,1141,1211,1171,2625,346953.882,3773064.608
Land,1513,1993,2359,2199,1131,1201,1218,2275,346940.432,3773128.605
Land,1787,2440,2741,2881,1272,1349,1507,2459,346890.709,3773054.441
Land,1643,2215,2341,2679,1238,1356,1405,2298,346911.620,3773109.116
Land,1711,2545,2849,2541,1232,1338,1300,2932,346940.011,3773102.663
Land,1723,2388,2625,2598,1258,1428,1429,3216,346860.131,3773070.436
Land,1549,2231,2355,2382,1117,1201,1174,2274,346923.203,3773118.582
Land,1709,2457,2667,2589,1224,1341,1364,2832,346916.368,3773152.376
Land,1782,2402,2709,2785,1254,1376,1479,2496,346875.348,3773063.621
Land,1786,2510,2921,2695,1155,1292,1398,2896,346871.837,3773042.924
Land,1541,2241,2656,2150,1171,1290,1255,3060,346965.069,3773067.560
Land,1796,2291,2632,2986,1310,1506,1619,3123,346896.371,3773072.256
Land,1768,2407,2560,2954,1296,1374,1432,2603,346903.412,3773079.296
Land,1705,2478,2674,2455,1187,1350,1372,2865,346928.836,3773155.001
Land,1702,2400,2661,2675,1238,1322,1369,3065,346908.904,3773146.663
Land,1669,2535,2836,2523,1206,1399,1328,3858,346920.982,3773067.825
Land,1645,2416,2697,2358,1173,1252,1316,2612,340629.114,3771647.646
Land,1740,2408,2645,2554,1197,1330,1320,3032,340674.745,3771675.069
Land,1640,2209,2420,2437,1206,1284,1401,2646,340688.670,3771645.846
Land,1640,2209,2420,2437,1206,1284,1401,2646,340680.167,3771643.003
Land,1957,2994,3331,2732,1328,1520,1554,4401,340654.534,3771633.980
Land,1607,2284,2515,2407,1270,1455,1421,3171,340679.226,3771664.362
Land,1724,2456,2700,2514,1176,1353,1375,2848,340661.001,3771647.338
Land,1847,2724,3021,2690,1222,1390,1461,3322,340665.166,3771639.350
Land,1774,2568,2834,2466,1184,1301,1315,2997,340645.650,3771649.479
Land,1985,3045,3387,2746,1424,1652,1682,4905,340657.211,3771629.612
Land,1724,2456,2700,2514,1176,1353,1375,2848,340660.076,3771642.352
Land,1510,2235,2413,2288,1090,1222,1214,2275,340629.709,3771662.387
Land,1640,2209,2420,2437,1206,1284,1401,2646,340681.055,3771646.506
Land,1676,2344,2574,2494,1193,1291,1413,2821,340670.781,3771648.366
Land,1631,2281,2499,2428,1298,1416,1545,2702,340678.010,3771655.418
Land,1615,2340,2533,2312,1146,1249,1245,2430,340702.860,3771628.238
Land,1925,3138,3556,2688,1309,1466,1568,3867,340632.766,3771632.855
Land,1607,2284,2515,2407,1270,1455,1421,3171,340675.354,3771666.140
Land,1774,2568,2834,2466,1184,1301,1315,2997,340645.386,3771640.443
Land,1633,2295,2518,2402,1157,1373,1329,2571,340667.753,3771652.842
Land,1789,2486,2750,2559,1378,1548,1713,3398,340671.048,3771617.273
Land,1644,2235,2486,2476,1206,1312,1357,2639,340689.780,3771636.158
Land,1782,2547,2800,2498,1207,1313,1352,2879,340655.693,3771646.088
Land,1607,2284,2515,2407,1270,1455,1421,3171,340679.911,3771660.873
Land,1807,2435,2632,2571,1205,1362,1390,2794,340687.707,3771675.128
Land,2062,2725,2961,2866,1496,1710,1754,3205,340682.476,3771686.811
Land,1537,2170,2374,2266,1104,1248,1244,2551,340625.578,3771650.448
Land,1847,2724,3021,2690,1222,1390,1461,3322,340664.591,3771636.832
Land,1570,2137,2326,2258,1149,1252,1276,2354,340656.620,3771662.774
Land,1742,2471,2739,2605,1198,1348,1396,2780,340672.294,3771630.902
Land,1983,3132,3509,2731,1322,1540,1468,4312,340649.367,3771638.692
Land,1742,2471,2739,2605,1198,1348,1396,2780,340674.976,3771634.909
Land,1670,2271,2528,2485,1268,1338,1510,2592,340687.016,3771623.332
Land,1644,2235,2486,2476,1206,1312,1357,2639,340684.092,3771635.129
Land,1985,3045,3387,2746,1424,1652,1682,4905,340655.929,3771627.493
Land,1774,2568,2834,2466,1184,1301,1315,2997,340640.072,3771645.332
Land,1633,2295,2518,2402,1157,1373,1329,2571,340668.666,3771659.463
Land,1621,2176,2371,2374,1233,1352,1403,2539,340691.121,3771648.482
Land,1615,2212,2440,2380,1212,1264,1360,2254,340697.094,3771621.369
Land,1653,2261,2465,2340,1156,1257,1252,2312,340652.711,3771650.652
Land,1470,2117,2278,2202,1171,1277,1301,2447,340633.768,3771660.550
Land,1847,2724,3021,2690,1222,1390,1461,3322,340661.703,3771630.021
Land,1537,2170,2374,2266,1104,1248,1244,2551,340629.276,3771650.832
Land,1724,2456,2700,2514,1176,1353,1375,2848,340666.485,3771649.721
Land,1694,2368,2613,2349,1241,1349,1335,2969,340662.995,3771609.172
Land,1885,2776,3084,2714,1356,1520,1580,3676,340668.889,3771622.776
Land,1782,2547,2800,2498,1207,1313,1352,2879,340659.007,3771647.243
Land,1774,2568,2834,2466,1184,1301,1315,2997,340647.589,3771649.498
Land,1694,2368,2613,2349,1241,1349,1335,2969,340663.601,3771603.168
Land,1670,2271,2528,2485,1268,1338,1510,2592,340684.837,3771628.174
Land,1780,2518,2798,2626,1269,1451,1596,3352,340676.081,3771624.061
Land,1782,2547,2800,2498,1207,1313,1352,2879,340653.798,3771645.003
Land,1782,2547,2800,2498,1207,1313,1352,2879,340659.966,3771647.343
Land,1838,2613,2890,2586,1446,1564,1690,3909,340665.030,3771617.613
Land,1957,2994,3331,2732,1328,1520,1554,4401,340650.493,3771631.720
Land,1574,2241,2474,2353,1175,1354,1287,2648,340660.757,3771665.167
Land,1615,2212,2440,2380,1212,1264,1360,2254,340699.949,3771624.485
Land,1983,3132,3509,2731,1322,1540,1468,4312,340649.838,3771632.656
Land,1742,2471,2739,2605,1198,1348,1396,2780,340676.901,3771632.050
Land,1740,2408,2645,2554,1197,1330,1320,3032,340676.656,3771672.246
Land,1885,2776,3084,2714,1356,1520,1580,3676,340668.562,3771620.899
Land,1633,2295,2518,2402,1157,1373,1329,2571,340666.215,3771656.989
Land,1653,2261,2465,2340,1156,1257,1252,2312,340654.453,3771657.878
Land,1789,2486,2750,2559,1378,1548,1713,3398,340674.222,3771619.362
Land,1694,2368,2613,2349,1241,1349,1335,2969,340667.759,3771603.776
Land,1623,2190,2380,2345,1195,1327,1317,2508,340656.358,3771674.286
Land,1774,2559,2760,2392,1222,1414,1502,2991,340636.612,3771613.445
Land,1780,2518,2798,2626,1269,1451,1596,3352,340679.481,3771624.299
Land,1742,2471,2739,2605,1198,1348,1396,2780,340671.468,3771638.199
Land,1653,2261,2465,2340,1156,1257,1252,2312,340651.007,3771651.412
Land,1676,2344,2574,2494,1193,1291,1413,2821,340674.276,3771648.874
Land,2062,2725,2961,2866,1496,1710,1754,3205,340682.744,3771681.387
Land,1623,2190,2380,2345,1195,1327,1317,2508,340654.397,3771671.785
Land,1655,2281,2466,2226,1081,1212,1225,2324,340643.893,3771606.891
Land,1607,2284,2515,2407,1270,1455,1421,3171,340679.675,3771668.277
Land,1640,2209,2420,2437,1206,1284,1401,2646,340688.053,3771640.190
Land,1807,2435,2632,2571,1205,1362,1390,2794,340684.107,3771678.081
Land,1807,2435,2632,2571,1205,1362,1390,2794,340685.617,3771676.777
Land,1717,2317,2546,2462,1330,1463,1554,2979,340688.288,3771618.820
Land,1885,2776,3084,2714,1356,1520,1580,3676,340668.195,3771628.913
Land,1983,3132,3509,2731,1322,1540,1468,4312,340645.762,3771633.538
Land,1535,2095,2261,2208,1167,1272,1250,2456,340641.061,3771661.424
Land,2007,3170,3539,2735,1456,1732,1706,5202,340645.926,3771623.761
Land,1774,2568,2834,2466,1184,1301,1315,2997,340644.274,3771648.489
Land,1537,2170,2374,2266,1104,1248,1244,2551,340628.978,3771656.366
Land,1653,2261,2465,2340,1156,1257,1252,2312,340652.197,3771651.510
Land,1633,2295,2518,2402,1157,1373,1329,2571,340660.441,3771651.978
Land,1615,2212,2440,2380,1212,1264,1360,2254,340693.565,3771626.444
Land,1598,2180,2403,2374,1192,1281,1342,2353,340691.870,3771630.878
Land,1640,2209,2420,2437,1206,1284,1401,2646,340684.937,3771643.860
Land,1655,2281,2466,2226,1081,1212,1225,2324,340647.994,3771609.247
Land,1699,2520,2804,2419,1171,1249,1330,2682,340635.973,3771641.512
Land,1807,2435,2632,2571,1205,1362,1390,2794,340686.153,3771671.046
Land,1598,2180,2403,2374,1192,1281,1342,2353,340691.280,3771637.449
Land,1780,2518,2798,2626,1269,1451,1596,3352,340670.745,3771628.525
Land,1615,2340,2533,2312,1146,1249,1245,2430,340701.632,3771623.292
Land,1620,2245,2429,2303,1302,1414,1512,2607,340700.334,3771640.252
Land,1653,2261,2465,2340,1156,1257,1252,2312,340657.594,3771653.612
Land,1684,2348,2577,2283,1166,1322,1255,2938,340659.560,3771604.594
Land,2031,2654,2890,2867,1247,1393,1462,2806,340671.490,3771680.437
Land,1574,2241,2474,2353,1175,1354,1287,2648,340662.188,3771664.174
Land,1684,2348,2577,2283,1166,1322,1255,2938,340657.307,3771607.156
Land,1647,2193,2365,2377,1273,1386,1390,2527,340694.644,3771653.364
Land,1847,2724,3021,2690,1222,1390,1461,3322,340665.382,3771639.002
Land,1844,2681,2924,2477,1270,1510,1527,3730,340648.031,3771619.068
Land,1947,2553,2778,2778,1285,1373,1479,2352,340667.288,3771680.404
Land,1653,2261,2465,2340,1156,1257,1252,2312,340653.886,3771653.827
Land,2007,3170,3539,2735,1456,1732,1706,5202,340640.158,3771621.840
Land,1621,2176,2371,2374,1233,1352,1403,2539,340692.498,3771643.337
Land,1742,2471,2739,2605,1198,1348,1396,2780,340671.931,3771630.421
Land,1774,2568,2834,2466,1184,1301,1315,2997,340648.297,3771644.781
Land,1672,2272,2482,2391,1256,1356,1466,2947,340696.642,3771616.156
Land,1950,3151,3541,2680,1489,1667,1913,4715,340639.969,3771629.672
Land,1780,2518,2798,2626,1269,1451,1596,3352,340672.215,3771626.770
Land,1675,2231,2385,2383,1214,1319,1374,2691,340691.817,3771666.842
Land,1724,2456,2700,2514,1176,1353,1375,2848,340661.415,3771648.580
Land,1950,3151,3541,2680,1489,1667,1913,4715,340638.516,3771628.664
Land,1649,2220,2407,2419,1344,1417,1544,2524,340681.803,3771657.775
Land,1633,2295,2518,2402,1157,1373,1329,2571,340668.821,3771658.865
Land,1774,2559,2760,2392,1222,1414,1502,2991,340635.268,3771618.679
Land,1925,3138,3556,2688,1309,1466,1568,3867,340633.211,3771637.149
Land,1672,2272,2482,2391,1256,1356,1466,2947,340696.598,3771619.521
Land,1807,2435,2632,2571,1205,1362,1390,2794,340686.914,3771678.887
Land,1950,3151,3541,2680,1489,1667,1913,4715,340635.565,3771629.696
Land,1570,2137,2326,2258,1149,1252,1276,2354,340655.647,3771665.334
Land,1644,2235,2486,2476,1206,1312,1357,2639,340684.721,3771638.197
Land,1985,3045,3387,2746,1424,1652,1682,4905,340654.227,3771625.977
Land,1925,3138,3556,2688,1309,1466,1568,3867,340630.609,3771633.788
Land,1631,2281,2499,2428,1298,1416,1545,2702,340672.363,3771659.041
Land,1699,2520,2804,2419,1171,1249,1330,2682,340636.663,3771645.209
Land,1699,2520,2804,2419,1171,1249,1330,2682,340634.655,3771648.635
Land,1925,3138,3556,2688,1309,1466,1568,3867,340630.953,3771635.473
Land,1866,2699,2967,2542,1358,1566,1562,4310,340658.688,3771610.358
Land,1847,2724,3021,2690,1222,1390,1461,3322,340668.439,3771634.623
Land,1675,2231,2385,2383,1214,1319,1374,2691,340690.213,3771661.811
Land,1742,2471,2739,2605,1198,1348,1396,2780,340678.032,3771632.333
Land,1669,2267,2447,2422,1280,1408,1499,3243,340688.360,3771669.056
Land,1925,3138,3556,2688,1309,1466,1568,3867,340634.439,3771632.105
Land,1780,2518,2798,2626,1269,1451,1596,3352,340679.455,3771627.968
Land,1694,2368,2613,2349,1241,1349,1335,2969,340664.146,3771609.973
Land,1620,2245,2429,2303,1302,1414,1512,2607,340700.244,3771643.723
Land,1983,3132,3509,2731,1322,1540,1468,4312,340641.591,3771638.568
Land,1983,3132,3509,2731,1322,1540,1468,4312,340646.303,3771635.714
Land,1774,2568,2834,2466,1184,1301,1315,2997,340644.745,3771648.654
Land,1669,2267,2447,2422,1280,1408,1499,3243,340689.181,3771666.725
Land,1724,2456,2700,2514,1176,1353,1375,2848,340666.480,3771646.412
Land,1847,2724,3021,2690,1222,1390,1461,3322,340667.532,3771635.474
Land,1774,2568,2834,2466,1184,1301,1315,2997,340649.020,3771641.165
Land,1699,2520,2804,2419,1171,1249,1330,2682,340634.716,3771645.989
Land,1717,2317,2546,2462,1330,1463,1554,2979,340684.427,3771613.399
Land,1668,2326,2584,2241,1186,1326,1255,2457,340572.116,3770352.897
Land,2229,2989,3234,3452,1349,1554,1602,3369,340527.647,3770409.649
Land,1405,2083,2285,2000,1099,1163,1128,2220,340635.613,3770409.043
Land,2391,3011,3275,3800,1501,1669,2072,3318,340560.978,3770405.827
Land,1936,2814,3089,2518,1241,1359,1377,2935,340594.788,3770358.174
Land,2343,4063,4420,3085,1429,1800,1689,5449,340636.042,3770364.202
Land,1807,2728,2968,2566,1307,1438,1440,3203,340628.242,3770328.273
Land,2372,2964,3199,3773,1631,1954,2405,4191,340566.219,3770413.875
Land,2391,3011,3275,3800,1501,1669,2072,3318,340568.062,3770407.763
Land,2327,2939,3272,3856,1404,1543,1746,3193,340545.738,3770418.306
Land,1843,2585,2860,2646,1271,1420,1487,2963,340602.751,3770466.235
Land,1818,2325,2472,2866,1057,1154,1207,1782,340581.333,3770409.110
Land,2188,3875,4356,2841,1495,1886,1735,5983,340613.074,3770362.763
Land,1805,2490,2619,2762,1292,1450,1536,3159,340621.407,3770439.941
Land,1853,2579,2868,2717,1234,1363,1381,2732,340608.758,3770450.509
Land,1617,2380,2585,2369,1136,1215,1183,2087,340632.230,3770334.166
Land,2149,2706,2906,3347,1207,1330,1294,2439,340576.467,3770404.372
Land,1854,2785,3076,2520,1093,1159,1133,2006,340612.596,3770348.134
Land,2278,4020,4428,2965,1482,1806,1720,5995,340624.443,3770362.362
Land,1950,3362,3630,2581,1332,1584,1493,4472,340591.255,3770375.253
Land,2334,3181,3389,3795,1517,1846,2094,4755,340544.056,3770382.614
Land,1866,3032,3272,2518,1271,1466,1428,3976,340584.843,3770373.327
Land,2295,4099,4539,2950,1401,1722,1605,6007,340625.935,3770376.468
Land,1704,2671,3004,2395,1255,1546,1540,3916,340585.083,3770339.760
Land,2372,2964,3199,3773,1631,1954,2405,4191,340565.511,3770419.194
Land,2009,2755,3056,3002,1350,1534,1661,3736,340607.028,3770439.098
Land,1805,2490,2619,2762,1292,1450,1536,3159,340622.831,3770435.310
Land,1998,2874,3174,2991,1313,1528,1545,3476,340626.155,3770451.771
Land,1668,2326,2584,2241,1186,1326,1255,2457,340577.923,3770352.742
Land,1866,3032,3272,2518,1271,1466,1428,3976,340582.541,3770371.924
Land,1857,2903,3105,2553,1346,1593,1445,4328,340615.025,3770327.157
Land,1974,2427,2706,3231,1380,1545,1676,2870,340553.045,3770420.815
Land,2391,3011,3275,3800,1501,1669,2072,3318,340560.145,3770400.624
Land,1826,2867,3133,2499,1265,1378,1338,3210,340601.439,3770335.527
Land,1698,2614,2793,2488,1122,1227,1161,2192,340635.526,3770340.590
Land,1575,2218,2443,2203,1128,1196,1167,1993,340601.171,3770394.470
Land,1533,1999,2048,2347,1086,1139,1120,1560,340632.989,3770426.171
Land,2192,2790,3013,3469,1351,1574,1665,3332,340533.043,3770411.015
Land,2188,3875,4356,2841,1495,1886,1735,5983,340612.407,3770366.096
Land,1780,2602,2947,2464,1264,1444,1330,3624,340571.632,3770373.806
Land,1780,2602,2947,2464,1264,1444,1330,3624,340570.605,3770371.059
Land,1767,2351,2623,2711,1133,1252,1238,2085,340587.582,3770444.200
Land,2372,2964,3199,3773,1631,1954,2405,4191,340568.187,3770416.354
Land,2107,2574,2841,3152,1217,1421,1531,2850,340589.924,3770437.657
Land,1974,2427,2706,3231,1380,1545,1676,2870,340550.251,3770427.004
Land,2447,3155,3436,4035,1824,2230,2399,4336,340555.989,3770399.942
Land,2544,3240,3577,4226,1836,2226,2551,4613,340559.637,3770400.910
Land,1851,2609,2900,2463,1220,1227,1093,2205,340596.063,3770348.034
Land,1879,2331,2582,3074,1335,1456,1600,2428,340541.291,3770420.806
Land,1909,2558,2813,2874,1359,1562,1680,3602,340607.616,3770428.087
Land,2179,2604,2834,3286,1653,1908,2238,3923,340588.198,3770427.216
Land,2544,3240,3577,4226,1836,2226,2551,4613,340557.757,3770402.844
Land,1601,2454,2710,2252,1284,1411,1416,3282,340579.275,3770338.062
Land,2113,2684,2980,3141,1332,1486,1606,3163,340596.924,3770438.395
Land,1601,2068,2197,2492,1051,1062,1126,1510,340596.796,3770401.685
Land,2024,3126,3332,2721,1470,1761,1679,5489,340613.766,3770315.717
Land,1762,2453,2720,2363,1189,1215,1194,2323,340583.000,3770346.183
Land,1762,2453,2720,2363,1189,1215,1194,2323,340585.372,3770346.789
Land,1746,2419,2616,2646,1175,1326,1284,2812,340613.095,3770426.276
Land,2001,3433,3825,2620,1279,1491,1393,4452,340620.516,3770389.615
Land,2229,2989,3234,3452,1349,1554,1602,3369,340528.298,3770407.830
Land,1471,1920,2056,2212,1080,1108,1094,1641,340615.288,3770410.063
Land,2236,3252,3554,3424,1525,1799,1990,4351,340524.501,3770383.294
Land,1944,2726,3016,2839,1250,1391,1430,2893,340616.925,3770453.360
Land,1922,2938,3185,2583,1308,1648,1525,5080,340602.827,3770316.646
Land,1780,2602,2947,2464,1264,1444,1330,3624,340577.381,3770374.839
Land,1364,1817,1906,2052,1029,1069,1058,1377,340627.009,3770418.288
Land,1985,2441,2603,3114,1416,1634,1845,2904,340583.384,3770411.592
Land,1925,2927,3052,3019,1382,1521,1521,3889,340517.937,3770380.857
Land,1858,3040,3416,2439,1223,1404,1291,3431,340613.166,3770380.544
Land,1838,2930,3175,2523,1350,1616,1549,4552,340602.262,3770327.001
Land,1776,2501,2777,2636,1283,1447,1460,3111,340599.356,3770461.739
Land,2179,2604,2834,3286,1653,1908,2238,3923,340584.012,3770421.725
Land,1779,2809,3145,2477,1275,1534,1435,3862,340599.030,3770330.311
Land,2327,2939,3272,3856,1404,1543,1746,3193,340547.658,3770412.191
Land,1922,2938,3185,2583,1308,1648,1525,5080,340602.066,3770317.377
Land,1780,2602,2947,2464,1264,1444,1330,3624,340572.781,3770372.105
Land,1306,1651,1801,1837,1068,1205,1078,1930,340557.773,3770342.948
Land,1751,2677,2851,2770,1334,1516,1492,3387,340507.078,3770397.198
Land,1918,2797,3038,2934,1206,1488,1483,3042,340525.581,3770371.071
Land,1569,2197,2365,2308,1103,1159,1187,1835,340599.634,3770399.313
Land,1470,2149,2354,2065,1213,1264,1198,2504,340565.241,3770335.785
Land,1762,2453,2720,2363,1189,1215,1194,2323,340582.817,3770348.498
Land,1838,2930,3175,2523,1350,1616,1549,4552,340603.249,3770322.965
Land,1751,2810,3180,2476,1369,1620,1646,4364,340596.517,3770327.707
Land,1762,2453,2720,2363,1189,1215,1194,2323,340582.960,3770346.780
Land,1751,2419,2719,2560,1263,1376,1332,2798,340561.528,3770378.554
Land,2093,2585,2832,3133,1688,1946,2139,3888,340597.654,3770424.965
Land,1621,2281,2517,2211,1201,1268,1299,2718,340570.199,3770341.650
Land,1685,2629,2843,2338,1216,1356,1263,3203,340597.281,3770387.971
Land,2192,2903,3107,3562,1384,1547,1568,2957,340550.440,3770385.452
Land,1497,1933,2082,2227,1110,1126,1143,1779,340606.098,3770402.942
Land,2399,4229,4644,3096,1376,1800,1657,6154,340636.401,3770379.886
Land,1985,2441,2603,3114,1416,1634,1845,2904,340587.765,3770414.838
Land,2238,2778,2955,3492,1524,1758,1944,3580,340572.639,3770413.386
Land,1837,2649,2928,2569,1230,1409,1408,3109,340617.942,3770473.554
Land,1843,2585,2860,2646,1271,1420,1487,2963,340601.692,3770467.581
Land,2093,2585,2832,3133,1688,1946,2139,3888,340593.405,3770427.915
Land,2372,3337,3666,3683,1606,1952,1970,5388,340535.026,3770383.872
Land,1775,2197,2353,2767,1366,1596,1702,2560,340599.531,3770416.063
Land,1765,2612,3005,2459,1129,1407,1358,3149,340591.162,3770315.452
Land,1608,2270,2536,2267,1165,1265,1240,2588,340564.683,3770365.217
Land,1608,2270,2536,2267,1165,1265,1240,2588,340565.899,3770365.048
Land,1984,3147,3522,2638,1273,1476,1389,3669,340616.139,3770354.450
Land,2372,2964,3199,3773,1631,1954,2405,4191,340561.750,3770416.036
Land,1685,2629,2843,2338,1216,1356,1263,3203,340597.439,3770380.947
Land,1515,2054,2271,2103,1198,1207,1189,2122,340561.488,3770353.475
Land,1826,2867,3133,2499,1265,1378,1338,3210,340606.409,3770331.571
Land,1765,2612,3005,2459,1129,1407,1358,3149,340594.330,3770316.027
Land,1618,2267,2491,2466,1139,1126,1152,1849,340533.591,3770364.763
Land,1853,2579,2868,2717,1234,1363,1381,2732,340606.443,3770453.832
Land,1818,2325,2472,2866,1057,1154,1207,1782,340580.401,3770400.056
Land,1469,2014,2211,2035,1201,1286,1184,2743,340565.298,3770347.385
Land,2093,2585,2832,3133,1688,1946,2139,3888,340599.149,3770420.319
Land,1668,2433,2814,2377,1160,1273,1204,2522,340580.291,3770318.423
Land,2372,3337,3666,3683,1606,1952,1970,5388,340538.348,3770386.223
Land,2101,2556,2779,3316,1510,1660,1984,3612,340567.513,3770424.528
Land,1912,3062,3310,2511,1341,1631,1560,3916,340587.275,3770364.392
Land,2106,3673,4077,2759,1298,1624,1464,4996,340636.459,3770389.225
Land,1701,2574,2803,2438,1180,1230,1171,2257,340629.135,3770335.026
Land,2031,3593,4018,2652,1302,1642,1532,4971,340606.765,3770376.871
Land,1748,2331,2414,2694,1287,1411,1461,2727,340630.026,3770436.565
Land,1751,2810,3180,2476,1369,1620,1646,4364,340592.530,3770328.483
Land,1701,2574,2803,2438,1180,1230,1171,2257,340621.383,3770337.325
Land,1805,2490,2619,2762,1292,1450,1536,3159,340620.207,3770439.932
Land,1775,2197,2353,2767,1366,1596,1702,2560,340596.183,3770417.595
Land,1883,2667,2942,2688,1232,1421,1418,3229,340611.896,3770462.609
Land,1701,2574,2803,2438,1180,1230,1171,2257,340627.875,3770331.480
Land,2238,2778,2955,3492,1524,1758,1944,3580,340573.971,3770416.971
Land,1682,2080,2299,2687,1217,1338,1352,2197,340554.379,3770431.827
Land,1646,2318,2584,2538,1224,1373,1394,2718,340583.876,3770454.229
Land,2343,4063,4420,3085,1429,1800,1689,5449,340630.779,3770363.099
Land,1826,2867,3133,2499,1265,1378,1338,3210,340605.453,3770339.267
Land,1858,3040,3416,2439,1223,1404,1291,3431,340613.330,3770389.852
Land,1826,2867,3133,2499,1265,1378,1338,3210,340607.144,3770338.475
Land,1751,2810,3180,2476,1369,1620,1646,4364,340594.414,3770328.508
Land,1619,2397,2667,2202,1172,1228,1201,2324,340612.456,3770393.214
Land,2372,3337,3666,3683,1606,1952,1970,5388,340533.494,3770387.962
Land,2387,2997,3334,3958,1556,1816,2087,3824,340559.231,3770417.816
Land,1515,2054,2271,2103,1198,1207,1189,2122,340563.846,3770359.578
Land,1309,1758,1938,1832,1176,1183,1067,1816,340559.418,3770338.965
Land,1765,2612,3005,2459,1129,1407,1358,3149,340595.943,3770310.659
Land,1946,2501,2820,2983,1110,1216,1262,2275,340568.324,3770387.197
Land,2278,4020,4428,2965,1482,1806,1720,5995,340622.617,3770367.817
Land,2179,2604,2834,3286,1653,1908,2238,3923,340581.517,3770420.210
Land,1533,1999,2048,2347,1086,1139,1120,1560,340631.979,3770426.646
Land,1751,2419,2719,2560,1263,1376,1332,2798,340563.727,3770372.564
Land,2192,2903,3107,3562,1384,1547,1568,2957,340551.732,3770386.583
Land,1342,1676,1797,1971,1113,1142,1050,1629,340549.621,3770355.903
Land,1608,2046,2205,2451,1168,1249,1320,2136,340605.570,3770417.458
Land,1504,2170,2414,2220,1159,1284,1265,2620,352907.825,3773753.367
Land,1571,1938,2201,2444,1207,1290,1280,2357,352990.299,3773724.693
Land,1449,2125,2241,2208,1089,1152,1149,2193,352966.627,3773743.916
Land,1512,2113,2338,2216,1133,1245,1201,2260,352926.600,3773724.935
Land,1417,1962,2111,2058,1084,1211,1143,2243,352914.689,3773890.655
Land,1489,2026,2160,2266,1121,1227,1228,2455,352937.497,3773842.533
Land,1499,2179,2243,2279,1138,1226,1197,2387,352960.915,3773737.724
Land,1505,2026,2224,2280,1170,1265,1268,2480,352873.440,3773920.039
Land,1480,2007,2197,2178,1129,1254,1188,2184,352952.470,3773894.811
Land,1472,2123,2322,2171,1119,1288,1176,2686,352957.774,3773759.048
Land,2584,2989,3048,2697,2668,2442,2579,3285,352871.288,3773742.249
Land,1530,2082,2275,2277,1200,1253,1266,2367,352896.822,3773955.363
Land,1425,1965,2181,2066,1130,1215,1136,2478,352883.405,3773887.222
Land,1499,1915,2095,2312,1159,1251,1242,2188,352974.348,3773783.449
Land,1783,2161,2376,2856,1381,1553,1722,2670,352989.376,3773695.863
Land,1487,2073,2182,2265,1121,1264,1271,2511,352974.410,3773731.775
Land,1478,2221,2397,2138,1080,1242,1163,2402,352935.437,3773762.526
Land,1501,2067,2284,2240,1146,1269,1250,2760,352945.788,3773905.203
Land,2238,2625,2884,2547,1274,1360,1418,2964,352872.203,3773764.363
Land,1385,1921,2114,2026,1045,1134,1110,1639,352871.603,3773850.222
Land,1548,2170,2491,2207,1177,1300,1276,2693,352915.189,3773750.103
Land,1473,2121,2358,2101,1122,1251,1169,2655,352906.093,3773862.477
Land,1522,2201,2441,2180,1119,1261,1199,2825,352906.667,3773827.277
Land,1503,2177,2426,2153,1150,1268,1233,2462,352913.147,3773764.318
Land,1377,1981,2122,2039,1063,1137,1109,2147,352874.251,3773842.830
Land,1905,2273,2465,3001,1240,1441,1479,2766,352999.876,3773695.715
Land,1874,2485,2809,2419,1291,1426,1453,3128,352859.518,3773776.719
Land,1453,2078,2282,2059,1107,1209,1149,2322,352908.180,3773872.596
Land,1393,2115,2152,2068,1119,1199,1202,2292,352861.625,3773839.504
Land,2466,2876,3184,2678,1846,1881,2278,3734,352867.050,3773760.521
Land,1512,2113,2338,2216,1133,1245,1201,2260,352924.232,3773723.119
Land,1447,1949,2111,2163,1122,1240,1187,2207,352919.326,3773905.176
Land,1514,2218,2509,2145,1143,1296,1220,2957,352897.204,3773814.759
Land,1563,2112,2322,2345,1150,1309,1273,2601,352886.338,3773936.268
Land,1571,2001,2197,2402,1198,1344,1335,2312,352932.142,3773810.465
Land,2018,2388,2508,3057,1666,1880,2248,2853,352998.262,3773678.201
Land,2033,2373,2584,3129,1594,1764,2013,3049,352992.025,3773685.806
Land,1537,2067,2241,2344,1164,1321,1299,2740,352950.187,3773914.894
Land,2466,2876,3184,2678,1846,1881,2278,3734,352866.634,3773767.021
Land,1495,1862,2002,2365,1144,1249,1277,2017,352960.559,3773850.213
Land,1537,2162,2362,2294,1133,1265,1203,2350,352931.438,3773720.126
Land,1465,2004,2118,2213,1107,1213,1203,2135,352862.680,3773913.663
Land,1411,2041,2155,2133,1105,1182,1174,2322,352899.685,3773773.234
Land,1567,2067,2293,2360,1146,1304,1230,2450,352957.205,3773794.424
Land,1476,1999,2172,2149,1109,1186,1177,2169,352912.069,3773965.029
Land,1453,2015,2254,2114,1133,1250,1260,2545,352896.393,3773858.328
Land,1522,2129,2334,2279,1198,1349,1331,2965,352903.828,3773685.438
Land,1548,2170,2491,2207,1177,1300,1276,2693,352918.226,3773755.698
Land,1528,2212,2497,2190,1123,1285,1222,2626,352929.303,3773753.341
Land,1550,2079,2285,2329,1197,1305,1300,2452,352884.055,3773926.752
Land,1562,2076,2284,2335,1195,1345,1301,2400,352923.089,3773810.879
Land,1701,2333,2470,2405,1140,1290,1270,2443,352888.157,3773730.898
Land,1548,2170,2491,2207,1177,1300,1276,2693,352915.253,3773751.555
Land,1779,2198,2426,2442,1230,1279,1378,2500,352884.371,3773718.091
Land,1431,1941,2113,2056,1116,1221,1189,2117,352912.734,3773979.158
Land,1708,2005,2253,2693,1300,1456,1560,2584,352977.585,3773693.897
Land,1423,1963,2174,2075,1088,1200,1206,2179,352882.135,3773851.014
Land,1498,2161,2456,2137,1115,1246,1200,2811,352896.871,3773821.002
Land,1528,2157,2259,2373,1250,1409,1388,2976,352898.458,3773689.135
Land,1577,2112,2228,2312,1160,1261,1234,2348,352933.177,3773957.883
Land,1451,1907,2079,2168,1146,1238,1235,2269,352908.376,3773904.969
Land,1445,2051,2183,2069,1082,1184,1223,2298,352887.482,3773869.791
Land,1434,1934,2168,2108,1094,1156,1134,1842,352884.028,3773894.942
Land,2234,2472,2766,2558,1358,1483,1403,2179,352876.731,3773730.050
Land,1916,2355,2489,2927,1472,1678,1948,2864,352988.985,3773676.726
Land,1567,2067,2293,2360,1146,1304,1230,2450,352952.161,3773798.255
Land,1495,2109,2350,2201,1194,1287,1245,2495,352911.448,3773846.860
Land,1877,2294,2578,2353,1157,1273,1204,2496,352874.485,3773777.238
Land,1526,1996,2161,2364,1159,1288,1334,2358,352974.003,3773799.472
Land,1551,2057,2231,2395,1172,1284,1392,2411,352962.785,3773799.240
Land,1679,1976,2170,2652,1148,1334,1289,2256,352969.877,3773690.341
Land,1531,2026,2241,2275,1147,1268,1247,2564,352910.642,3773953.027
Land,1502,2176,2416,2169,1071,1171,1163,2412,352941.925,3773752.433
Land,1579,2052,2263,2417,1190,1263,1338,2389,352922.874,3773920.380
Land,2033,2373,2584,3129,1594,1764,2013,3049,352998.696,3773688.682
Land,1445,2051,2183,2069,1082,1184,1223,2298,352886.566,3773862.748
Land,2586,3040,3088,2693,2294,2882,2548,3696,352876.819,3773757.147
Land,1447,2148,2320,2098,1158,1270,1214,2903,352932.035,3773888.547
Land,1551,2106,2298,2314,1152,1240,1240,2207,352883.574,3773941.121
Land,1309,1656,1843,1914,1096,1176,1135,1986,352906.978,3773659.408
Land,1444,2072,2302,2076,1094,1234,1192,2542,352917.846,3773787.005
Land,1568,2103,2298,2367,1176,1306,1301,2631,352893.037,3773922.141
Land,1482,2059,2268,2168,1152,1264,1216,2630,352943.058,3773897.136
Land,1528,2207,2452,2217,1143,1304,1229,3080,352946.976,3773749.641
Land,1491,2109,2319,2237,1118,1254,1182,2615,352843.905,3773828.880
Land,1642,2191,2480,2454,1146,1259,1231,2570,352928.413,3773683.178
Land,1388,1896,2002,2061,1072,1204,1165,1930,352893.913,3773668.078
Land,1454,1974,2232,2083,1117,1157,1163,2016,352864.084,3773870.538
Land,1480,2052,2346,2163,1114,1227,1187,2568,352860.878,3773880.565
Land,2584,2989,3048,2697,2668,2442,2579,3285,352876.206,3773743.115
Land,1503,2179,2375,2218,1109,1251,1184,2838,352950.661,3773743.084
Land,1458,2016,2243,2120,1138,1225,1173,2351,352948.561,3773886.250
Land,1498,2161,2456,2137,1115,1246,1200,2811,352893.579,3773827.277
Land,1513,1872,2010,2453,1206,1262,1312,1997,352968.518,3773843.202
Land,1504,2170,2414,2220,1159,1284,1265,2620,352909.314,3773756.515
Land,1529,1993,2166,2522,1136,1200,1242,2194,352972.287,3773821.917
Land,1526,1996,2161,2364,1159,1288,1334,2358,352977.853,3773795.259
Land,1478,2100,2306,2096,1105,1230,1221,2510,352878.044,3773816.885
Land,1537,2067,2241,2344,1164,1321,1299,2740,352952.171,3773919.018
Land,1437,2173,2264,2093,1173,1357,1289,2988,352877.001,3773824.270
Land,1458,1955,2166,2133,1120,1187,1171,2166,352952.567,3773880.281
Land,1458,2077,2309,2103,1076,1203,1146,2394,352910.976,3773790.266
Land,1459,1898,2123,2217,1123,1231,1232,2382,352987.006,3773750.924
Land,1522,2129,2334,2279,1198,1349,1331,2965,352904.670,3773687.858
Land,1536,2191,2483,2210,1146,1263,1265,2744,352921.966,3773746.514
Land,1538,1925,2071,2483,1252,1302,1311,2213,352953.352,3773831.131
Land,1471,2081,2266,2147,1092,1168,1090,2356,352927.996,3773791.114
Land,1446,1990,2292,2102,1096,1223,1173,2450,352876.409,3773887.601
Land,1702,2141,2213,2713,1387,1552,1830,2572,352942.107,3773690.539
Land,1553,2109,2250,2211,1128,1218,1205,2426,352889.005,3773777.617
Land,1697,2072,2127,2732,1326,1434,1640,2177,352957.150,3773694.686
Land,1556,2100,2294,2337,1175,1284,1280,2678,352891.262,3773940.663
Land,1342,1826,1971,1947,1134,1241,1147,2108,352856.628,3773790.647
Land,1526,2149,2343,2251,1175,1309,1255,2856,352858.526,3773885.087
Land,1513,2035,2304,2252,1106,1203,1225,2188,352916.258,3773677.588
Land,1513,2035,2304,2252,1106,1203,1225,2188,352913.016,3773671.628
Land,1783,2161,2376,2856,1381,1553,1722,2670,352981.651,3773691.537
Land,1532,2139,2386,2251,1106,1218,1196,2444,352904.221,3773738.022
Land,1482,2059,2268,2168,1152,1264,1216,2630,352940.030,3773898.348
Land,1451,2089,2292,2119,1125,1291,1198,2622,352900.719,3773777.681
Land,1555,2069,2292,2356,1154,1298,1290,2601,352906.335,3773949.385
Land,1507,2086,2192,2181,1172,1231,1244,2434,352931.985,3773961.178
Land,1540,2198,2413,2240,1176,1264,1208,2751,352914.591,3773815.684
Land,1547,2122,2402,2215,1125,1244,1179,2285,352910.284,3773739.167
Land,1420,1965,2091,2058,1066,1182,1169,1952,352851.281,3773865.858
Land,1531,2026,2241,2275,1147,1268,1247,2564,352914.599,3773953.054
Land,1458,1909,2113,2212,1165,1196,1222,2128,352941.882,3773852.518
Land,1340,1743,1932,1928,1076,1189,1146,1995,352931.939,3773987.573
Land,1362,1956,2057,2019,1165,1344,1280,2450,352876.841,3773792.818
Land,1461,2044,2239,2161,1213,1240,1377,2285,352845.302,3773830.174
Land,1501,2080,2265,2212,1138,1199,1216,2201,352931.321,3773794.503
Land,1489,2026,2160,2266,1121,1227,1228,2455,352939.889,3773848.032
Land,1584,2043,2370,2350,1148,1262,1243,2538,352925.805,3773703.003
Land,1432,2034,2298,2102,1075,1171,1154,2211,352852.101,3773812.441
Land,1453,2015,2254,2114,1133,1250,1260,2545,352895.592,3773851.760
Land,1516,2029,2140,2306,1167,1310,1330,2661,352970.389,3773722.736
Land,1493,1998,2208,2196,1120,1235,1200,2268,352912.389,3773703.497
Land,1499,2179,2243,2279,1138,1226,1197,2387,352967.371,3773733.385
Land,1528,2212,2497,2190,1123,1285,1222,2626,352921.575,3773752.277
Land,1480,2052,2346,2163,1114,1227,1187,2568,352866.913,3773884.644
Land,1393,2115,2152,2068,1119,1199,1202,2292,352861.116,3773831.236
Land,1308,1696,1866,1912,1086,1076,1096,1657,352934.090,3773991.851
Land,1449,1876,2042,2246,1124,1207,1232,2155,352979.610,3773772.724
Land,1458,1955,2166,2133,1120,1187,1171,2166,352954.469,3773887.407
Land,1526,2149,2343,2251,1175,1309,1255,2856,352854.803,3773886.262
Land,1481,2121,2281,2182,1149,1278,1197,2721,352945.120,3773778.798
Land,1540,2198,2413,2240,1176,1264,1208,2751,352919.558,3773816.899
Land,1523,1992,2132,2511,1146,1237,1271,2168,352961.899,3773820.056
Land,1554,1974,2078,2529,1233,1399,1409,2328,352986.980,3773701.255
Land,1422,1965,2092,2209,1139,1258,1273,2295,352968.513,3773768.328
Water,1037,1041,1033,1010,1142,1121,1041,1020,351856.606,3766053.155
Water,1037,1029,1031,1009,1170,1109,1047,1021,351849.970,3766038.319
Water,1036,1034,1033,1008,1167,1109,1046,1021,351846.962,3766046.470
Water,1036,1038,1032,1010,1150,1102,1039,1034,351850.985,3766045.963
Water,1037,1041,1033,1010,1142,1121,1041,1020,351851.796,3766050.411
Water,1036,1038,1032,1010,1150,1102,1039,1034,351851.725,3766048.139
Water,1036,1038,1032,1010,1150,1102,1039,1034,351858.007,3766046.548
Water,1036,1038,1032,1010,1150,1102,1039,1034,351851.502,3766047.448
Water,1036,1038,1032,1010,1150,1102,1039,1034,351858.077,3766047.001
Water,1036,1034,1033,1008,1167,1109,1046,1021,351848.971,3766047.709
Water,1036,1038,1032,1010,1150,1102,1039,1034,351852.281,3766042.589
Water,1039,1043,1033,1011,1174,1123,1059,1021,351857.256,3766061.102
Water,1036,1038,1032,1010,1150,1102,1039,1034,351852.852,3766040.676
Water,1036,1034,1033,1008,1167,1109,1046,1021,351846.120,3766048.270
Water,1037,1035,1029,1011,1157,1108,1051,1029,351854.850,3766038.466
Water,1036,1038,1032,1010,1150,1102,1039,1034,351852.055,3766046.355
Water,1038,1043,1030,1014,1174,1131,1043,1030,351860.426,3766045.035
Water,1036,1038,1032,1010,1150,1102,1039,1034,351856.906,3766046.147
Water,1037,1035,1029,1011,1157,1108,1051,1029,351851.169,3766037.154
Water,1037,1041,1033,1010,1142,1121,1041,1020,351852.006,3766050.595
Water,1036,1038,1032,1010,1150,1102,1039,1034,351856.979,3766045.643
Water,1036,1034,1033,1008,1167,1109,1046,1021,351848.709,3766049.891
Water,1037,1041,1033,1010,1142,1121,1041,1020,351853.893,3766055.049
Water,1037,1029,1031,1009,1170,1109,1047,1021,351849.026,3766037.486
Water,1037,1041,1033,1010,1142,1121,1041,1020,351852.350,3766050.542
Water,1037,1041,1033,1010,1142,1121,1041,1020,351855.506,3766059.448
Water,1036,1034,1033,1008,1167,1109,1046,1021,351847.421,3766049.242
Water,1036,1038,1032,1010,1150,1102,1039,1034,351850.288,3766044.471
Water,1037,1041,1033,1010,1142,1121,1041,1020,351858.268,3766058.360
Water,1037,1041,1033,1010,1142,1121,1041,1020,351855.561,3766057.723
Water,1038,1043,1030,1014,1174,1131,1043,1030,351860.249,3766044.106
Water,1036,1038,1032,1010,1150,1102,1039,1034,351853.423,3766044.654
Water,1036,1038,1032,1010,1150,1102,1039,1034,351858.994,3766041.407
Water,1037,1041,1033,1010,1142,1121,1041,1020,351857.382,3766053.953
Water,1036,1038,1032,1010,1150,1102,1039,1034,351853.316,3766041.527
Water,1036,1038,1032,1010,1150,1102,1039,1034,351859.060,3766043.279
Water,1037,1041,1033,1010,1142,1121,1041,1020,351857.801,3766057.114
Water,1037,1041,1033,1010,1142,1121,1041,1020,351856.283,3766054.602
Water,1037,1029,1031,1009,1170,1109,1047,1021,351848.426,3766039.167
Water,1037,1041,1033,1010,1142,1121,1041,1020,351853.168,3766056.662
Water,1037,1035,1029,1011,1157,1108,1051,1029,351854.528,3766038.738
Water,1036,1034,1033,1008,1167,1109,1046,1021,351849.228,3766049.720
Water,1036,1038,1032,1010,1150,1102,1039,1034,351855.241,3766041.562
Water,1037,1035,1029,1011,1157,1108,1051,1029,351854.141,3766038.213
Water,1037,1041,1033,1010,1142,1121,1041,1020,351856.856,3766059.926
Water,1036,1038,1032,1010,1150,1102,1039,1034,351859.835,3766049.164
Water,1037,1035,1029,1011,1157,1108,1051,1029,351854.101,3766037.376
Water,1036,1034,1033,1008,1167,1109,1046,1021,351848.966,3766044.419
Water,1036,1034,1033,1008,1167,1109,1046,1021,351849.052,3766041.006
Water,1037,1041,1033,1010,1142,1121,1041,1020,351855.962,3766059.568
Water,1037,1041,1033,1010,1142,1121,1041,1020,351859.022,3766055.079
Water,1036,1034,1033,1008,1167,1109,1046,1021,351846.682,3766045.767
Water,1037,1041,1033,1010,1142,1121,1041,1020,351851.678,3766052.516
Water,1038,1043,1030,1014,1174,1131,1043,1030,351860.269,3766043.281
Water,1036,1038,1032,1010,1150,1102,1039,1034,351850.880,3766049.113
Water,1037,1029,1031,1009,1170,1109,1047,1021,351849.976,3766038.624
Water,1036,1038,1032,1010,1150,1102,1039,1034,351851.474,3766044.926
Water,1036,1034,1033,1008,1167,1109,1046,1021,351848.594,3766046.071
Water,1036,1038,1032,1010,1150,1102,1039,1034,351851.687,3766042.195
Water,1036,1038,1032,1010,1150,1102,1039,1034,351850.246,3766044.985
Water,1037,1041,1033,1010,1142,1121,1041,1020,351856.645,3766052.571
Water,1036,1034,1033,1008,1167,1109,1046,1021,351847.281,3766049.239
Water,1036,1034,1033,1008,1167,1109,1046,1021,351849.221,3766048.198
Water,1037,1041,1033,1010,1142,1121,1041,1020,351854.226,3766055.933
Water,1036,1038,1032,1010,1150,1102,1039,1034,351857.915,3766042.398
Water,1037,1041,1033,1010,1142,1121,1041,1020,351854.243,3766051.549
Water,1037,1041,1033,1010,1142,1121,1041,1020,351858.814,3766052.624
Water,1037,1041,1033,1010,1142,1121,1041,1020,351859.239,3766055.141
Water,1036,1034,1033,1008,1167,1109,1046,1021,351848.260,3766040.215
Water,1037,1041,1033,1010,1142,1121,1041,1020,351850.709,3766052.756
Water,1037,1041,1033,1010,1142,1121,1041,1020,351858.244,3766053.431
Water,1036,1038,1032,1010,1150,1102,1039,1034,351854.077,3766046.765
Water,1036,1038,1032,1010,1150,1102,1039,1034,351855.647,3766048.260
Water,1036,1038,1032,1010,1150,1102,1039,1034,351852.528,3766048.420
Water,1036,1034,1033,1008,1167,1109,1046,1021,351847.157,3766048.484
Water,1036,1038,1032,1010,1150,1102,1039,1034,351859.358,3766043.005
Water,1037,1041,1033,1010,1142,1121,1041,1020,351853.966,3766055.045
Water,1036,1034,1033,1008,1167,1109,1046,1021,351849.563,3766045.815
Water,1037,1029,1031,1009,1170,1109,1047,1021,351848.643,3766039.000
Water,1036,1038,1032,1010,1150,1102,1039,1034,351857.494,3766041.550
Water,1037,1041,1033,1010,1142,1121,1041,1020,351852.869,3766050.821
Water,1036,1038,1032,1010,1150,1102,1039,1034,351859.278,3766048.449
Water,1037,1035,1029,1011,1157,1108,1051,1029,351854.496,3766039.933
Water,1036,1034,1033,1008,1167,1109,1046,1021,351849.537,3766042.979
Water,1037,1041,1033,1010,1142,1121,1041,1020,351852.329,3766052.221
Water,1037,1035,1029,1011,1157,1108,1051,1029,351858.040,3766039.704
Water,1036,1038,1032,1010,1150,1102,1039,1034,351855.307,3766040.218
Water,1037,1041,1033,1010,1142,1121,1041,1020,351852.995,3766053.283
Water,1036,1034,1033,1008,1167,1109,1046,1021,351846.739,3766049.456
Water,1037,1041,1033,1010,1142,1121,1041,1020,351856.908,3766052.922
Water,1037,1035,1029,1011,1157,1108,1051,1029,351850.397,3766035.047
Water,1037,1035,1029,1011,1157,1108,1051,1029,351858.614,3766039.909
Water,1036,1034,1033,1008,1167,1109,1046,1021,351848.935,3766047.252
Water,1037,1041,1033,1010,1142,1121,1041,1020,351854.969,3766057.770
Water,1037,1041,1033,1010,1142,1121,1041,1020,351855.779,3766056.333
Water,1037,1041,1033,1010,1142,1121,1041,1020,351857.558,3766057.050
Water,1036,1034,1033,1008,1167,1109,1046,1021,351846.353,3766044.135
Water,1036,1038,1032,1010,1150,1102,1039,1034,351851.333,3766040.965
Water,1036,1034,1033,1008,1167,1109,1046,1021,351849.941,3766046.266
Water,1037,1041,1033,1010,1142,1121,1041,1020,351859.628,3766052.572
Water,1037,1041,1033,1010,1142,1121,1041,1020,351851.445,3766052.473
Water,1037,1035,1029,1011,1157,1108,1051,1029,351850.886,3766038.661
Water,1036,1034,1033,1008,1167,1109,1046,1021,351849.229,3766047.721
Water,1037,1035,1029,1011,1157,1108,1051,1029,351856.080,3766038.937
Water,1036,1038,1032,1010,1150,1102,1039,1034,351850.273,3766040.113
Water,1037,1041,1033,1010,1142,1121,1041,1020,351851.510,3766054.855
Water,1036,1034,1033,1008,1167,1109,1046,1021,351846.092,3766046.319
Water,1037,1041,1033,1010,1142,1121,1041,1020,351859.204,3766051.998
Water,1036,1034,1033,1008,1167,1109,1046,1021,351845.807,3766049.036
Water,1036,1038,1032,1010,1150,1102,1039,1034,351857.064,3766043.993
Water,1036,1038,1032,1010,1150,1102,1039,1034,351850.409,3766041.775
Water,1037,1041,1033,1010,1142,1121,1041,1020,351856.010,3766054.672
Water,1037,1041,1033,1010,1142,1121,1041,1020,351858.004,3766057.413
Water,1036,1038,1032,1010,1150,1102,1039,1034,351853.955,3766048.516
Water,1037,1035,1029,1011,1157,1108,1051,1029,351854.876,3766039.876
Water,1036,1038,1032,1010,1150,1102,1039,1034,351859.987,3766049.968
Water,1037,1041,1033,1010,1142,1121,1041,1020,351851.065,3766052.087
Water,1036,1034,1033,1008,1167,1109,1046,1021,351847.087,3766047.035
Water,1036,1038,1032,1010,1150,1102,1039,1034,351854.360,3766046.195
Water,1037,1041,1033,1010,1142,1121,1041,1020,351856.265,3766056.979
Water,1036,1034,1033,1008,1167,1109,1046,1021,351846.592,3766044.726
Water,1036,1038,1032,1010,1150,1102,1039,1034,351850.853,3766046.900
Water,1036,1034,1033,1008,1167,1109,1046,1021,351848.810,3766045.460
Water,1038,1043,1030,1014,1174,1131,1043,1030,351860.065,3766048.326
Water,1036,1034,1033,1008,1167,1109,1046,1021,351848.445,3766049.041
Water,1037,1039,1034,1008,1164,1106,1039,1030,351848.380,3766051.094
Water,1037,1035,1029,1011,1157,1108,1051,1029,351851.644,3766036.748
Water,1037,1041,1033,1010,1142,1121,1041,1020,351853.992,3766054.235
Water,1036,1038,1032,1010,1150,1102,1039,1034,351850.949,3766043.577
Water,1036,1034,1033,1008,1167,1109,1046,1021,351846.538,3766045.232
Water,1037,1039,1034,1008,1164,1106,1039,1030,351849.617,3766051.666
Water,1036,1034,1033,1008,1167,1109,1046,1021,351845.237,3766047.657
Water,1038,1043,1030,1014,1174,1131,1043,1030,351860.434,3766047.652
Water,1036,1038,1032,1010,1150,1102,1039,1034,351851.325,3766043.487
Water,1037,1029,1031,1009,1170,1109,1047,1021,351849.726,3766038.298
Water,1037,1041,1033,1010,1142,1121,1041,1020,351855.742,3766053.154
Water,1037,1035,1029,1011,1157,1108,1051,1029,351852.978,3766037.222
Water,1037,1041,1033,1010,1142,1121,1041,1020,351855.490,3766050.182
Water,1037,1041,1033,1010,1142,1121,1041,1020,351851.333,3766051.917
Water,1037,1041,1033,1010,1142,1121,1041,1020,351855.525,3766058.863
Water,1036,1034,1033,1008,1167,1109,1046,1021,351847.696,3766041.114
Water,1036,1038,1032,1010,1150,1102,1039,1034,351857.159,3766048.261
Water,1036,1038,1032,1010,1150,1102,1039,1034,351856.172,3766041.591
Water,1036,1038,1032,1010,1150,1102,1039,1034,351854.692,3766049.550
Water,1036,1038,1032,1010,1150,1102,1039,1034,351859.602,3766049.489
Water,1036,1038,1032,1010,1150,1102,1039,1034,351851.710,3766041.579
Water,1037,1039,1034,1008,1164,1106,1039,1030,351848.808,3766052.208
Water,1037,1029,1031,1009,1170,1109,1047,1021,351848.903,3766038.984
Water,1036,1038,1032,1010,1150,1102,1039,1034,351851.437,3766045.839
Water,1037,1041,1033,1010,1142,1121,1041,1020,351856.889,3766051.863
Water,1039,1031,1015,996,1194,1110,1042,1034,352481.062,3766103.687
Water,1038,1030,1019,997,1149,1124,1051,1028,352492.649,3766105.701
Water,1040,1027,1023,1001,1150,1115,1043,1001,352496.761,3766099.150
Water,1041,1029,1030,1004,1164,1106,1045,1030,352473.047,3766093.478
Water,1041,1029,1030,1004,1164,1106,1045,1030,352479.301,3766099.155
Water,1041,1029,1030,1004,1164,1106,1045,1030,352474.170,3766098.419
Water,1041,1026,1025,1000,1158,1107,1054,1033,352486.313,3766099.135
Water,1038,1030,1019,997,1149,1124,1051,1028,352493.521,3766107.894
Water,1038,1030,1019,997,1149,1124,1051,1028,352493.638,3766103.108
Water,1040,1035,1022,1003,1184,1146,1053,1021,352477.896,3766100.747
Water,1040,1035,1022,1003,1184,1146,1053,1021,352476.349,3766109.427
Water,1040,1035,1022,1003,1184,1146,1053,1021,352476.116,3766102.177
Water,1041,1029,1030,1004,1164,1106,1045,1030,352473.572,3766090.365
Water,1041,1029,1030,1004,1164,1106,1045,1030,352476.294,3766093.752
Water,1041,1029,1030,1004,1164,1106,1045,1030,352476.404,3766099.297
Water,1040,1035,1022,1003,1184,1146,1053,1021,352477.360,3766100.319
Water,1038,1030,1019,997,1149,1124,1051,1028,352493.817,3766100.837
Water,1038,1030,1019,997,1149,1124,1051,1028,352493.076,3766108.026
Water,1041,1029,1030,1004,1164,1106,1045,1030,352473.749,3766091.849
Water,1038,1030,1019,997,1149,1124,1051,1028,352495.895,3766103.526
Water,1041,1026,1025,1000,1158,1107,1054,1033,352482.084,3766094.811
Water,1039,1031,1015,996,1194,1110,1042,1034,352483.771,3766102.561
Water,1037,1031,1021,996,1154,1114,1050,1026,352491.029,3766114.513
Water,1037,1033,1013,996,1209,1109,1045,1030,352488.925,3766110.242
Water,1039,1031,1015,996,1194,1110,1042,1034,352489.885,3766107.028
Water,1041,1029,1030,1004,1164,1106,1045,1030,352473.519,3766093.285
Water,1039,1031,1015,996,1194,1110,1042,1034,352487.540,3766102.506
Water,1041,1026,1025,1000,1158,1107,1054,1033,352483.694,3766099.199
Water,1039,1031,1015,996,1194,1110,1042,1034,352486.149,3766108.376
Water,1038,1030,1019,997,1149,1124,1051,1028,352493.580,3766101.115
Water,1038,1030,1019,997,1149,1124,1051,1028,352490.976,3766109.567
Water,1040,1035,1022,1003,1184,1146,1053,1021,352472.484,3766104.232
Water,1039,1031,1015,996,1194,1110,1042,1034,352488.193,3766101.921
Water,1040,1035,1022,1003,1184,1146,1053,1021,352478.427,3766102.526
Water,1037,1033,1013,996,1209,1109,1045,1030,352489.026,3766112.442
Water,1040,1035,1022,1003,1184,1146,1053,1021,352478.944,3766106.357
Water,1040,1035,1022,1003,1184,1146,1053,1021,352475.552,3766104.928
Water,1038,1030,1019,997,1149,1124,1051,1028,352492.089,3766103.251
Water,1040,1035,1022,1003,1184,1146,1053,1021,352476.840,3766102.665
Water,1041,1026,1025,1000,1158,1107,1054,1033,352485.663,3766098.701
Water,1041,1029,1030,1004,1164,1106,1045,1030,352473.976,3766097.588
Water,1039,1031,1015,996,1194,1110,1042,1034,352482.028,3766104.337
Water,1037,1033,1013,996,1209,1109,1045,1030,352483.242,3766111.162
Water,1039,1031,1015,996,1194,1110,1042,1034,352487.607,3766105.565
Water,1041,1029,1030,1004,1164,1106,1045,1030,352477.072,3766098.728
Water,1041,1029,1030,1004,1164,1106,1045,1030,352477.774,3766094.774
Water,1038,1030,1019,997,1149,1124,1051,1028,352491.532,3766106.507
Water,1041,1026,1025,1000,1158,1107,1054,1033,352483.514,3766099.354
Water,1040,1035,1022,1003,1184,1146,1053,1021,352472.294,3766102.500
Water,1039,1031,1015,996,1194,1110,1042,1034,352488.400,3766106.900
Water,1040,1035,1022,1003,1184,1146,1053,1021,352475.141,3766104.228
Water,1037,1031,1021,996,1154,1114,1050,1026,352492.657,3766114.902
Water,1041,1026,1025,1000,1158,1107,1054,1033,352483.438,3766093.643
Water,1039,1031,1015,996,1194,1110,1042,1034,352486.094,3766104.636
Water,1039,1031,1015,996,1194,1110,1042,1034,352488.760,3766105.850
Water,1040,1035,1022,1003,1184,1146,1053,1021,352474.677,3766106.324
Water,1039,1031,1015,996,1194,1110,1042,1034,352488.771,3766109.027
Water,1039,1031,1015,996,1194,1110,1042,1034,352486.904,3766102.380
Water,1039,1031,1015,996,1194,1110,1042,1034,352487.325,3766104.460
Water,1039,1031,1015,996,1194,1110,1042,1034,352484.083,3766100.364
Water,1041,1026,1025,1000,1158,1107,1054,1033,352486.302,3766098.265
Water,1040,1035,1022,1003,1184,1146,1053,1021,352479.945,3766108.187
Water,1041,1026,1025,1000,1158,1107,1054,1033,352485.177,3766098.645
Water,1039,1031,1015,996,1194,1110,1042,1034,352480.729,3766103.651
Water,1041,1026,1025,1000,1158,1107,1054,1033,352486.355,3766098.076
Water,1041,1026,1025,1000,1158,1107,1054,1033,352487.809,3766098.624
Water,1040,1035,1022,1003,1184,1146,1053,1021,352476.856,3766107.536
Water,1041,1026,1025,1000,1158,1107,1054,1033,352480.540,3766093.168
Water,1039,1031,1015,996,1194,1110,1042,1034,352486.591,3766105.180
Water,1038,1030,1019,997,1149,1124,1051,1028,352495.647,3766100.897
Water,1037,1031,1021,996,1154,1114,1050,1026,352492.358,3766111.199
Water,1041,1026,1025,1000,1158,1107,1054,1033,352487.732,3766097.807
Water,1040,1035,1022,1003,1184,1146,1053,1021,352477.971,3766105.458
Water,1038,1030,1019,997,1149,1124,1051,1028,352493.133,3766108.121
Water,1040,1035,1022,1003,1184,1146,1053,1021,352476.101,3766101.143
Water,1039,1031,1015,996,1194,1110,1042,1034,352480.761,3766104.760
Water,1039,1031,1015,996,1194,1110,1042,1034,352488.586,3766108.816
Water,1039,1031,1015,996,1194,1110,1042,1034,352482.818,3766102.660
Water,1039,1031,1015,996,1194,1110,1042,1034,352484.877,3766102.757
Water,1040,1027,1023,1001,1150,1115,1043,1001,352493.363,3766097.714
Water,1039,1031,1015,996,1194,1110,1042,1034,352488.245,3766109.263
Water,1039,1031,1015,996,1194,1110,1042,1034,352487.267,3766103.678
Water,1041,1026,1025,1000,1158,1107,1054,1033,352480.622,3766097.945
Water,1040,1035,1022,1003,1184,1146,1053,1021,352477.811,3766101.115
Water,1040,1035,1022,1003,1184,1146,1053,1021,352479.998,3766108.550
Water,1041,1026,1025,1000,1158,1107,1054,1033,352485.478,3766096.365
Water,1039,1031,1015,996,1194,1110,1042,1034,352483.413,3766101.727
Water,1038,1030,1019,997,1149,1124,1051,1028,352490.916,3766102.867
Water,1039,1031,1015,996,1194,1110,1042,1034,352488.853,3766104.842
Water,1039,1031,1015,996,1194,1110,1042,1034,352481.366,3766106.108
Water,1038,1030,1019,997,1149,1124,1051,1028,352494.837,3766102.010
Water,1038,1030,1019,997,1149,1124,1051,1028,352490.987,3766109.419
Water,1040,1035,1022,1003,1184,1146,1053,1021,352476.550,3766108.260
Water,1037,1033,1013,996,1209,1109,1045,1030,352489.482,3766112.639
Water,1041,1029,1030,1004,1164,1106,1045,1030,352476.733,3766099.735
Water,1038,1030,1019,997,1149,1124,1051,1028,352495.991,3766104.615
Water,1040,1035,1022,1003,1184,1146,1053,1021,352474.387,3766106.293
Water,1039,1031,1015,996,1194,1110,1042,1034,352484.120,3766101.680
Water,1039,1031,1015,996,1194,1110,1042,1034,352481.746,3766104.401
Water,1039,1031,1015,996,1194,1110,1042,1034,352481.283,3766101.262
Water,1041,1026,1025,1000,1158,1107,1054,1033,352488.842,3766095.383
Water,1039,1031,1015,996,1194,1110,1042,1034,352485.936,3766107.169
Water,1037,1031,1021,996,1154,1114,1050,1026,352493.975,3766111.694
Water,1041,1029,1030,1004,1164,1106,1045,1030,352473.880,3766092.543
Water,1040,1027,1023,1001,1150,1115,1043,1001,352497.003,3766099.310
Water,1041,1029,1030,1004,1164,1106,1045,1030,352472.809,3766097.460
Water,1039,1031,1015,996,1194,1110,1042,1034,352484.433,3766105.710
Water,1038,1030,1019,997,1149,1124,1051,1028,352493.490,3766105.214
Water,1040,1035,1022,1003,1184,1146,1053,1021,352474.134,3766101.534
Water,1041,1029,1030,1004,1164,1106,1045,1030,352472.603,3766098.091
Water,1038,1030,1019,997,1149,1124,1051,1028,352494.097,3766100.082
Water,1038,1030,1019,997,1149,1124,1051,1028,352490.627,3766107.600
Water,1041,1029,1030,1004,1164,1106,1045,1030,352473.556,3766097.666
Water,1040,1035,1022,1003,1184,1146,1053,1021,352477.923,3766105.737
Water,1040,1027,1023,1001,1150,1115,1043,1001,352496.208,3766098.039
Water,1040,1035,1022,1003,1184,1146,1053,1021,352476.338,3766108.206
Water,1037,1033,1013,996,1209,1109,1045,1030,352486.118,3766110.892
Water,1039,1031,1015,996,1194,1110,1042,1034,352487.299,3766101.770
Water,1040,1027,1023,1001,1150,1115,1043,1001,352491.551,3766096.406
Water,1039,1031,1015,996,1194,1110,1042,1034,352483.686,3766105.437
Water,1037,1033,1013,996,1209,1109,1045,1030,352484.828,3766112.585
Water,1040,1027,1023,1001,1150,1115,1043,1001,352490.646,3766097.846
Water,1041,1026,1025,1000,1158,1107,1054,1033,352486.478,3766098.708
Water,1041,1026,1025,1000,1158,1107,1054,1033,352487.317,3766097.003
Water,1039,1031,1015,996,1194,1110,1042,1034,352485.249,3766101.333
Water,1040,1035,1022,1003,1184,1146,1053,1021,352479.238,3766102.775
Water,1040,1027,1023,1001,1150,1115,1043,1001,352494.107,3766098.997
Water,1040,1035,1022,1003,1184,1146,1053,1021,352475.837,3766109.786
Water,1041,1026,1025,1000,1158,1107,1054,1033,352487.358,3766098.761
Water,1039,1031,1015,996,1194,1110,1042,1034,352483.692,3766106.215
Water,1037,1033,1013,996,1209,1109,1045,1030,352483.816,3766110.094
Water,1040,1027,1023,1001,1150,1115,1043,1001,352496.175,3766098.031
Water,1038,1030,1019,997,1149,1124,1051,1028,352495.172,3766106.766
Water,1041,1029,1030,1004,1164,1106,1045,1030,352473.941,3766091.088
Water,1038,1030,1019,997,1149,1124,1051,1028,352492.759,3766109.907
Water,1041,1026,1025,1000,1158,1107,1054,1033,352487.073,3766095.456
Water,1037,1033,1013,996,1209,1109,1045,1030,352481.582,3766111.486
Water,1041,1026,1025,1000,1158,1107,1054,1033,352481.839,3766096.177
Water,1039,1031,1015,996,1194,1110,1042,1034,352481.747,3766108.493
Water,1037,1033,1013,996,1209,1109,1045,1030,352489.918,3766112.396
Water,1041,1026,1025,1000,1158,1107,1054,1033,352481.166,3766097.749
Water,1041,1029,1030,1004,1164,1106,1045,1030,352472.908,3766097.645
Water,1039,1031,1015,996,1194,1110,1042,1034,352489.158,3766104.253
Water,1040,1035,1022,1003,1184,1146,1053,1021,352472.969,3766100.366
Water,1041,1029,1030,1004,1164,1106,1045,1030,352476.964,3766094.602
Water,1040,1035,1022,1003,1184,1146,1053,1021,352473.262,3766102.384
Water,1039,1031,1015,996,1194,1110,1042,1034,352482.319,3766102.891
Water,1041,1026,1025,1000,1158,1107,1054,1033,352487.382,3766095.524
Water,1039,1031,1015,996,1194,1110,1042,1034,352483.461,3766103.791
Water,1038,1030,1019,997,1149,1124,1051,1028,352490.669,3766105.254
Water,1049,1019,1029,1008,1166,1110,1039,1042,354135.675,3764279.547
Water,1050,1027,1033,1008,1164,1118,1055,1008,354136.266,3764252.277
Water,1050,1019,1034,1008,1151,1112,1047,1032,354133.050,3764260.519
Water,1046,1033,1024,1003,1182,1145,1055,1016,354161.367,3764241.559
Water,1045,1032,1021,1005,1180,1112,1051,1022,354158.344,3764282.007
Water,1044,1032,1023,1004,1166,1115,1054,1019,354162.575,3764251.464
Water,1052,1030,1034,1007,1163,1121,1041,1010,354128.374,3764256.968
Water,1045,1030,1017,1006,1168,1107,1055,1028,354144.155,3764283.447
Water,1049,1031,1030,1009,1149,1112,1054,1022,354133.207,3764247.306
Water,1043,1021,1024,1009,1178,1110,1042,1028,354158.029,3764268.853
Water,1046,1018,1027,1009,1180,1118,1047,1023,354140.489,3764260.316
Water,1052,1030,1034,1007,1163,1121,1041,1010,354129.697,3764250.366
Water,1051,1024,1036,1007,1173,1122,1047,1054,354126.278,3764268.484
Water,1045,1030,1017,1006,1168,1107,1055,1028,354142.027,3764283.048
Water,1042,1038,1032,1008,1173,1103,1047,1015,354150.584,3764238.474
Water,1042,1029,1028,1008,1169,1083,1043,1033,354156.792,3764251.931
Water,1042,1034,1030,1007,1168,1107,1044,1029,354155.241,3764243.748
Water,1044,1027,1031,1009,1166,1100,1054,1017,354140.877,3764250.737
Water,1042,1038,1032,1008,1173,1103,1047,1015,354154.416,3764238.544
Water,1049,1031,1030,1009,1149,1112,1054,1022,354133.913,3764241.085
Water,1045,1032,1021,1005,1180,1112,1051,1022,354153.715,3764282.784
Water,1042,1038,1032,1008,1173,1103,1047,1015,354156.098,3764239.101
Water,1042,1029,1028,1008,1169,1083,1043,1033,354156.554,3764258.342
Water,1050,1027,1033,1008,1164,1118,1055,1008,354130.608,3764250.604
Water,1050,1019,1034,1008,1151,1112,1047,1032,354137.139,3764260.984
Water,1046,1019,1022,1008,1185,1107,1057,1030,354145.027,3764270.217
Water,1043,1034,1032,1009,1163,1104,1042,1024,354140.385,3764248.244
Water,1042,1034,1030,1007,1168,1107,1044,1029,354153.993,3764248.907
Water,1045,1030,1017,1006,1168,1107,1055,1028,354147.335,3764288.107
Water,1042,1029,1028,1008,1169,1083,1043,1033,354153.606,3764253.833
Water,1051,1032,1031,1007,1148,1139,1052,1008,354129.159,3764243.835
Water,1049,1019,1029,1008,1166,1110,1039,1042,354139.497,3764277.654
Water,1049,1031,1030,1009,1149,1112,1054,1022,354131.707,3764243.062
Water,1047,1028,1018,1008,1174,1119,1030,1025,354135.110,3764286.210
Water,1043,1038,1025,1005,1178,1108,1041,1031,354157.707,3764291.499
Water,1043,1021,1024,1009,1178,1110,1042,1028,354153.198,3764269.008
Water,1042,1038,1032,1008,1173,1103,1047,1015,354158.938,3764239.647
Water,1050,1019,1034,1008,1151,1112,1047,1032,354131.643,3764266.560
Water,1043,1038,1025,1005,1178,1108,1041,1031,354158.346,3764291.366
Water,1052,1030,1034,1007,1163,1121,1041,1010,354127.753,3764257.891
Water,1050,1019,1034,1008,1151,1112,1047,1032,354139.170,3764264.606
Water,1046,1018,1027,1009,1180,1118,1047,1023,354145.119,3764262.066
Water,1043,1021,1024,1009,1178,1110,1042,1028,354159.587,3764263.614
Water,1046,1033,1024,1003,1182,1145,1055,1016,354161.533,3764243.276
Water,1044,1023,1022,1008,1180,1118,1059,1015,354159.537,3764271.063
Water,1045,1032,1021,1005,1180,1112,1051,1022,354156.940,3764285.107
Water,1051,1024,1036,1007,1173,1122,1047,1054,354129.259,3764260.240
Water,1044,1027,1031,1009,1166,1100,1054,1017,354142.434,3764255.241
Water,1049,1019,1029,1008,1166,1110,1039,1042,354137.802,3764276.029
Water,1045,1030,1017,1006,1168,1107,1055,1028,354146.492,3764287.815
Water,1046,1019,1022,1008,1185,1107,1057,1030,354146.394,3764277.373
Water,1042,1034,1030,1007,1168,1107,1044,1029,354150.474,3764245.836
Water,1045,1032,1021,1005,1180,1112,1051,1022,354150.573,3764285.966
Water,1045,1030,1017,1006,1168,1107,1055,1028,354147.981,3764281.190
Water,1045,1030,1017,1006,1168,1107,1055,1028,354141.728,3764281.027
Water,1045,1030,1017,1006,1168,1107,1055,1028,354143.700,3764287.230
Water,1045,1032,1021,1005,1180,1112,1051,1022,354157.717,3764284.685
Water,1043,1021,1024,1009,1178,1110,1042,1028,354152.080,3764262.203
Water,1050,1027,1033,1008,1164,1118,1055,1008,354137.106,3764253.745
Water,1047,1034,1031,1006,1161,1115,1052,1016,354160.149,3764283.893
Water,1044,1027,1031,1009,1166,1100,1054,1017,354149.145,3764253.832
Water,1047,1028,1018,1008,1174,1119,1030,1025,354139.189,3764283.332
Water,1049,1031,1030,1009,1149,1112,1054,1022,354134.102,3764242.029
Water,1048,1029,1026,1008,1169,1112,1059,1033,354129.984,3764239.945
Water,1043,1034,1032,1009,1163,1104,1042,1024,354148.520,3764246.205
Water,1048,1028,1021,1009,1188,1101,1042,1020,354125.568,3764281.896
Water,1043,1038,1025,1005,1178,1108,1041,1031,354159.290,3764292.466
Water,1042,1034,1030,1007,1168,1107,1044,1029,354157.763,3764247.969
Water,1042,1038,1031,1009,1185,1101,1038,1030,354140.704,3764238.913
Water,1049,1023,1032,1007,1190,1112,1059,1034,354126.061,3764274.874
Water,1049,1023,1032,1007,1190,1112,1059,1034,354128.928,3764278.128
Water,1043,1034,1032,1009,1163,1104,1042,1024,354142.681,3764240.876
Water,1042,1029,1028,1008,1169,1083,1043,1033,354151.198,3764256.066
Water,1047,1028,1018,1008,1174,1119,1030,1025,354134.630,3764283.532
Water,1051,1024,1036,1007,1173,1122,1047,1054,354126.853,3764268.168
Water,1046,1019,1022,1008,1185,1107,1057,1030,354142.600,3764272.935
Water,1042,1029,1028,1008,1169,1083,1043,1033,354153.973,3764252.745
Water,1052,1030,1034,1007,1163,1121,1041,1010,354127.634,3764255.378
Water,1043,1021,1024,1009,1178,1110,1042,1028,354159.386,3764263.120
Water,1043,1038,1025,1005,1178,1108,1041,1031,354157.823,3764294.670
Water,1044,1027,1031,1009,1166,1100,1054,1017,354146.902,3764254.755
Water,1051,1024,1036,1007,1173,1122,1047,1054,354127.239,3764263.879
Water,1044,1032,1023,1004,1166,1115,1054,1019,354160.386,3764254.814
Water,1045,1032,1021,1005,1180,1112,1051,1022,354156.205,3764283.923
Water,1049,1023,1032,1007,1190,1112,1059,1034,354129.718,3764270.258
Water,1042,1029,1028,1008,1169,1083,1043,1033,354150.103,3764250.212
Water,1045,1032,1021,1005,1180,1112,1051,1022,354156.013,3764285.760
Water,1042,1038,1031,1009,1185,1101,1038,1030,354145.033,3764239.144
Water,1044,1023,1022,1008,1180,1118,1059,1015,354154.274,3764275.322
Water,1050,1019,1034,1008,1151,1112,1047,1032,354135.444,3764264.229
Water,1046,1018,1027,1009,1180,1118,1047,1023,354148.433,3764261.946
Water,1044,1023,1022,1008,1180,1118,1059,1015,354155.488,3764275.890
Water,1046,1019,1022,1008,1185,1107,1057,1030,354143.821,3764278.177
Water,1050,1019,1034,1008,1151,1112,1047,1032,354131.596,3764268.229
Water,1050,1027,1033,1008,1164,1118,1055,1008,354136.604,3764252.020
Water,1044,1023,1022,1008,1180,1118,1059,1015,354155.497,3764272.398
Water,1043,1021,1024,1009,1178,1110,1042,1028,354157.748,3764267.505
Water,1050,1019,1034,1008,1151,1112,1047,1032,354133.538,3764262.578
Water,1043,1034,1032,1009,1163,1104,1042,1024,354148.382,3764244.250
Water,1043,1034,1032,1009,1163,1104,1042,1024,354149.122,3764249.253
Water,1042,1029,1028,1008,1169,1083,1043,1033,354150.638,3764252.656
Water,1047,1028,1018,1008,1174,1119,1030,1025,354131.308,3764284.514
Water,1048,1028,1021,1009,1188,1101,1042,1020,354126.725,3764282.974
Water,1050,1019,1034,1008,1151,1112,1047,1032,354136.133,3764263.783
Water,1045,1032,1021,1005,1180,1112,1051,1022,354151.245,3764283.658
Water,1045,1032,1021,1005,1180,1112,1051,1022,354151.175,3764280.367
Water,1044,1032,1023,1004,1166,1115,1054,1019,354160.525,3764255.941
Water,1049,1019,1029,1008,1166,1110,1039,1042,354136.060,3764272.678
Water,1050,1027,1033,1008,1164,1118,1055,1008,354135.889,3764259.641
Water,1048,1029,1026,1008,1169,1112,1059,1033,354128.606,3764239.200
Water,1042,1029,1028,1008,1169,1083,1043,1033,354158.993,3764254.492
Water,1046,1019,1022,1008,1185,1107,1057,1030,354142.452,3764277.927
Water,1049,1031,1030,1009,1149,1112,1054,1022,354133.582,3764244.108
Water,1050,1019,1034,1008,1151,1112,1047,1032,354136.338,3764269.936
Water,1051,1024,1036,1007,1173,1122,1047,1054,354127.273,3764262.911
Water,1043,1034,1032,1009,1163,1104,1042,1024,354149.717,3764248.576
Water,1042,1030,1027,1008,1190,1095,1052,1030,354161.326,3764261.959
Water,1043,1021,1024,1009,1178,1110,1042,1028,354158.658,3764260.190
Water,1049,1019,1029,1008,1166,1110,1039,1042,354138.092,3764274.540
Water,1042,1034,1030,1007,1168,1107,1044,1029,354155.770,3764244.180
Water,1044,1027,1031,1009,1166,1100,1054,1017,354147.244,3764250.749
Water,1043,1034,1032,1009,1163,1104,1042,1024,354141.388,3764243.821
Water,1043,1034,1032,1009,1163,1104,1042,1024,354149.940,3764244.025
Water,1046,1033,1024,1003,1182,1145,1055,1016,354162.855,3764244.616
Water,1046,1019,1022,1008,1185,1107,1057,1030,354142.524,3764275.432
Water,1043,1021,1024,1009,1178,1110,1042,1028,354157.385,3764264.312
Water,1042,1034,1030,1007,1168,1107,1044,1029,354150.413,3764245.617
Water,1046,1019,1022,1008,1185,1107,1057,1030,354148.541,3764274.663
Water,1046,1018,1027,1009,1180,1118,1047,1023,354140.180,3764263.944
Water,1043,1038,1025,1005,1178,1108,1041,1031,354159.744,3764290.496
Water,1044,1023,1022,1008,1180,1118,1059,1015,354153.979,3764277.220
Water,1049,1023,1032,1007,1190,1112,1059,1034,354126.456,3764273.665
Water,1045,1030,1017,1006,1168,1107,1055,1028,354143.530,3764285.033
Water,1044,1027,1031,1009,1166,1100,1054,1017,354144.720,3764252.116
Water,1045,1032,1021,1005,1180,1112,1051,1022,354154.636,3764283.066
Water,1043,1031,1029,1008,1185,1113,1030,1026,354160.567,3764276.998
Water,1045,1030,1017,1006,1168,1107,1055,1028,354144.500,3764281.844
Water,1049,1023,1032,1007,1190,1112,1059,1034,354129.035,3764273.474
Water,1043,1038,1025,1005,1178,1108,1041,1031,354158.136,3764292.939
Water,1047,1028,1018,1008,1174,1119,1030,1025,354137.305,3764284.293
Water,1043,1021,1024,1009,1178,1110,1042,1028,354151.688,3764261.655
Water,1043,1021,1024,1009,1178,1110,1042,1028,354153.088,3764267.764
Water,1046,1019,1022,1008,1185,1107,1057,1030,354147.504,3764270.851
Water,1046,1018,1027,1009,1180,1118,1047,1023,354145.965,3764267.783
Water,1046,1019,1022,1008,1185,1107,1057,1030,354147.251,3764279.131
Water,1042,1034,1030,1007,1168,1107,1044,1029,354157.323,3764247.971
Water,1049,1031,1030,1009,1149,1112,1054,1022,354137.662,3764248.937
Water,1050,1019,1034,1008,1151,1112,1047,1032,354133.553,3764263.371
Water,1045,1032,1021,1005,1180,1112,1051,1022,354158.084,3764280.174
Water,1042,1034,1030,1007,1168,1107,1044,1029,354156.187,3764241.469
Water,1045,1019,1025,1027,1223,1219,1067,1020,358232.877,3766507.905
Water,1046,1020,1029,1027,1223,1212,1070,1020,358236.600,3766517.332
Water,1046,1020,1029,1027,1223,1212,1070,1020,358236.888,3766513.431
Water,1045,1019,1025,1027,1223,1219,1067,1020,358238.381,3766502.594
Water,1046,1017,1029,1027,1217,1221,1065,1019,358238.862,3766530.351
Water,1042,1014,1016,1027,1209,1214,1067,1021,358237.108,3766494.463
Water,1046,1018,1029,1027,1207,1217,1066,1019,358238.298,3766527.702
Water,1046,1020,1029,1027,1223,1212,1070,1020,358232.778,3766514.226
Water,1045,1019,1025,1027,1223,1219,1067,1020,358234.621,3766505.930
Water,1045,1023,1022,1026,1187,1205,1078,1020,358243.796,3766514.503
Water,1042,1014,1016,1027,1209,1214,1067,1021,358235.924,3766496.532
Water,1043,1020,1018,1026,1230,1210,1077,1021,358241.158,3766507.976
Water,1047,1014,1030,1026,1183,1234,1066,1020,358226.917,3766521.031
Water,1045,1023,1022,1026,1187,1205,1078,1020,358243.339,3766518.223
Water,1045,1019,1025,1027,1223,1219,1067,1020,358239.660,3766500.682
Water,1042,1014,1016,1027,1209,1214,1067,1021,358237.533,3766494.737
Water,1043,1020,1018,1026,1230,1210,1077,1021,358242.028,3766505.744
Water,1045,1024,1022,1026,1180,1232,1066,1019,358242.911,3766522.445
Water,1045,1019,1025,1027,1223,1219,1067,1020,358232.346,3766506.978
Water,1045,1023,1022,1026,1187,1205,1078,1020,358242.902,3766511.304
Water,1045,1019,1025,1027,1223,1219,1067,1020,358233.232,3766509.763
Water,1046,1020,1029,1027,1223,1212,1070,1020,358232.656,3766511.450
Water,1045,1019,1025,1027,1223,1219,1067,1020,358233.550,3766505.431
Water,1045,1019,1025,1027,1223,1219,1067,1020,358237.628,3766506.814
Water,1046,1018,1029,1027,1207,1217,1066,1019,358234.942,3766521.963
Water,1046,1018,1029,1027,1207,1217,1066,1019,358231.542,3766522.688
Water,1045,1019,1025,1027,1223,1219,1067,1020,358237.044,3766504.816
Water,1046,1018,1029,1027,1207,1217,1066,1019,358230.853,3766522.005
Water,1046,1020,1029,1027,1223,1212,1070,1020,358237.261,3766513.865
Water,1046,1020,1029,1027,1223,1212,1070,1020,358230.055,3766511.024
Water,1046,1020,1029,1027,1223,1212,1070,1020,358232.406,3766512.472
Water,1045,1023,1022,1026,1187,1205,1078,1020,358241.110,3766516.799
Water,1045,1023,1022,1026,1187,1205,1078,1020,358242.094,3766510.284
Water,1046,1018,1029,1027,1207,1217,1066,1019,358238.747,3766524.179
Water,1046,1018,1029,1027,1207,1217,1066,1019,358239.513,3766524.434
Water,1046,1018,1029,1027,1207,1217,1066,1019,358232.927,3766522.970
Water,1046,1018,1029,1027,1207,1217,1066,1019,358237.775,3766528.185
Water,1046,1020,1029,1027,1223,1212,1070,1020,358237.973,3766514.397
Water,1045,1019,1025,1027,1223,1219,1067,1020,358239.389,3766502.095
Water,1045,1023,1022,1026,1187,1205,1078,1020,358243.181,3766517.649
Water,1046,1018,1029,1027,1207,1217,1066,1019,358234.076,3766522.888
Water,1046,1020,1029,1027,1223,1212,1070,1020,358233.334,3766515.912
Water,1046,1018,1029,1027,1207,1217,1066,1019,358235.621,3766523.451
Water,1046,1020,1029,1027,1223,1212,1070,1020,358231.198,3766516.338
Water,1046,1020,1029,1027,1223,1212,1070,1020,358239.270,3766515.439
Water,1045,1019,1025,1027,1223,1219,1067,1020,358238.842,3766501.665
Water,1042,1014,1016,1027,1209,1214,1067,1021,358238.491,3766499.279
Water,1045,1019,1025,1027,1223,1219,1067,1020,358234.847,3766502.306
Water,1046,1020,1029,1027,1223,1212,1070,1020,358239.764,3766515.952
Water,1045,1019,1025,1027,1223,1219,1067,1020,358236.592,3766505.158
Water,1045,1019,1025,1027,1223,1219,1067,1020,358237.492,3766500.550
Water,1046,1018,1029,1027,1207,1217,1066,1019,358232.832,3766521.529
Water,1046,1018,1029,1027,1207,1217,1066,1019,358235.512,3766527.241
Water,1045,1024,1022,1026,1180,1232,1066,1019,358241.582,3766525.875
Water,1045,1019,1025,1027,1223,1219,1067,1020,358239.344,3766504.324
Water,1045,1023,1022,1026,1187,1205,1078,1020,358242.143,3766510.660
Water,1043,1020,1018,1026,1230,1210,1077,1021,358241.768,3766508.673
Water,1045,1023,1022,1026,1187,1205,1078,1020,358243.661,3766519.570
Water,1045,1024,1022,1026,1180,1232,1066,1019,358240.516,3766529.068
Water,1046,1017,1031,1026,1223,1222,1064,1020,358228.995,3766514.730
Water,1042,1014,1016,1027,1209,1214,1067,1021,358236.595,3766497.755
Water,1046,1020,1029,1027,1223,1212,1070,1020,358232.918,3766512.825
Water,1046,1020,1029,1027,1223,1212,1070,1020,358239.669,3766510.971
Water,1046,1018,1029,1027,1207,1217,1066,1019,358233.799,3766526.447
Water,1045,1019,1025,1027,1223,1219,1067,1020,358238.504,3766505.594
Water,1045,1023,1022,1026,1187,1205,1078,1020,358240.435,3766516.914
Water,1046,1018,1029,1027,1207,1217,1066,1019,358231.432,3766522.522
Water,1046,1018,1029,1027,1207,1217,1066,1019,358236.578,3766523.746
Water,1046,1020,1029,1027,1223,1212,1070,1020,358237.308,3766514.836
Water,1046,1020,1029,1027,1223,1212,1070,1020,358235.056,3766512.915
Water,1046,1018,1029,1027,1207,1217,1066,1019,358230.210,3766521.844
Water,1047,1014,1030,1026,1183,1234,1066,1020,358227.719,3766521.474
Water,1045,1019,1025,1027,1223,1219,1067,1020,358238.539,3766501.178
Water,1046,1018,1029,1027,1207,1217,1066,1019,358234.448,3766525.271
Water,1046,1018,1029,1027,1207,1217,1066,1019,358239.006,3766524.809
Water,1046,1017,1031,1026,1223,1222,1064,1020,358227.080,3766518.725
Water,1045,1024,1022,1026,1180,1232,1066,1019,358242.016,3766521.188
Water,1045,1024,1022,1026,1180,1232,1066,1019,358240.307,3766520.335
Water,1045,1019,1025,1027,1223,1219,1067,1020,358235.194,3766503.093
Water,1045,1019,1025,1027,1223,1219,1067,1020,358237.057,3766507.869
Water,1045,1024,1022,1026,1180,1232,1066,1019,358240.566,3766523.854
Water,1045,1024,1022,1026,1180,1232,1066,1019,358240.803,3766526.375
Water,1045,1019,1025,1027,1223,1219,1067,1020,358232.792,3766503.721
Water,1045,1019,1025,1027,1223,1219,1067,1020,358235.185,3766500.713
Water,1046,1020,1029,1027,1223,1212,1070,1020,358235.198,3766511.631
Water,1046,1020,1029,1027,1223,1212,1070,1020,358232.481,3766517.870
Water,1046,1018,1029,1027,1207,1217,1066,1019,358233.362,3766525.576
Water,1046,1020,1029,1027,1223,1212,1070,1020,358231.802,3766512.503
Water,1045,1019,1025,1027,1223,1219,1067,1020,358239.743,3766502.343
Water,1045,1024,1022,1026,1180,1232,1066,1019,358240.132,3766521.690
Water,1046,1017,1031,1026,1223,1222,1064,1020,358229.619,3766516.757
Water,1045,1019,1025,1027,1223,1219,1067,1020,358234.301,3766503.814
Water,1046,1017,1031,1026,1223,1222,1064,1020,358229.288,3766516.181
Water,1046,1020,1029,1027,1223,1212,1070,1020,358233.701,3766511.467
Water,1046,1018,1029,1027,1207,1217,1066,1019,358238.511,3766526.208
Water,1046,1017,1029,1027,1217,1221,1065,1019,358239.298,3766530.850
Water,1042,1014,1016,1027,1209,1214,1067,1021,358238.139,3766499.140
Water,1046,1018,1029,1027,1207,1217,1066,1019,358233.024,3766525.852
Water,1046,1020,1029,1027,1223,1212,1070,1020,358232.236,3766511.278
Water,1046,1017,1031,1026,1223,1222,1064,1020,358228.521,3766518.682
Water,1045,1019,1025,1027,1223,1219,1067,1020,358234.679,3766503.764
Water,1046,1018,1029,1027,1207,1217,1066,1019,358237.130,3766522.736
Water,1046,1020,1029,1027,1223,1212,1070,1020,358239.699,3766513.885
Water,1045,1019,1025,1027,1223,1219,1067,1020,358231.280,3766508.323
Water,1045,1019,1025,1027,1223,1219,1067,1020,358236.987,3766505.871
Water,1043,1020,1018,1026,1230,1210,1077,1021,358240.979,3766503.051
Water,1045,1023,1022,1026,1187,1205,1078,1020,358244.400,3766513.795
Water,1045,1024,1022,1026,1180,1232,1066,1019,358240.152,3766527.060
Water,1045,1023,1022,1026,1187,1205,1078,1020,358244.760,3766515.432
Water,1046,1018,1029,1027,1207,1217,1066,1019,358237.648,3766527.342
Water,1045,1023,1022,1026,1187,1205,1078,1020,358245.320,3766513.292
Water,1046,1020,1029,1027,1223,1212,1070,1020,358233.401,3766510.142
Water,1043,1020,1018,1026,1230,1210,1077,1021,358241.843,3766506.141
Water,1045,1019,1025,1027,1223,1219,1067,1020,358234.296,3766508.108
Water,1046,1020,1029,1027,1223,1212,1070,1020,358237.127,3766518.823
Water,1045,1019,1025,1027,1223,1219,1067,1020,358236.798,3766503.805
Water,1046,1020,1029,1027,1223,1212,1070,1020,358236.370,3766516.248
Water,1046,1020,1029,1027,1223,1212,1070,1020,358232.439,3766511.162
Water,1045,1023,1022,1026,1187,1205,1078,1020,358243.531,3766518.947
Water,1046,1018,1029,1027,1207,1217,1066,1019,358232.108,3766520.229
Water,1045,1024,1022,1026,1180,1232,1066,1019,358240.552,3766528.572
Water,1046,1018,1029,1027,1207,1217,1066,1019,358238.711,3766529.021
Water,1045,1023,1022,1026,1187,1205,1078,1020,358244.354,3766510.620
Water,1045,1019,1025,1027,1223,1219,1067,1020,358237.095,3766500.543
Water,1045,1019,1025,1027,1223,1219,1067,1020,358236.563,3766507.712
Water,1046,1018,1029,1027,1207,1217,1066,1019,358239.046,3766522.276
Water,1045,1023,1022,1026,1187,1205,1078,1020,358240.357,3766518.713
Water,1046,1018,1029,1027,1207,1217,1066,1019,358235.422,3766521.610
Water,1043,1020,1018,1026,1230,1210,1077,1021,358240.837,3766506.144
Water,1045,1023,1022,1026,1187,1205,1078,1020,358240.388,3766519.763
Water,1045,1023,1022,1026,1187,1205,1078,1020,358241.809,3766514.578
Water,1045,1023,1022,1026,1187,1205,1078,1020,358241.979,3766512.066
Water,1045,1019,1025,1027,1223,1219,1067,1020,358238.390,3766502.376
Water,1046,1018,1029,1027,1207,1217,1066,1019,358230.355,3766522.062
Water,1043,1020,1018,1026,1230,1210,1077,1021,358240.397,3766502.838
Water,1043,1020,1018,1026,1230,1210,1077,1021,358242.760,3766507.293
Water,1045,1019,1025,1027,1223,1219,1067,1020,358236.321,3766507.802
Water,1043,1020,1018,1026,1230,1210,1077,1021,358240.900,3766508.894
Water,1045,1019,1025,1027,1223,1219,1067,1020,358234.570,3766508.900
Water,1046,1018,1029,1027,1207,1217,1066,1019,358234.328,3766520.859
Water,1045,1019,1025,1027,1223,1219,1067,1020,358236.010,3766504.186
Water,1045,1019,1025,1027,1223,1219,1067,1020,358237.937,3766504.980
Water,1046,1020,1029,1027,1223,1212,1070,1020,358234.915,3766516.731
Water,1042,1014,1016,1027,1209,1214,1067,1021,358235.749,3766497.917
Water,1046,1018,1029,1027,1207,1217,1066,1019,358234.658,3766522.829
Water,1045,1024,1022,1026,1180,1232,1066,1019,358240.607,3766528.716
Water,1043,1020,1018,1026,1230,1210,1077,1021,358241.724,3766509.407
Water,1046,1018,1029,1027,1207,1217,1066,1019,358236.947,3766527.510
Water,1045,1019,1025,1027,1223,1219,1067,1020,358235.667,3766504.179
Water,1045,1024,1022,1026,1180,1232,1066,1019,358242.087,3766522.673
