class,BAND_1,BAND_2,BAND_3,BAND_4,BAND_5,BAND_6,BAND_7,BAND_8,X,Y
Water,1030,1005,1009,1023,1153,1132,1033,1017,345847.945,3767215.146
Water,1034,1003,1002,1020,1190,1164,1027,991,345789.173,3767282.438
Water,1022,1007,1001,1026,1158,1120,1035,1016,345858.890,3767192.967
Water,1022,1007,1001,1026,1158,1120,1035,1016,345851.426,3767193.352
Water,1023,1001,1009,1024,1213,1191,1042,986,345717.943,3767266.458
Water,1017,999,1004,1027,1142,1128,1012,1003,345871.663,3767157.325
Water,1031,1015,1015,1019,1173,1151,1039,1018,345808.256,3767279.765
Water,1025,1003,1005,1017,1149,1147,1031,999,345819.309,3767186.992
Water,1025,996,1008,1022,1169,1148,1043,990,345778.231,3767244.545
Water,1024,1018,1009,1025,1177,1194,1042,997,345681.275,3767279.529
Water,1026,1003,1015,1019,1162,1120,1035,1006,345894.846,3767271.966
Water,1025,998,1003,1012,1166,1158,1027,993,345752.130,3767250.108
Water,1020,1007,1007,1025,1207,1168,1029,0,345746.061,3767281.839
Water,1024,1001,1009,1021,1224,1191,1039,992,345717.502,3767272.094
Water,1030,1004,1005,1016,1137,1154,1032,996,345851.605,3767235.767
Water,1025,1016,1006,1024,1179,1129,1020,1000,345783.245,3767224.967
Water,1025,1013,999,1018,1168,1131,1020,1014,345810.766,3767259.766
Water,1025,1018,1008,1016,1151,1123,1024,999,345807.464,3767238.471
Water,1022,999,1008,1023,1224,1174,1039,1008,345726.924,3767281.371
Water,1017,1001,1006,1023,1166,1119,1024,1002,345860.786,3767158.185
Water,1030,1003,1012,1025,1134,1144,1043,1013,345852.899,3767265.258
Water,1025,1004,1005,1022,1144,1153,1028,993,345774.513,3767239.446
Water,1017,1001,1006,1023,1166,1119,1024,1002,345860.843,3767151.711
Water,1025,1010,1008,1018,1144,1178,1032,997,345821.734,3767237.619
Water,1024,1004,1012,1020,1138,1138,1035,1005,345862.072,3767218.956
Water,1026,1006,1006,1016,1162,1118,1036,1002,345788.199,3767242.153
Water,1023,1004,1007,1031,1135,1128,1040,998,345884.590,3767245.234
Water,1026,1001,1005,1016,1170,1154,1021,1004,345819.113,3767196.857
Water,1023,1006,996,1023,1149,1153,1040,1006,345823.268,3767255.102
Water,1025,1006,1004,1016,1158,1139,1045,1011,345824.781,3767275.765
Water,1020,1004,1014,1020,1167,1146,1044,989,345875.341,3767220.844
Water,1021,1004,1005,1031,1138,1134,1032,997,345871.374,3767256.202
Water,1029,998,992,1021,1162,1153,1038,998,345776.480,3767283.669
Water,1024,1015,1008,1026,1180,1190,1043,991,345688.750,3767282.857
Water,1024,1004,1002,1017,1184,1138,1034,1017,345767.192,3767223.606
Water,1034,1005,1015,1017,1165,1143,1032,1016,345791.481,3767279.952
Water,1023,1001,998,1023,1131,1136,1037,1009,345830.928,3767182.629
Water,1031,1003,1012,1025,1162,1141,1032,1004,345856.700,3767250.601
Water,1023,1004,1007,1031,1135,1128,1040,998,345885.317,3767249.196
Water,1023,1006,996,1023,1149,1153,1040,1006,345822.604,3767255.003
Water,1024,998,1006,1017,1178,1178,1040,999,345756.405,3767265.753
Water,1022,1006,1005,1018,1171,1137,1035,1008,345879.932,3767196.119
Water,1026,1016,1016,1021,1091,1128,1030,1026,345789.708,3767206.484
Water,1024,1011,1007,1025,1201,1180,1036,1011,345692.293,3767283.800
Water,1017,1000,1006,1020,1149,1126,1032,1009,345869.075,3767138.171
Water,1023,1005,1006,1026,1135,1128,1036,1012,345861.464,3767249.959
Water,1026,1001,1002,1022,1169,1152,1027,997,345738.132,3767244.982
Water,1025,1018,1007,1023,1151,1134,1021,1005,345791.941,3767220.405
Water,1014,997,1007,1026,1152,1148,1027,1006,345878.804,3767148.415
Water,1030,1003,1012,1025,1134,1144,1043,1013,345855.583,3767269.412
Water,1013,1021,1019,1023,1146,1112,1036,1004,347624.025,3766664.042
Water,1016,1021,1014,1017,1113,1096,1029,1013,347669.512,3766770.018
Water,1002,1021,1015,1022,1149,1114,1036,1007,347445.634,3766715.395
Water,1020,1005,1018,1031,1164,1113,1036,1012,347568.446,3766691.349
Water,1007,1018,1022,1024,1122,1113,1012,1014,347603.364,3766725.005
Water,1005,1005,1012,1021,1144,1109,1031,1007,347435.565,3766729.837
Water,1016,1016,1015,1032,1142,1102,1034,1031,347591.247,3766785.075
Water,1014,1012,1007,1022,1139,1115,1020,1000,347465.726,3766778.559
Water,1019,1016,1023,1032,1145,1100,1027,1004,347615.897,3766686.942
Water,1015,1017,1025,1021,1132,1100,1060,1012,347621.501,3766743.144
Water,1015,1024,1014,1016,1146,1089,1029,996,347661.515,3766768.982
Water,1010,1023,1004,1024,1154,1112,1040,1024,347665.789,3766658.879
Water,1009,1025,1007,1024,1151,1123,1035,1019,347652.555,3766640.667
Water,1015,1008,1004,1028,1130,1112,1032,1011,347457.222,3766779.307
Water,1008,1017,1016,1032,1138,1104,1038,1007,347631.883,3766638.817
Water,1008,1028,1019,1028,1144,1122,1028,1014,347453.462,3766686.008
Water,1013,1025,1023,1021,1111,1106,1035,1028,347671.566,3766755.334
Water,1011,1017,1016,1032,1150,1115,1041,1025,347420.372,3766707.649
Water,1016,1022,1019,1024,1142,1083,1040,1021,347664.048,3766757.373
Water,1007,1004,1020,1026,1139,1114,1028,1008,347545.409,3766744.312
Water,1014,1018,1029,1026,1146,1099,1027,1024,347540.062,3766620.954
Water,1017,1023,1023,1025,1129,1110,1037,1015,347528.012,3766655.233
Water,1014,1023,1021,1018,1138,1120,1025,1003,347542.238,3766799.089
Water,1010,1025,1017,1027,1131,1132,1037,1020,347433.618,3766642.869
Water,1016,1023,1005,1027,1118,1115,1019,1016,347448.040,3766637.894
Water,1014,1024,1004,1018,1140,1088,1011,1019,347492.104,3766813.527
Water,1013,1028,1025,1030,1172,1110,1029,1016,347419.502,3766684.364
Water,1013,1032,1013,1032,1159,1123,1028,1023,347680.221,3766649.090
Water,1005,1017,1022,1015,1141,1127,1036,1010,347446.317,3766735.432
Water,1008,1025,1021,1015,1154,1096,1030,1023,347685.078,3766764.436
Water,1005,1018,1019,1033,1146,1133,1032,1021,347505.966,3766618.537
Water,1014,1016,1025,1032,1150,1114,1027,1027,347549.786,3766595.006
Water,1013,1021,1018,1019,1143,1104,1033,1023,347477.180,3766783.315
Water,1008,1014,1027,1019,1144,1106,1015,1011,347460.844,3766801.848
Water,1008,1024,1011,1024,1132,1106,1032,1019,347645.770,3766640.426
Water,1006,1022,1017,1027,1144,1116,1042,1022,347526.931,3766628.599
Water,1006,1006,1017,1025,1133,1104,1032,1023,347581.616,3766665.436
Water,1013,1008,1019,1030,1163,1131,1032,1020,347481.312,3766600.322
Water,1013,1011,1017,1029,1119,1109,1027,1009,347601.208,3766650.283
Water,1015,1006,1016,1021,1138,1100,1037,995,347443.504,3766798.644
Water,1014,1012,1023,1025,1161,1126,1035,1014,347610.649,3766713.961
Water,1011,1019,1023,1029,1155,1112,1043,1009,347576.783,3766720.513
Water,1008,1004,1024,1028,1144,1112,1036,1015,347555.307,3766757.504
Water,1017,1018,1006,1025,1146,1105,1007,1010,347463.905,3766747.045
Water,1013,1020,1025,1024,1134,1090,1035,1014,347561.113,3766786.500
Water,1010,1010,1029,1028,1119,1133,1025,1025,347496.207,3766728.933
Water,1009,1016,1024,1033,1152,1139,1041,1017,347502.208,3766609.807
Water,1014,1018,1008,1018,1144,1108,1023,1023,347513.218,3766834.570
Water,1010,1030,1018,1023,1158,1126,1034,1030,347440.894,3766591.527
Water,1012,1017,1025,1025,1132,1118,1030,1018,347539.158,3766616.785
Water,1019,1025,1015,1031,1127,1117,1033,1003,348355.128,3766828.996
Water,1019,1025,1015,1031,1127,1117,1033,1003,348356.386,3766826.755
Water,1019,1020,1004,1028,1122,1105,1035,1007,348360.152,3766825.939
Water,1018,1028,1014,1033,1167,1109,1040,1018,348358.466,3766832.390
Water,1017,1028,1019,1033,1143,1114,1022,1005,348349.456,3766833.722
Water,1019,1025,1015,1031,1127,1117,1033,1003,348359.602,3766824.988
Water,1019,1025,1015,1031,1127,1117,1033,1003,348359.367,3766828.656
Water,1019,1020,1004,1028,1122,1105,1035,1007,348360.433,3766822.849
Water,1018,1028,1014,1033,1167,1109,1040,1018,348355.762,3766834.702
Water,1019,1025,1015,1031,1127,1117,1033,1003,348359.357,3766829.929
Water,1019,1025,1015,1031,1127,1117,1033,1003,348355.569,3766829.793
Water,1017,1028,1019,1033,1143,1114,1022,1005,348349.096,3766835.091
Water,1019,1020,1004,1028,1122,1105,1035,1007,348360.290,3766827.018
Water,1018,1028,1014,1033,1167,1109,1040,1018,348354.671,3766831.418
Water,1019,1020,1004,1028,1122,1105,1035,1007,348360.476,3766822.585
Water,1019,1025,1015,1031,1127,1117,1033,1003,348358.871,3766827.308
Water,1018,1028,1014,1033,1167,1109,1040,1018,348356.675,3766832.184
Water,1018,1028,1014,1033,1167,1109,1040,1018,348359.001,3766834.160
Water,1019,1025,1015,1031,1127,1117,1033,1003,348355.125,3766828.798
Water,1018,1028,1014,1033,1167,1109,1040,1018,348357.156,3766830.385
Water,1019,1025,1015,1031,1127,1117,1033,1003,348359.746,3766824.218
Water,1018,1028,1014,1033,1167,1109,1040,1018,348354.162,3766830.546
Water,1018,1028,1014,1033,1167,1109,1040,1018,348354.172,3766832.902
Water,1019,1025,1015,1031,1127,1117,1033,1003,348359.465,3766824.203
Water,1018,1028,1014,1033,1167,1109,1040,1018,348355.507,3766831.686
Water,1018,1028,1014,1033,1167,1109,1040,1018,348352.179,3766834.005
Water,1019,1025,1015,1031,1127,1117,1033,1003,348358.396,3766828.566
Water,1019,1025,1015,1031,1127,1117,1033,1003,348357.010,3766829.624
Water,1018,1028,1014,1033,1167,1109,1040,1018,348355.237,3766833.033
Water,1018,1028,1014,1033,1167,1109,1040,1018,348353.447,3766833.163
Water,1017,1028,1019,1033,1143,1114,1022,1005,348348.410,3766834.493
Water,1020,1021,1005,1031,1174,1111,1042,1018,348360.255,3766831.118
Water,1019,1025,1015,1031,1127,1117,1033,1003,348354.701,3766829.200
Water,1018,1028,1014,1033,1167,1109,1040,1018,348352.120,3766833.078
Water,1019,1025,1015,1031,1127,1117,1033,1003,348359.415,3766828.473
Water,1019,1020,1004,1028,1122,1105,1035,1007,348360.133,3766827.146
Water,1018,1028,1014,1033,1167,1109,1040,1018,348359.453,3766833.418
Water,1018,1028,1014,1033,1167,1109,1040,1018,348354.619,3766834.674
Water,1018,1028,1014,1033,1167,1109,1040,1018,348351.704,3766833.427
Water,1018,1028,1014,1033,1167,1109,1040,1018,348353.993,3766832.604
Water,1018,1028,1014,1033,1167,1109,1040,1018,348352.324,3766834.080
Water,1018,1028,1014,1033,1167,1109,1040,1018,348350.883,3766831.987
Water,1019,1025,1015,1031,1127,1117,1033,1003,348357.130,3766829.283
Water,1017,1028,1019,1033,1143,1114,1022,1005,348347.736,3766835.731
Water,1019,1020,1004,1028,1122,1105,1035,1007,348360.084,3766828.504
Water,1018,1028,1014,1033,1167,1109,1040,1018,348350.438,3766832.386
Water,1018,1028,1014,1033,1167,1109,1040,1018,348354.429,3766831.742
Water,1019,1025,1015,1031,1127,1117,1033,1003,348358.858,3766826.792
Water,1018,1028,1014,1033,1167,1109,1040,1018,348351.920,3766831.133
Water,1019,1025,1015,1031,1127,1117,1033,1003,348358.596,3766825.209
Water,1011,1013,1017,1026,1166,1125,1047,1008,348559.205,3766727.881
Water,1008,1014,1018,1027,1171,1119,1035,1009,348564.156,3766728.677
Water,1008,1014,1018,1027,1171,1119,1035,1009,348563.874,3766728.433
Water,1008,1014,1018,1027,1171,1119,1035,1009,348562.271,3766729.397
Water,1008,1014,1018,1027,1171,1119,1035,1009,348563.616,3766728.554
Water,1008,1014,1018,1027,1171,1119,1035,1009,348563.183,3766729.006
Water,1008,1014,1018,1027,1171,1119,1035,1009,348560.324,3766727.837
Water,1008,1014,1018,1027,1171,1119,1035,1009,348562.493,3766729.337
Water,1008,1014,1018,1027,1171,1119,1035,1009,348561.393,3766729.249
Water,1011,1013,1017,1026,1166,1125,1047,1008,348558.799,3766729.332
Water,1008,1014,1018,1027,1171,1119,1035,1009,348560.901,3766727.865
Water,1008,1014,1018,1027,1171,1119,1035,1009,348563.181,3766728.787
Water,1011,1013,1017,1026,1166,1125,1047,1008,348559.540,3766726.841
Water,1008,1014,1018,1027,1171,1119,1035,1009,348561.364,3766727.565
Water,1008,1014,1018,1027,1171,1119,1035,1009,348561.839,3766728.216
Water,1008,1014,1018,1027,1171,1119,1035,1009,348560.943,3766726.746
Water,1008,1014,1018,1027,1171,1119,1035,1009,348560.946,3766726.898
Water,1008,1014,1018,1027,1171,1119,1035,1009,348560.175,3766728.554
Water,1011,1013,1017,1026,1166,1125,1047,1008,348558.985,3766729.577
Water,1008,1014,1018,1027,1171,1119,1035,1009,348561.332,3766727.599
Water,1008,1014,1018,1027,1171,1119,1035,1009,348560.900,3766728.322
Water,1011,1013,1017,1026,1166,1125,1047,1008,348559.396,3766727.230
Water,1008,1014,1018,1027,1171,1119,1035,1009,348560.051,3766727.412
Water,1011,1013,1017,1026,1166,1125,1047,1008,348559.526,3766726.647
Water,1011,1013,1017,1026,1166,1125,1047,1008,348559.278,3766727.757
Water,1011,1013,1017,1026,1166,1125,1047,1008,348559.627,3766728.184
Water,1008,1014,1018,1027,1171,1119,1035,1009,348562.816,3766726.688
Water,1008,1014,1018,1027,1171,1119,1035,1009,348563.551,3766728.092
Water,1008,1014,1018,1027,1171,1119,1035,1009,348562.691,3766726.870
Water,1008,1014,1018,1027,1171,1119,1035,1009,348561.889,3766728.344
Water,1008,1014,1018,1027,1171,1119,1035,1009,348562.305,3766729.346
Water,1008,1014,1018,1027,1171,1119,1035,1009,348561.220,3766728.033
Water,1008,1014,1018,1027,1171,1119,1035,1009,348562.149,3766728.657
Water,1008,1014,1018,1027,1171,1119,1035,1009,348563.150,3766728.945
Water,1008,1014,1018,1027,1171,1119,1035,1009,348561.801,3766728.154
Water,1008,1014,1018,1027,1171,1119,1035,1009,348562.856,3766728.619
Water,1008,1014,1018,1027,1171,1119,1035,1009,348562.048,3766726.575
Water,1008,1014,1018,1027,1171,1119,1035,1009,348563.796,3766727.756
Water,1008,1014,1018,1027,1171,1119,1035,1009,348562.499,3766728.720
Water,1008,1014,1018,1027,1171,1119,1035,1009,348562.776,3766727.854
Water,1008,1014,1018,1027,1171,1119,1035,1009,348561.912,3766729.026
Water,1008,1014,1018,1027,1171,1119,1035,1009,348563.444,3766726.641
Water,1008,1014,1018,1027,1171,1119,1035,1009,348560.913,3766727.096
Water,1008,1014,1018,1027,1171,1119,1035,1009,348560.252,3766728.794
Water,1011,1013,1017,1026,1166,1125,1047,1008,348559.095,3766728.295
Water,1008,1014,1018,1027,1171,1119,1035,1009,348563.118,3766729.526
Water,1011,1013,1017,1026,1166,1125,1047,1008,348559.803,3766729.399
Water,1011,1013,1017,1026,1166,1125,1047,1008,348558.961,3766729.249
Water,1008,1014,1018,1027,1171,1119,1035,1009,348563.451,3766726.941
Water,1008,1014,1018,1027,1171,1119,1035,1009,348561.445,3766728.501
Water,1012,1026,1023,1020,1136,1115,1041,1027,348619.986,3766790.642
Water,1009,1013,1019,1021,1147,1115,1056,1024,348620.004,3766790.634
Water,1012,1026,1023,1020,1136,1115,1041,1027,348619.966,3766790.484
Water,1012,1026,1023,1020,1136,1115,1041,1027,348619.961,3766790.499
Water,1012,1026,1023,1020,1136,1115,1041,1027,348619.895,3766790.501
Water,1012,1026,1023,1020,1136,1115,1041,1027,348619.902,3766790.524
Water,1012,1026,1023,1020,1136,1115,1041,1027,348619.866,3766790.597
Water,1009,1013,1019,1021,1147,1115,1056,1024,348620.009,3766790.508
Water,1012,1026,1023,1020,1136,1115,1041,1027,348619.927,3766790.583
Water,1012,1026,1023,1020,1136,1115,1041,1027,348619.998,3766790.514
Water,1012,1026,1023,1020,1136,1115,1041,1027,348619.877,3766790.501
Water,1012,1026,1023,1020,1136,1115,1041,1027,348619.925,3766790.477
Water,1009,1013,1019,1021,1147,1115,1056,1024,348620.030,3766790.547
Water,1009,1013,1019,1021,1147,1115,1056,1024,348620.025,3766790.624
Water,1012,1026,1023,1020,1136,1115,1041,1027,348619.999,3766790.521
Water,1009,1013,1019,1021,1147,1115,1056,1024,348620.016,3766790.613
Water,1012,1026,1023,1020,1136,1115,1041,1027,348619.853,3766790.609
Water,1012,1026,1023,1020,1136,1115,1041,1027,348619.972,3766790.595
Water,1012,1026,1023,1020,1136,1115,1041,1027,348619.968,3766790.645
Water,1009,1013,1019,1021,1147,1115,1056,1024,348620.022,3766790.521
Water,1012,1026,1023,1020,1136,1115,1041,1027,348619.902,3766790.598
Water,1009,1013,1019,1021,1147,1115,1056,1024,348620.041,3766790.525
Water,1012,1026,1023,1020,1136,1115,1041,1027,348619.951,3766790.618
Water,1012,1026,1023,1020,1136,1115,1041,1027,348619.937,3766790.488
Water,1012,1026,1023,1020,1136,1115,1041,1027,348619.947,3766790.572
Water,1012,1026,1023,1020,1136,1115,1041,1027,348619.934,3766790.497
Water,1012,1026,1023,1020,1136,1115,1041,1027,348619.968,3766790.617
Water,1012,1026,1023,1020,1136,1115,1041,1027,348619.878,3766790.526
Water,1012,1026,1023,1020,1136,1115,1041,1027,348619.941,3766790.636
Water,1009,1013,1019,1021,1147,1115,1056,1024,348620.046,3766790.564
Water,1012,1026,1023,1020,1136,1115,1041,1027,348619.939,3766790.558
Water,1012,1026,1023,1020,1136,1115,1041,1027,348619.951,3766790.649
Water,1012,1026,1023,1020,1136,1115,1041,1027,348619.958,3766790.490
Water,1012,1026,1023,1020,1136,1115,1041,1027,348619.936,3766790.597
Water,1012,1026,1023,1020,1136,1115,1041,1027,348619.964,3766790.644
Water,1012,1026,1023,1020,1136,1115,1041,1027,348619.974,3766790.486
Water,1012,1026,1023,1020,1136,1115,1041,1027,348619.919,3766790.538
Water,1012,1026,1023,1020,1136,1115,1041,1027,348619.955,3766790.591
Water,1012,1026,1023,1020,1136,1115,1041,1027,348619.915,3766790.490
Water,1012,1026,1023,1020,1136,1115,1041,1027,348619.861,3766790.601
Water,1012,1026,1023,1020,1136,1115,1041,1027,348619.928,3766790.624
Water,1012,1026,1023,1020,1136,1115,1041,1027,348619.984,3766790.507
Water,1012,1026,1023,1020,1136,1115,1041,1027,348619.860,3766790.509
Water,1009,1013,1019,1021,1147,1115,1056,1024,348620.002,3766790.554
Water,1012,1026,1023,1020,1136,1115,1041,1027,348619.912,3766790.568
Water,1012,1026,1023,1020,1136,1115,1041,1027,348619.944,3766790.590
Water,1012,1026,1023,1020,1136,1115,1041,1027,348619.910,3766790.509
Water,1012,1026,1023,1020,1136,1115,1041,1027,348619.953,3766790.653
Water,1012,1026,1023,1020,1136,1115,1041,1027,348619.861,3766790.580
Water,1012,1026,1023,1020,1136,1115,1041,1027,348619.932,3766790.503
Water,1030,1007,1028,1033,1151,1191,1034,1028,348872.333,3767210.094
Water,1028,1009,1026,1035,1141,1189,1046,1021,348871.936,3767209.975
Water,1030,1007,1028,1033,1151,1191,1034,1028,348872.671,3767210.354
Water,1030,1007,1028,1033,1151,1191,1034,1028,348872.193,3767210.049
Water,1030,1007,1028,1033,1151,1191,1034,1028,348873.233,3767210.355
Water,1028,1009,1026,1035,1141,1189,1046,1021,348873.226,3767209.800
Water,1030,1007,1028,1033,1151,1191,1034,1028,348872.971,3767210.422
Water,1030,1007,1028,1033,1151,1191,1034,1028,348873.123,3767210.578
Water,1030,1007,1028,1033,1151,1191,1034,1028,348871.842,3767210.030
Water,1028,1009,1026,1035,1141,1189,1046,1021,348872.658,3767209.832
Water,1030,1007,1028,1033,1151,1191,1034,1028,348872.451,3767210.293
Water,1030,1007,1028,1033,1151,1191,1034,1028,348873.244,3767210.040
Water,1030,1007,1028,1033,1151,1191,1034,1028,348872.989,3767210.312
Water,1028,1009,1026,1035,1141,1189,1046,1021,348872.279,3767209.815
Water,1028,1009,1026,1035,1141,1189,1046,1021,348873.108,3767209.959
Water,1028,1009,1026,1035,1141,1189,1046,1021,348872.142,3767209.933
Water,1030,1007,1028,1033,1151,1191,1034,1028,348871.900,3767210.026
Water,1030,1007,1028,1033,1151,1191,1034,1028,348872.931,3767210.477
Water,1028,1009,1026,1035,1141,1189,1046,1021,348872.885,3767209.956
Water,1030,1007,1028,1033,1151,1191,1034,1028,348872.821,3767210.354
Water,1028,1009,1026,1035,1141,1189,1046,1021,348871.693,3767209.554
Water,1030,1007,1028,1033,1151,1191,1034,1028,348872.516,3767210.470
Water,1028,1009,1026,1035,1141,1189,1046,1021,348871.995,3767209.724
Water,1028,1009,1026,1035,1141,1189,1046,1021,348872.650,3767209.869
Water,1028,1009,1026,1035,1141,1189,1046,1021,348871.926,3767209.681
Water,1030,1007,1028,1033,1151,1191,1034,1028,348872.679,3767210.176
Water,1030,1007,1028,1033,1151,1191,1034,1028,348873.267,3767210.005
Water,1028,1009,1026,1035,1141,1189,1046,1021,348872.024,3767209.838
Water,1030,1007,1028,1033,1151,1191,1034,1028,348872.069,3767210.048
Water,1028,1009,1026,1035,1141,1189,1046,1021,348871.676,3767209.948
Water,1030,1007,1028,1033,1151,1191,1034,1028,348872.279,3767210.148
Water,1030,1007,1028,1033,1151,1191,1034,1028,348873.096,3767210.594
Water,1030,1007,1028,1033,1151,1191,1034,1028,348872.807,3767210.008
Water,1030,1007,1028,1033,1151,1191,1034,1028,348872.637,3767210.184
Water,1030,1007,1028,1033,1151,1191,1034,1028,348873.145,3767210.342
Water,1028,1009,1026,1035,1141,1189,1046,1021,348872.118,3767209.971
Water,1028,1009,1026,1035,1141,1189,1046,1021,348872.293,3767209.940
Water,1028,1009,1026,1035,1141,1189,1046,1021,348872.402,3767209.865
Water,1028,1009,1026,1035,1141,1189,1046,1021,348871.718,3767209.865
Water,1028,1009,1026,1035,1141,1189,1046,1021,348871.812,3767209.710
Water,1028,1009,1026,1035,1141,1189,1046,1021,348872.169,3767209.900
Water,1028,1009,1026,1035,1141,1189,1046,1021,348872.729,3767209.844
Water,1030,1007,1028,1033,1151,1191,1034,1028,348872.509,3767210.475
Water,1030,1007,1028,1033,1151,1191,1034,1028,348872.144,3767210.114
Water,1028,1009,1026,1035,1141,1189,1046,1021,348871.831,3767209.775
Water,1030,1007,1028,1033,1151,1191,1034,1028,348872.684,3767210.473
Water,1028,1009,1026,1035,1141,1189,1046,1021,348873.258,3767209.906
Water,1028,1009,1026,1035,1141,1189,1046,1021,348872.931,3767209.950
Water,1030,1007,1028,1033,1151,1191,1034,1028,348872.285,3767210.470
Water,1028,1009,1026,1035,1141,1189,1046,1021,348872.626,3767209.986
Water,1044,1012,1023,1047,1194,1216,1055,1008,348965.348,3767206.450
Water,1044,1012,1023,1047,1194,1216,1055,1008,348967.508,3767206.179
Water,1044,1012,1023,1047,1194,1216,1055,1008,348966.093,3767208.149
Water,1044,1012,1023,1047,1194,1216,1055,1008,348964.262,3767205.703
Water,1044,1012,1023,1047,1194,1216,1055,1008,348965.377,3767205.414
Water,1044,1012,1023,1047,1194,1216,1055,1008,348966.844,3767205.512
Water,1044,1012,1023,1047,1194,1216,1055,1008,348963.896,3767208.297
Water,1044,1012,1023,1047,1194,1216,1055,1008,348966.489,3767205.643
Water,1044,1012,1023,1047,1194,1216,1055,1008,348965.414,3767204.510
Water,1044,1012,1023,1047,1194,1216,1055,1008,348967.244,3767207.105
Water,1044,1012,1023,1047,1194,1216,1055,1008,348967.315,3767207.105
Water,1044,1012,1023,1047,1194,1216,1055,1008,348964.219,3767206.244
Water,1044,1012,1023,1047,1194,1216,1055,1008,348966.418,3767206.810
Water,1044,1012,1023,1047,1194,1216,1055,1008,348964.306,3767207.136
Water,1044,1012,1023,1047,1194,1216,1055,1008,348966.192,3767206.772
Water,1044,1012,1023,1047,1194,1216,1055,1008,348964.627,3767206.744
Water,1044,1012,1023,1047,1194,1216,1055,1008,348966.418,3767205.344
Water,1044,1012,1023,1047,1194,1216,1055,1008,348964.940,3767207.620
Water,1044,1012,1023,1047,1194,1216,1055,1008,348964.218,3767204.922
Water,1044,1012,1023,1047,1194,1216,1055,1008,348963.842,3767205.289
Water,1044,1012,1023,1047,1194,1216,1055,1008,348965.006,3767205.671
Water,1044,1012,1023,1047,1194,1216,1055,1008,348965.538,3767206.187
Water,1044,1012,1023,1047,1194,1216,1055,1008,348965.385,3767205.925
Water,1044,1012,1023,1047,1194,1216,1055,1008,348965.030,3767207.749
Water,1044,1012,1023,1047,1194,1216,1055,1008,348963.253,3767207.851
Water,1044,1012,1023,1047,1194,1216,1055,1008,348965.997,3767205.547
Water,1044,1012,1023,1047,1194,1216,1055,1008,348967.372,3767205.983
Water,1044,1012,1023,1047,1194,1216,1055,1008,348964.094,3767206.430
Water,1044,1012,1023,1047,1194,1216,1055,1008,348964.123,3767207.730
Water,1044,1012,1023,1047,1194,1216,1055,1008,348963.240,3767206.837
Water,1044,1012,1023,1047,1194,1216,1055,1008,348964.573,3767208.259
Water,1044,1012,1023,1047,1194,1216,1055,1008,348962.885,3767206.694
Water,1044,1012,1023,1047,1194,1216,1055,1008,348965.897,3767205.214
Water,1044,1012,1023,1047,1194,1216,1055,1008,348962.754,3767206.984
Water,1044,1012,1023,1047,1194,1216,1055,1008,348964.029,3767206.855
Water,1044,1012,1023,1047,1194,1216,1055,1008,348967.563,3767207.171
Water,1044,1012,1023,1047,1194,1216,1055,1008,348967.457,3767207.943
Water,1044,1012,1023,1047,1194,1216,1055,1008,348967.336,3767207.673
Water,1044,1012,1023,1047,1194,1216,1055,1008,348966.330,3767207.989
Water,1044,1012,1023,1047,1194,1216,1055,1008,348966.668,3767206.025
Water,1044,1012,1023,1047,1194,1216,1055,1008,348963.296,3767206.716
Water,1044,1012,1023,1047,1194,1216,1055,1008,348963.552,3767206.021
Water,1044,1012,1023,1047,1194,1216,1055,1008,348967.357,3767205.362
Water,1044,1012,1023,1047,1194,1216,1055,1008,348967.111,3767205.997
Water,1044,1012,1023,1047,1194,1216,1055,1008,348967.083,3767208.339
Water,1044,1012,1023,1047,1194,1216,1055,1008,348966.134,3767205.256
Water,1044,1012,1023,1047,1194,1216,1055,1008,348964.060,3767205.820
Water,1044,1012,1023,1047,1194,1216,1055,1008,348964.815,3767207.846
Water,1044,1012,1023,1047,1194,1216,1055,1008,348967.329,3767205.571
Water,1044,1012,1023,1047,1194,1216,1055,1008,348965.106,3767205.575
Water,1035,1013,1007,1035,1186,1185,1049,1016,349478.820,3767251.556
Water,1033,1011,1006,1033,1192,1179,1048,1009,349477.341,3767246.306
Water,1033,1011,1006,1033,1192,1179,1048,1009,349479.383,3767247.798
Water,1035,1013,1007,1035,1186,1185,1049,1016,349476.281,3767252.643
Water,1035,1013,1007,1035,1186,1185,1049,1016,349479.365,3767251.799
Water,1035,1013,1007,1035,1186,1185,1049,1016,349474.785,3767250.997
Water,1035,1013,1007,1035,1186,1185,1049,1016,349474.333,3767253.165
Water,1035,1013,1007,1035,1186,1185,1049,1016,349474.407,3767252.015
Water,1033,1011,1006,1033,1192,1179,1048,1009,349476.194,3767245.709
Water,1033,1011,1006,1033,1192,1179,1048,1009,349474.984,3767245.971
Water,1035,1013,1007,1035,1186,1185,1049,1016,349478.877,3767250.916
Water,1035,1013,1007,1035,1186,1185,1049,1016,349473.995,3767252.046
Water,1033,1011,1006,1033,1192,1179,1048,1009,349479.117,3767245.597
Water,1035,1013,1007,1035,1186,1185,1049,1016,349478.193,3767251.063
Water,1035,1013,1007,1035,1186,1185,1049,1016,349475.624,3767252.797
Water,1035,1013,1007,1035,1186,1185,1049,1016,349479.417,3767251.092
Water,1033,1011,1006,1033,1192,1179,1048,1009,349476.177,3767247.083
Water,1033,1011,1006,1033,1192,1179,1048,1009,349477.453,3767246.046
Water,1035,1013,1007,1035,1186,1185,1049,1016,349476.411,3767251.989
Water,1033,1011,1006,1033,1192,1179,1048,1009,349477.085,3767246.937
Water,1033,1011,1006,1033,1192,1179,1048,1009,349476.011,3767247.758
Water,1033,1011,1006,1033,1192,1179,1048,1009,349475.076,3767246.462
Water,1035,1013,1007,1035,1186,1185,1049,1016,349474.825,3767251.197
Water,1033,1011,1006,1033,1192,1179,1048,1009,349478.945,3767247.691
Water,1033,1011,1006,1033,1192,1179,1048,1009,349475.682,3767247.440
Water,1035,1013,1007,1035,1186,1185,1049,1016,349477.589,3767250.377
Water,1033,1011,1006,1033,1192,1179,1048,1009,349474.300,3767248.929
Water,1033,1011,1006,1033,1192,1179,1048,1009,349479.353,3767247.533
Water,1033,1011,1006,1033,1192,1179,1048,1009,349475.971,3767247.385
Water,1035,1013,1007,1035,1186,1185,1049,1016,349474.713,3767253.116
Water,1033,1011,1006,1033,1192,1179,1048,1009,349477.180,3767249.685
Water,1035,1013,1007,1035,1186,1185,1049,1016,349479.547,3767250.477
Water,1035,1013,1007,1035,1186,1185,1049,1016,349474.795,3767250.744
Water,1033,1011,1006,1033,1192,1179,1048,1009,349478.720,3767247.731
Water,1035,1013,1007,1035,1186,1185,1049,1016,349474.750,3767250.402
Water,1035,1013,1007,1035,1186,1185,1049,1016,349475.839,3767253.337
Water,1035,1013,1007,1035,1186,1185,1049,1016,349474.080,3767253.496
Water,1033,1011,1006,1033,1192,1179,1048,1009,349477.704,3767249.879
Water,1035,1013,1007,1035,1186,1185,1049,1016,349477.244,3767250.406
Water,1033,1011,1006,1033,1192,1179,1048,1009,349477.218,3767246.965
Water,1035,1013,1007,1035,1186,1185,1049,1016,349473.779,3767251.351
Water,1033,1011,1006,1033,1192,1179,1048,1009,349477.416,3767246.305
Water,1035,1013,1007,1035,1186,1185,1049,1016,349478.297,3767250.494
Water,1035,1013,1007,1035,1186,1185,1049,1016,349477.062,3767252.549
Water,1033,1011,1006,1033,1192,1179,1048,1009,349474.668,3767249.967
Water,1033,1011,1006,1033,1192,1179,1048,1009,349476.148,3767249.179
Water,1033,1011,1006,1033,1192,1179,1048,1009,349474.986,3767245.972
Water,1035,1013,1007,1035,1186,1185,1049,1016,349476.011,3767252.525
Water,1035,1013,1007,1035,1186,1185,1049,1016,349474.714,3767252.785
Water,1033,1011,1006,1033,1192,1179,1048,1009,349475.220,3767247.693
Water,1035,1026,1021,1038,1221,1221,1072,1024,353362.563,3767349.106
Water,1035,1026,1021,1038,1221,1221,1072,1024,353364.331,3767348.680
Water,1035,1026,1021,1038,1221,1221,1072,1024,353366.962,3767347.315
Water,1035,1026,1021,1038,1221,1221,1072,1024,353364.757,3767345.351
Water,1035,1026,1021,1038,1221,1221,1072,1024,353360.262,3767346.494
Water,1035,1026,1021,1038,1221,1221,1072,1024,353360.970,3767344.939
Water,1035,1026,1021,1038,1221,1221,1072,1024,353367.053,3767346.585
Water,1035,1026,1021,1038,1221,1221,1072,1024,353361.991,3767345.886
Water,1035,1026,1021,1038,1221,1221,1072,1024,353365.647,3767346.777
Water,1035,1026,1021,1038,1221,1221,1072,1024,353361.894,3767346.150
Water,1035,1026,1021,1038,1221,1221,1072,1024,353363.853,3767345.655
Water,1035,1026,1021,1038,1221,1221,1072,1024,353362.396,3767346.633
Water,1035,1026,1021,1038,1221,1221,1072,1024,353366.669,3767345.777
Water,1035,1026,1021,1038,1221,1221,1072,1024,353365.512,3767348.903
Water,1035,1026,1021,1038,1221,1221,1072,1024,353360.445,3767349.045
Water,1035,1026,1021,1038,1221,1221,1072,1024,353365.313,3767348.965
Water,1035,1026,1021,1038,1221,1221,1072,1024,353361.004,3767348.976
Water,1035,1026,1021,1038,1221,1221,1072,1024,353364.728,3767345.318
Water,1035,1026,1021,1038,1221,1221,1072,1024,353363.876,3767348.065
Water,1039,1022,1025,1042,1226,1221,1071,1019,353359.181,3767346.421
Water,1039,1022,1025,1042,1226,1221,1071,1019,353359.092,3767348.961
Water,1039,1022,1025,1042,1226,1221,1071,1019,353359.975,3767345.067
Water,1035,1026,1021,1038,1221,1221,1072,1024,353363.147,3767348.781
Water,1035,1026,1021,1038,1221,1221,1072,1024,353361.515,3767347.885
Water,1035,1026,1021,1038,1221,1221,1072,1024,353366.508,3767345.434
Water,1035,1026,1021,1038,1221,1221,1072,1024,353366.498,3767345.579
Water,1035,1026,1021,1038,1221,1221,1072,1024,353363.535,3767348.289
Water,1035,1026,1021,1038,1221,1221,1072,1024,353366.204,3767347.282
Water,1039,1022,1025,1042,1226,1221,1071,1019,353359.163,3767346.415
Water,1035,1026,1021,1038,1221,1221,1072,1024,353363.185,3767347.262
Water,1035,1026,1021,1038,1221,1221,1072,1024,353360.035,3767345.780
Water,1039,1022,1025,1042,1226,1221,1071,1019,353359.790,3767347.514
Water,1035,1026,1021,1038,1221,1221,1072,1024,353363.090,3767346.835
Water,1035,1026,1021,1038,1221,1221,1072,1024,353360.223,3767347.495
Water,1035,1026,1021,1038,1221,1221,1072,1024,353362.654,3767347.070
Water,1039,1022,1025,1042,1226,1221,1071,1019,353359.102,3767347.749
Water,1035,1026,1021,1038,1221,1221,1072,1024,353362.038,3767347.683
Water,1035,1026,1021,1038,1221,1221,1072,1024,353362.331,3767346.907
Water,1035,1026,1021,1038,1221,1221,1072,1024,353365.486,3767348.229
Water,1035,1026,1021,1038,1221,1221,1072,1024,353364.791,3767348.030
Water,1035,1026,1021,1038,1221,1221,1072,1024,353366.595,3767345.333
Water,1035,1026,1021,1038,1221,1221,1072,1024,353360.019,3767345.272
Water,1035,1026,1021,1038,1221,1221,1072,1024,353361.590,3767346.117
Water,1035,1026,1021,1038,1221,1221,1072,1024,353363.251,3767345.064
Water,1035,1026,1021,1038,1221,1221,1072,1024,353366.353,3767347.989
Water,1035,1026,1021,1038,1221,1221,1072,1024,353366.066,3767348.022
Water,1035,1026,1021,1038,1221,1221,1072,1024,353363.063,3767348.385
Water,1035,1026,1021,1038,1221,1221,1072,1024,353364.865,3767346.936
Water,1035,1026,1021,1038,1221,1221,1072,1024,353366.626,3767346.113
Water,1035,1026,1021,1038,1221,1221,1072,1024,353360.170,3767345.164
Water,1060,1046,1047,1066,1383,1366,1103,1033,352738.931,3767591.795
Water,1060,1046,1047,1066,1383,1366,1103,1033,352738.462,3767592.109
Water,1060,1046,1047,1066,1383,1366,1103,1033,352738.155,3767591.992
Water,1060,1046,1047,1066,1383,1366,1103,1033,352739.135,3767592.612
Water,1060,1046,1047,1066,1383,1366,1103,1033,352739.213,3767592.101
Water,1060,1046,1047,1066,1383,1366,1103,1033,352738.766,3767591.903
Water,1060,1046,1047,1066,1383,1366,1103,1033,352738.377,3767592.035
Water,1060,1046,1047,1066,1383,1366,1103,1033,352739.159,3767591.642
Water,1060,1046,1047,1066,1383,1366,1103,1033,352739.101,3767592.729
Water,1060,1046,1047,1066,1383,1366,1103,1033,352739.271,3767592.170
Water,1060,1046,1047,1066,1383,1366,1103,1033,352738.678,3767591.591
Water,1060,1046,1047,1066,1383,1366,1103,1033,352738.148,3767592.530
Water,1060,1046,1047,1066,1383,1366,1103,1033,352738.856,3767592.128
Water,1060,1046,1047,1066,1383,1366,1103,1033,352739.172,3767592.703
Water,1060,1046,1047,1066,1383,1366,1103,1033,352738.112,3767592.046
Water,1060,1046,1047,1066,1383,1366,1103,1033,352738.592,3767592.204
Water,1060,1046,1047,1066,1383,1366,1103,1033,352739.022,3767592.467
Water,1060,1046,1047,1066,1383,1366,1103,1033,352739.196,3767591.638
Water,1060,1046,1047,1066,1383,1366,1103,1033,352739.016,3767592.233
Water,1060,1046,1047,1066,1383,1366,1103,1033,352738.171,3767592.385
Water,1060,1046,1047,1066,1383,1366,1103,1033,352738.714,3767592.622
Water,1060,1046,1047,1066,1383,1366,1103,1033,352738.440,3767592.555
Water,1060,1046,1047,1066,1383,1366,1103,1033,352738.287,3767592.303
Water,1060,1046,1047,1066,1383,1366,1103,1033,352738.930,3767592.082
Water,1060,1046,1047,1066,1383,1366,1103,1033,352738.403,3767591.886
Water,1060,1046,1047,1066,1383,1366,1103,1033,352738.408,3767591.774
Water,1060,1046,1047,1066,1383,1366,1103,1033,352739.070,3767591.792
Water,1060,1046,1047,1066,1383,1366,1103,1033,352738.184,3767591.996
Water,1060,1046,1047,1066,1383,1366,1103,1033,352738.592,3767592.504
Water,1060,1046,1047,1066,1383,1366,1103,1033,352739.434,3767591.796
Water,1060,1046,1047,1066,1383,1366,1103,1033,352738.096,3767591.722
Water,1060,1046,1047,1066,1383,1366,1103,1033,352738.432,3767591.898
Water,1060,1046,1047,1066,1383,1366,1103,1033,352738.645,3767591.931
Water,1060,1046,1047,1066,1383,1366,1103,1033,352738.124,3767591.811
Water,1060,1046,1047,1066,1383,1366,1103,1033,352738.600,3767592.239
Water,1060,1046,1047,1066,1383,1366,1103,1033,352738.155,3767592.502
Water,1060,1046,1047,1066,1383,1366,1103,1033,352738.570,3767592.572
Water,1060,1046,1047,1066,1383,1366,1103,1033,352738.639,3767591.982
Water,1060,1046,1047,1066,1383,1366,1103,1033,352738.147,3767592.250
Water,1060,1046,1047,1066,1383,1366,1103,1033,352739.092,3767592.203
Water,1060,1046,1047,1066,1383,1366,1103,1033,352739.161,3767592.040
Water,1060,1046,1047,1066,1383,1366,1103,1033,352738.821,3767591.911
Water,1060,1046,1047,1066,1383,1366,1103,1033,352739.126,3767591.927
Water,1060,1046,1047,1066,1383,1366,1103,1033,352739.173,3767592.331
Water,1060,1046,1047,1066,1383,1366,1103,1033,352738.943,3767591.740
Water,1060,1046,1047,1066,1383,1366,1103,1033,352738.411,3767591.776
Water,1060,1046,1047,1066,1383,1366,1103,1033,352738.496,3767592.437
Water,1060,1046,1047,1066,1383,1366,1103,1033,352738.137,3767592.436
Water,1060,1046,1047,1066,1383,1366,1103,1033,352739.147,3767592.387
Water,1060,1046,1047,1066,1383,1366,1103,1033,352739.161,3767591.962
Urban,3431,4067,4256,3540,4192,4392,4544,5116,354550.985,3768073.508
Urban,3372,4008,3776,3292,1838,2126,2125,4464,354547.617,3768044.057
Urban,3188,3721,3414,2932,1424,1714,1650,3876,354552.486,3768045.435
Urban,3432,3960,4124,3507,3912,4492,4208,4772,354540.467,3768073.280
Urban,3335,3580,3431,3185,2734,2772,2972,3740,354527.648,3768061.619
Urban,3554,4282,4433,3697,5304,5428,5548,6192,354559.015,3768064.953
Urban,3573,3926,3945,3581,3812,4264,4144,4680,354527.087,3768055.694
Urban,3135,3544,3354,2793,1867,2138,2204,4212,354568.156,3768051.335
Urban,2868,3050,2821,2321,1494,1621,1654,2796,354559.815,3768038.476
Urban,3372,4008,3776,3292,1838,2126,2125,4464,354548.462,3768048.351
Urban,3147,3515,3392,2922,1641,2096,1930,3613,354530.595,3768037.936
Urban,3591,4359,4250,3717,3242,3422,3687,4827,354549.214,3768051.179
Urban,3335,3580,3431,3185,2734,2772,2972,3740,354522.060,3768060.322
Urban,3591,4359,4250,3717,3242,3422,3687,4827,354540.929,3768056.961
Urban,3545,4099,4097,3583,3044,3230,3386,4531,354534.079,3768046.417
Urban,3417,4132,3951,3391,2626,3392,2948,4959,354553.305,3768057.487
Urban,3254,3567,3424,3142,1852,2068,2196,2870,354538.155,3768073.000
Urban,3480,3902,3851,3486,2954,3012,3260,4090,354536.625,3768066.437
Urban,3135,3544,3354,2793,1867,2138,2204,4212,354565.867,3768055.293
Urban,3431,4067,4256,3540,4192,4392,4544,5116,354550.630,3768072.373
Urban,3573,3926,3945,3581,3812,4264,4144,4680,354526.159,3768057.561
Urban,3545,4099,4097,3583,3044,3230,3386,4531,354531.622,3768045.946
Urban,3656,4228,4250,3771,3676,4196,4212,4996,354530.497,3768054.630
Urban,3554,4282,4433,3697,5304,5428,5548,6192,354559.659,3768067.930
Urban,3135,3544,3354,2793,1867,2138,2204,4212,354561.152,3768054.600
Urban,3554,4282,4433,3697,5304,5428,5548,6192,354552.622,3768066.409
Urban,3545,4099,4097,3583,3044,3230,3386,4531,354535.938,3768045.655
Urban,3545,4099,4097,3583,3044,3230,3386,4531,354534.738,3768049.334
Urban,3147,3515,3392,2922,1641,2096,1930,3613,354535.515,3768039.085
Urban,3335,3580,3431,3185,2734,2772,2972,3740,354529.444,3768068.861
Urban,3311,3924,3851,3221,2756,2748,3014,4735,354566.322,3768064.948
Urban,3188,3721,3414,2932,1424,1714,1650,3876,354550.162,3768042.255
Urban,3591,4359,4250,3717,3242,3422,3687,4827,354541.066,3768055.124
Urban,3250,3888,3818,3242,1850,2340,2262,3875,354566.187,3768075.728
Urban,3656,4228,4250,3771,3676,4196,4212,4996,354532.355,3768059.383
Urban,3135,3544,3354,2793,1867,2138,2204,4212,354561.828,3768051.835
Urban,2956,3221,3012,2510,1471,1677,1636,3276,354540.080,3768038.440
Urban,3554,4282,4433,3697,5304,5428,5548,6192,354551.058,3768060.279
Urban,3480,3902,3851,3486,2954,3012,3260,4090,354530.021,3768066.436
Urban,3372,4008,3776,3292,1838,2126,2125,4464,354540.502,3768043.331
Urban,3135,3544,3354,2793,1867,2138,2204,4212,354565.832,3768050.030
Urban,3432,3960,4124,3507,3912,4492,4208,4772,354549.616,3768075.055
Urban,3135,3544,3354,2793,1867,2138,2204,4212,354560.905,3768058.605
Urban,3480,3902,3851,3486,2954,3012,3260,4090,354530.352,3768068.721
Urban,3311,3924,3851,3221,2756,2748,3014,4735,354565.770,3768065.101
Urban,2956,3221,3012,2510,1471,1677,1636,3276,354547.302,3768037.628
Urban,3543,3924,3956,3534,4040,4424,4287,4876,354527.119,3768046.751
Urban,2993,3237,3010,2504,1520,1677,1734,2681,354568.637,3768044.588
Urban,3543,3924,3956,3534,4040,4424,4287,4876,354526.917,3768048.218
Urban,3591,4359,4250,3717,3242,3422,3687,4827,354543.417,3768059.461
Urban,2379,3086,2754,2108,1491,1584,1614,2947,354875.059,3768441.396
Urban,2480,3157,2892,2315,2382,2454,2434,2902,354877.372,3768426.005
Urban,2648,3377,3174,2507,2258,2458,2516,3432,354830.930,3768437.675
Urban,2571,3093,2854,2428,2260,2340,2354,2937,354862.798,3768417.038
Urban,2628,3305,3081,2522,2100,2426,2360,3250,354837.285,3768440.314
Urban,2515,3394,3191,2186,1462,1844,1646,4152,354850.131,3768436.690
Urban,2407,3247,2899,2163,1423,1492,1497,3452,354861.264,3768436.183
Urban,2613,3285,3119,2436,1844,2174,2132,3822,354830.483,3768429.249
Urban,2515,3394,3191,2186,1462,1844,1646,4152,354855.632,3768439.557
Urban,2413,3282,2896,2127,1209,1392,1312,3851,354867.210,3768449.034
Urban,2648,3377,3174,2507,2258,2458,2516,3432,354830.921,3768434.496
Urban,2511,2833,2698,2313,2082,2350,2228,2758,354844.669,3768409.841
Urban,2628,3305,3081,2522,2100,2426,2360,3250,354839.834,3768443.812
Urban,2460,3184,2885,2263,2004,2266,2107,3030,354861.330,3768429.264
Urban,2513,3242,3039,2196,1787,1896,1933,3131,354857.262,3768421.471
Urban,2595,3438,3283,2301,1630,1869,1791,4108,354844.891,3768437.728
Urban,2460,3184,2885,2263,2004,2266,2107,3030,354864.574,3768420.961
Urban,2480,3157,2892,2315,2382,2454,2434,2902,354873.456,3768425.991
Urban,2480,3157,2892,2315,2382,2454,2434,2902,354874.826,3768422.611
Urban,2513,3242,3039,2196,1787,1896,1933,3131,354854.743,3768426.019
Urban,2544,3443,3253,2278,1390,1730,1547,4189,354853.503,3768447.723
Urban,2522,2965,2819,2266,1567,1788,1730,3010,354846.301,3768416.804
Urban,2523,3026,2916,2308,1606,1746,1806,3501,354836.697,3768415.108
Urban,2515,3394,3191,2186,1462,1844,1646,4152,354852.094,3768434.250
Urban,2613,3285,3119,2436,1844,2174,2132,3822,354830.538,3768421.341
Urban,2612,3146,2928,2460,2052,2206,2220,3567,354872.522,3768417.254
Urban,2538,2987,2798,2306,1800,1792,1908,2609,354859.708,3768416.047
Urban,2595,3438,3283,2301,1630,1869,1791,4108,354842.614,3768430.751
Urban,2612,3146,2928,2460,2052,2206,2220,3567,354872.663,3768417.985
Urban,2613,3285,3119,2436,1844,2174,2132,3822,354833.695,3768425.962
Urban,2613,3285,3119,2436,1844,2174,2132,3822,354836.960,3768427.659
Urban,2407,3247,2899,2163,1423,1492,1497,3452,354862.991,3768436.506
Urban,2616,3450,3314,2410,2100,2306,2260,3909,354848.573,3768441.628
Urban,2379,3086,2754,2108,1491,1584,1614,2947,354870.943,3768443.801
Urban,2544,3443,3253,2278,1390,1730,1547,4189,354858.393,3768444.514
Urban,2612,3146,2928,2460,2052,2206,2220,3567,354876.375,3768416.177
Urban,2628,3305,3081,2522,2100,2426,2360,3250,354833.523,3768444.405
Urban,2515,3394,3191,2186,1462,1844,1646,4152,354853.984,3768438.173
Urban,2538,2987,2798,2306,1800,1792,1908,2609,354855.532,3768411.503
Urban,2480,3157,2892,2315,2382,2454,2434,2902,354874.432,3768425.520
Urban,2413,3282,2896,2127,1209,1392,1312,3851,354869.709,3768447.222
Urban,2571,3093,2854,2428,2260,2340,2354,2937,354860.169,3768416.723
Urban,2403,3137,2833,2197,1948,2090,2112,2888,354874.717,3768436.777
Urban,2413,3282,2896,2127,1209,1392,1312,3851,354862.434,3768441.218
Urban,2407,3247,2899,2163,1423,1492,1497,3452,354863.435,3768438.800
Urban,2522,2965,2819,2266,1567,1788,1730,3010,354847.408,3768412.901
Urban,2628,3305,3081,2522,2100,2426,2360,3250,354835.666,3768443.810
Urban,2648,3377,3174,2507,2258,2458,2516,3432,354830.454,3768436.258
Urban,2515,3394,3191,2186,1462,1844,1646,4152,354855.794,3768434.385
Urban,2480,3157,2892,2315,2382,2454,2434,2902,354872.463,3768428.771
Urban,2701,3102,2781,1968,1269,1416,1456,3125,357367.699,3769574.352
Urban,2628,2820,2668,2112,1445,1616,1697,3100,357364.418,3769532.283
Urban,2636,3158,2869,2162,1238,1463,1389,3761,357337.045,3769556.988
Urban,2698,2790,2566,1914,1309,1486,1562,2785,357341.273,3769490.481
Urban,2444,2825,2689,1996,1280,1448,1336,3297,357330.734,3769510.284
Urban,2444,2825,2689,1996,1280,1448,1336,3297,357330.586,3769513.777
Urban,3327,2982,2732,2377,1538,1698,1963,3243,357332.963,3769471.104
Urban,2514,2841,2626,2230,1808,1970,2094,2452,357397.854,3769555.466
Urban,2415,2741,2531,1869,1272,1510,1381,3052,357356.811,3769538.518
Urban,3044,3332,3079,2722,1562,1910,1938,3500,357421.885,3769476.352
Urban,2627,3020,2732,1937,1376,1586,1629,3253,357367.066,3769563.966
Urban,3093,3245,3071,2713,2382,2618,2674,3577,357426.384,3769455.150
Urban,2817,2953,2829,2481,2166,2332,2478,3475,357389.396,3769534.228
Urban,2689,2925,2751,2057,1186,1402,1364,2992,357353.979,3769494.615
Urban,2511,2923,2732,2004,1239,1425,1387,2899,357347.805,3769548.750
Urban,2589,2788,2632,2354,2192,2542,2656,3086,357398.397,3769542.686
Urban,2661,3154,2820,1973,1194,1396,1372,3425,357379.414,3769573.715
Urban,3100,3274,3064,2775,1904,2050,2174,3132,357402.445,3769467.277
Urban,2415,2741,2531,1869,1272,1510,1381,3052,357358.219,3769538.257
Urban,3159,3271,3089,2681,1580,1901,1969,3272,357357.348,3769457.022
Urban,2398,2882,2662,2037,1530,1826,1584,3063,357333.049,3769520.735
Urban,2661,3154,2820,1973,1194,1396,1372,3425,357373.033,3769574.246
Urban,3159,3271,3089,2681,1580,1901,1969,3272,357352.616,3769454.787
Urban,2612,2889,2762,2008,1438,1734,1910,2838,357351.349,3769559.415
Urban,2973,3275,3034,2849,2354,2492,2544,3209,357412.055,3769486.685
Urban,3178,3516,3508,3210,1938,2234,2404,3140,357390.270,3769479.436
Urban,2628,2820,2668,2112,1445,1616,1697,3100,357369.267,3769534.459
Urban,2606,2768,2617,2041,1364,1489,1506,3204,357363.510,3769540.800
Urban,2939,3205,3020,2822,1652,2010,2088,2818,357394.993,3769502.541
Urban,3274,3016,2821,2391,1465,1774,1956,3154,357341.451,3769478.017
Urban,3274,3016,2821,2391,1465,1774,1956,3154,357348.325,3769479.197
Urban,2624,3196,2923,2061,1404,1684,1682,3895,357388.363,3769573.124
Urban,2762,2891,2767,2316,1697,1951,2110,2803,357379.547,3769539.810
Urban,2354,2857,2641,1931,1396,1596,1580,3021,357402.096,3769569.691
Urban,2837,2765,2545,2073,1392,1620,1735,2865,357339.763,3769491.458
Urban,2432,2978,2700,2087,1746,2056,2024,3299,357333.612,3769530.528
Urban,3327,2982,2732,2377,1538,1698,1963,3243,357336.251,3769473.830
Urban,2398,2882,2662,2037,1530,1826,1584,3063,357335.992,3769522.550
Urban,2939,3205,3020,2822,1652,2010,2088,2818,357398.458,3769503.809
Urban,2698,2790,2566,1914,1309,1486,1562,2785,357342.595,3769498.542
Urban,2589,2788,2632,2354,2192,2542,2656,3086,357396.562,3769546.361
Urban,2772,3039,3100,2823,1902,1864,2068,2412,357407.611,3769517.562
Urban,3328,3812,3799,3680,4716,4752,4564,5364,357383.930,3769460.613
Urban,2826,2959,2890,2601,1963,2238,2396,2656,357393.026,3769529.480
Urban,2899,3288,3254,2723,2228,2528,2687,2979,357378.892,3769497.795
Urban,3278,3801,3825,3580,4116,3886,4000,4868,357388.877,3769473.291
Urban,3356,3418,3237,2937,2334,2388,2597,3597,357354.913,3769467.279
Urban,2968,2873,2664,2105,1364,1532,1587,2910,357340.353,3769481.369
Urban,3356,3418,3237,2937,2334,2388,2597,3597,357355.165,3769461.360
Urban,2872,3375,3356,3070,4160,4356,4472,5053,357414.706,3769505.438
Urban,2692,2988,2788,2167,1547,1678,1785,2743,356761.093,3771551.959
Urban,2800,2793,2705,2447,2098,2372,2584,3100,356766.171,3771500.421
Urban,3204,3246,3190,2887,1854,2228,2848,3359,356723.970,3771549.018
Urban,3089,3396,3318,2734,2082,2502,3016,3801,356733.382,3771513.036
Urban,3017,2989,2962,2694,1626,1944,2022,2966,356731.294,3771553.852
Urban,2858,2874,2840,2443,1960,2214,2178,2766,356766.185,3771528.865
Urban,3144,3211,3008,2730,1612,1936,2180,3199,356742.751,3771536.783
Urban,3004,3446,3206,2296,1436,1625,1636,3895,356719.023,3771514.387
Urban,2688,2910,2751,2172,1704,1842,1879,2684,356763.033,3771549.349
Urban,3029,3456,3329,2566,1648,1918,1992,3436,356729.281,3771512.616
Urban,2800,2793,2705,2447,2098,2372,2584,3100,356766.839,3771508.748
Urban,3089,3396,3318,2734,2082,2502,3016,3801,356735.320,3771514.495
Urban,2967,3562,3274,2557,1866,2152,2128,3723,356732.869,3771490.300
Urban,3217,3409,3186,2744,2020,2278,2581,3163,356715.516,3771540.251
Urban,3168,3213,3209,2778,1884,2230,2771,3347,356726.139,3771537.648
Urban,3075,3492,3271,2402,1596,1819,2060,3615,356702.779,3771478.363
Urban,2967,3562,3274,2557,1866,2152,2128,3723,356735.835,3771494.973
Urban,3058,3741,3330,2384,1596,1865,2025,4168,356714.009,3771489.243
Urban,3025,3009,2943,2669,2296,2520,2498,2954,356756.950,3771506.490
Urban,3025,3009,2943,2669,2296,2520,2498,2954,356753.411,3771500.351
Urban,2989,3731,3357,2459,1544,1771,1850,4344,356720.900,3771490.614
Urban,3168,3213,3209,2778,1884,2230,2771,3347,356726.636,3771538.320
Urban,3183,3265,3174,2801,2020,2524,3179,3984,356744.631,3771511.742
Urban,3019,3112,2894,2563,1766,1912,2144,3277,356758.229,3771537.588
Urban,3102,3268,3102,2530,2020,2274,2362,3485,356710.884,3771532.757
Urban,3103,3099,3050,2798,1958,2294,2742,3236,356735.308,3771542.710
Urban,3042,3718,3367,2494,1473,1702,1838,4176,356698.863,3771551.383
Urban,2903,2963,2861,2581,1904,2150,2381,2714,356751.947,3771495.278
Urban,2800,2793,2705,2447,2098,2372,2584,3100,356769.562,3771505.531
Urban,3174,3543,3260,2393,1576,1766,1966,3898,356696.766,3771499.472
Urban,3144,3211,3008,2730,1612,1936,2180,3199,356746.667,3771537.633
Urban,3127,3170,3001,2712,2040,2408,3078,3623,356754.766,3771525.959
Urban,3019,3112,2894,2563,1766,1912,2144,3277,356758.788,3771534.401
Urban,3217,3409,3186,2744,2020,2278,2581,3163,356715.222,3771541.846
Urban,3145,3488,3141,2340,1530,1772,2024,3460,356691.223,3771514.857
Urban,3029,3456,3329,2566,1648,1918,1992,3436,356722.683,3771511.020
Urban,2986,3684,3306,2401,1582,1818,1894,3907,356694.724,3771542.447
Urban,3043,3457,3143,2221,1480,1708,1794,3642,356707.382,3771518.422
Urban,3019,3485,3320,2646,1783,2050,2317,3578,356738.009,3771501.561
Urban,2980,3234,3066,2642,2100,2334,2506,3143,356745.167,3771498.543
Urban,3070,3361,3210,2408,1540,1790,1917,3518,356690.310,3771473.986
Urban,3070,3361,3210,2408,1540,1790,1917,3518,356695.151,3771476.480
Urban,3069,3510,3178,2314,1538,1824,1946,3577,356690.216,3771523.204
Urban,3102,3268,3102,2530,2020,2274,2362,3485,356719.337,3771539.399
Urban,3167,3184,3145,2856,2034,2508,3286,3928,356726.997,3771552.166
Urban,3168,3213,3209,2778,1884,2230,2771,3347,356720.533,3771534.978
Urban,3233,3310,3144,2838,1840,2302,3519,3975,356747.291,3771522.702
Urban,3217,3409,3186,2744,2020,2278,2581,3163,356712.411,3771547.413
Urban,2777,2905,2667,2267,1648,1830,1861,2824,356753.145,3771541.498
Urban,3204,3246,3190,2887,1854,2228,2848,3359,356720.155,3771548.037
Urban,2230,2687,2529,1997,1770,1957,1915,2662,357922.953,3767951.179
Urban,2957,3609,3198,2274,1300,1434,1399,3723,357924.375,3767910.759
Urban,2365,2901,2626,1708,1193,1370,1362,3516,357868.091,3767899.835
Urban,2336,2668,2561,2068,1689,1932,2040,2899,357936.559,3767959.239
Urban,2719,3516,3219,2165,1348,1582,1567,4296,357901.961,3767925.138
Urban,1859,2363,1999,1477,1184,1261,1253,2493,357878.353,3767862.468
Urban,1859,2363,1999,1477,1184,1261,1253,2493,357871.055,3767868.452
Urban,3364,3780,3414,2594,1682,2000,2274,4284,357908.686,3767915.861
Urban,3686,3651,3366,2635,1910,2328,2554,4400,357921.740,3767891.747
Urban,2893,3191,2820,2135,1484,1591,1666,2933,357942.356,3767884.321
Urban,2827,3388,3014,2214,1456,1725,1869,3961,357946.243,3767906.880
Urban,2428,2813,2461,1693,1276,1432,1388,2939,357871.879,3767883.947
Urban,2455,3077,2827,1924,1238,1392,1353,3213,357929.533,3767928.943
Urban,2476,2710,2405,1764,1206,1341,1270,2653,357884.482,3767874.171
Urban,2622,3712,3296,2065,1309,1616,1532,4603,357891.384,3767924.603
Urban,1606,1898,1746,1327,1147,1258,1179,1830,357855.096,3767841.212
Urban,2821,3408,3062,2153,1475,1761,1906,3832,357853.236,3767923.649
Urban,2918,3772,3288,2142,1330,1598,1516,3662,357881.399,3767910.397
Urban,2632,3106,2775,1810,1320,1536,1506,3535,357871.666,3767891.223
Urban,4061,3822,3577,2914,2340,2724,3026,4429,357918.391,3767898.098
Urban,3218,3143,2891,2294,1638,1852,2046,3326,357938.779,3767880.791
Urban,2622,3712,3296,2065,1309,1616,1532,4603,357896.848,3767924.251
Urban,2336,2668,2561,2068,1689,1932,2040,2899,357937.410,3767955.731
Urban,2800,3088,2856,2045,1339,1548,1535,3396,357855.713,3767940.594
Urban,2428,2813,2461,1693,1276,1432,1388,2939,357874.108,3767883.640
Urban,3129,3634,3204,2189,1406,1568,1616,3335,357886.560,3767904.694
Urban,2953,3190,2860,2139,1719,1924,2104,3450,357849.968,3767939.455
Urban,2667,3286,3015,2240,1621,1894,2133,4589,357961.075,3767882.004
Urban,2582,2226,2189,1806,1300,1522,1576,2465,357910.256,3767869.152
Urban,4039,3794,3555,2860,2009,2506,2830,4264,357906.879,3767890.909
Urban,1660,1995,1899,1367,1262,1263,1244,2007,357877.922,3767848.703
Urban,2957,3609,3198,2274,1300,1434,1399,3723,357929.620,3767914.862
Urban,2717,3485,3130,1931,1282,1505,1554,3521,357879.765,3767903.713
Urban,2376,2612,2501,1845,1368,1665,1726,3140,357849.548,3767895.935
Urban,2228,2583,2460,1888,1256,1510,1665,2499,357936.577,3767941.690
Urban,2216,3308,2960,1804,1200,1374,1312,3720,357876.796,3767935.384
Urban,2292,3217,2913,1875,1232,1398,1332,3591,357901.953,3767930.882
Urban,2500,3520,3125,1972,1258,1428,1336,4508,357867.639,3767928.530
Urban,2148,2645,2471,1834,1120,1239,1362,2032,357927.444,3767942.766
Urban,2170,2578,2447,1750,1107,1216,1294,2383,357939.257,3767937.945
Urban,2316,2781,2667,1906,1569,1878,1930,4112,357964.832,3767876.084
Urban,2825,3405,2994,2241,1428,1653,1824,3812,357959.571,3767893.475
Urban,3159,3812,3336,2351,1592,1722,1901,3843,357899.600,3767914.933
Urban,2285,2054,1905,1623,1207,1248,1268,1619,357934.455,3767867.904
Urban,2336,2668,2561,2068,1689,1932,2040,2899,357938.251,3767951.469
Urban,2515,3751,3290,1982,1304,1580,1408,4752,357885.353,3767920.627
Urban,2424,2074,1966,1704,1318,1457,1570,2150,357926.952,3767863.168
Urban,2700,2451,2299,1919,1371,1578,1735,2246,357934.364,3767876.131
Urban,2552,3352,3068,1891,1205,1382,1363,3806,357861.373,3767909.646
Urban,2046,2884,2527,1634,1112,1246,1171,2797,357892.035,3767941.830
Urban,2376,2909,2823,2157,1514,1954,1652,3511,356189.218,3767851.722
Urban,2015,2952,2710,1716,1236,1385,1292,3375,356213.103,3767781.697
Urban,1930,2294,2120,1665,1159,1317,1210,2332,356195.799,3767826.745
Urban,2477,2631,2415,1837,1210,1303,1296,2110,356230.543,3767883.493
Urban,2646,3089,2764,2534,2056,2192,2812,3668,356218.902,3767877.703
Urban,2263,2584,2406,2083,1304,1355,1374,2271,356300.799,3767892.197
Urban,2678,3262,3150,2559,1764,1976,2332,3188,356300.460,3767856.660
Urban,1975,2647,2363,1679,1279,1433,1338,2554,356182.830,3767804.668
Urban,1975,2459,2215,1701,1399,1526,1542,2413,356189.151,3767812.428
Urban,2079,2542,2385,1824,1703,1938,1876,2438,356255.681,3767789.353
Urban,2646,3089,2764,2534,2056,2192,2812,3668,356215.285,3767871.489
Urban,2379,3108,2919,1973,1269,1499,1524,3145,356202.241,3767768.731
Urban,1883,2232,2059,1620,1231,1371,1292,2258,356207.765,3767826.543
Urban,2550,2802,2650,2095,1326,1525,1612,2412,356220.930,3767875.349
Urban,1826,2485,2271,1485,1190,1304,1250,2810,356215.686,3767807.935
Urban,2062,2993,2705,1809,1215,1464,1390,3099,356237.298,3767774.734
Urban,2392,2803,2542,2220,1274,1393,1415,2605,356194.439,3767865.059
Urban,1819,2399,2255,1498,1300,1346,1295,2620,356222.429,3767802.096
Urban,2525,3350,3155,2235,1244,1628,1345,3160,356279.567,3767886.223
Urban,2255,2843,2722,1887,1246,1391,1409,3358,356284.143,3767853.742
Urban,1977,2457,2311,1659,1181,1231,1189,2534,356261.575,3767800.959
Urban,1975,2647,2363,1679,1279,1433,1338,2554,356186.971,3767807.066
Urban,2170,2634,2409,1925,1753,1942,1996,2836,356248.706,3767835.475
Urban,2122,2860,2661,1866,1264,1484,1380,2841,356178.970,3767794.814
Urban,2271,2904,2558,1923,1254,1570,1367,3518,356281.822,3767831.205
Urban,2066,2428,2332,1849,1321,1404,1406,1902,356220.019,3767839.030
Urban,1837,2340,2223,1531,1174,1278,1207,2314,356239.198,3767802.857
Urban,2138,2820,2558,1936,1232,1469,1390,3294,356259.745,3767863.719
Urban,2079,2542,2385,1824,1703,1938,1876,2438,356255.499,3767787.399
Urban,2195,2656,2415,1906,1530,1781,1696,2572,356252.853,3767838.649
Urban,2014,2397,2224,1811,1509,1722,1664,2730,356204.411,3767830.288
Urban,2423,3239,2993,2135,1329,1469,1532,3094,356265.751,3767882.630
Urban,2393,2746,2658,2213,1966,2306,2242,3273,356232.644,3767843.547
Urban,2237,3122,2809,1828,1197,1388,1330,3567,356189.165,3767773.852
Urban,2694,3326,3155,2471,2446,2488,2686,3653,356280.969,3767890.059
Urban,2465,3016,2617,2456,1414,1804,1730,3001,356206.025,3767866.941
Urban,2023,2397,2236,1827,1458,1511,1570,2148,356219.556,3767835.845
Urban,2471,2872,2659,2081,1447,1639,1622,3226,356312.109,3767825.153
Urban,2283,2827,2757,2080,1411,1687,1552,3281,356183.072,3767849.372
Urban,1927,2347,2206,1627,1204,1260,1219,2427,356258.942,3767801.574
Urban,2291,2774,2768,1958,1554,1666,1786,3067,356287.902,3767874.682
Urban,2537,3023,2853,2322,1798,1955,1950,3476,356298.970,3767890.242
Urban,2023,2397,2236,1827,1458,1511,1570,2148,356211.440,3767834.513
Urban,2318,2717,2471,2235,1371,1430,1656,2029,356300.676,3767882.807
Urban,1955,2387,2218,1626,1171,1351,1304,2405,356251.734,3767819.722
Urban,2471,2872,2659,2081,1447,1639,1622,3226,356310.388,3767825.237
Urban,2448,2914,2678,2075,1526,1794,1601,3045,356301.219,3767821.266
Urban,2646,3089,2764,2534,2056,2192,2812,3668,356211.032,3767871.360
Urban,2048,3038,2787,1726,1227,1409,1245,3455,356208.643,3767785.799
Urban,2376,2909,2823,2157,1514,1954,1652,3511,356189.028,3767859.273
Urban,2367,2492,2393,1992,1326,1384,1477,2241,358189.790,3768489.122
Urban,2487,2643,2510,2052,1547,1730,1883,3152,358210.082,3768500.804
Urban,2266,2831,2575,1989,1363,1687,1558,3386,358249.771,3768449.216
Urban,2333,2512,2374,2091,1634,1959,1893,3306,358169.800,3768466.413
Urban,2513,2740,2527,2094,1439,1637,1709,3125,358227.189,3768513.876
Urban,2448,2536,2343,2048,1540,1631,1717,2483,358218.940,3768529.470
Urban,2326,2520,2440,2050,1712,1952,1890,3081,358176.291,3768451.787
Urban,2568,2794,2764,2325,1527,1763,1792,2674,358208.199,3768443.889
Urban,2414,2715,2499,2080,1583,1882,1871,3272,358151.367,3768488.622
Urban,2350,2849,2625,2028,1266,1495,1452,3065,358247.405,3768457.682
Urban,2493,2568,2421,2075,1307,1378,1442,1829,358204.419,3768524.022
Urban,2500,2653,2687,2263,1688,1965,1946,3014,358204.041,3768469.545
Urban,2523,2681,2544,2223,1511,1788,1707,2684,358184.403,3768507.928
Urban,2513,2740,2527,2094,1439,1637,1709,3125,358222.650,3768518.786
Urban,2523,2681,2544,2223,1511,1788,1707,2684,358180.281,3768502.845
Urban,2266,2831,2575,1989,1363,1687,1558,3386,358246.310,3768440.919
Urban,2419,2694,2527,1974,1586,1802,1966,3073,358241.424,3768477.891
Urban,2303,2499,2459,2003,1545,1650,1617,2387,358179.265,3768434.706
Urban,2545,2885,2674,2211,1588,1804,1844,3229,358231.147,3768455.968
Urban,2487,2643,2510,2052,1547,1730,1883,3152,358214.760,3768506.142
Urban,2470,2748,2603,2113,1463,1590,1608,2348,358194.074,3768447.211
Urban,2455,2609,2597,2167,1364,1502,1544,2581,358206.726,3768473.937
Urban,2380,2612,2423,2016,1789,2052,2180,2990,358181.096,3768451.048
Urban,2353,2529,2338,1988,1714,1874,1982,2520,358182.643,3768465.579
Urban,2367,2492,2393,1992,1326,1384,1477,2241,358180.140,3768488.320
Urban,2118,2331,2317,1895,1640,1794,1871,2433,358145.599,3768512.251
Urban,2367,2492,2393,1992,1326,1384,1477,2241,358180.862,3768486.187
Urban,2500,2652,2547,2130,1768,2098,2382,2985,358207.154,3768503.735
Urban,2333,2512,2374,2091,1634,1959,1893,3306,358166.542,3768461.064
Urban,2156,2268,2083,1881,2094,2160,2086,2660,358159.232,3768429.052
Urban,2639,2818,2847,2460,2498,2760,2938,3674,358210.295,3768450.441
Urban,2487,2643,2510,2052,1547,1730,1883,3152,358215.713,3768507.375
Urban,2222,2338,2262,1948,1854,1928,1996,2270,358169.450,3768436.441
Urban,2425,2749,2577,2239,2032,2206,2261,3142,358237.054,3768532.588
Urban,2456,2530,2291,1956,1602,1788,1942,2527,358231.967,3768492.109
Urban,2333,2512,2374,2091,1634,1959,1893,3306,358167.029,3768461.732
Urban,2400,2624,2407,2106,1797,1990,2019,2878,358155.542,3768478.775
Urban,2455,2609,2597,2167,1364,1502,1544,2581,358208.894,3768476.888
Urban,2212,2377,2363,1926,1672,1778,1741,2149,358157.410,3768515.780
Urban,2455,2609,2597,2167,1364,1502,1544,2581,358208.114,3768479.626
Urban,2500,2652,2547,2130,1768,2098,2382,2985,358206.665,3768500.401
Urban,2581,2835,2643,2255,1683,1891,1841,2508,358227.432,3768440.887
Urban,2326,2520,2440,2050,1712,1952,1890,3081,358170.163,3768455.267
Urban,2605,2824,2778,2373,1756,2012,2064,3238,358216.021,3768443.933
Urban,2468,2638,2388,2050,2052,2132,2366,2813,358165.796,3768520.201
Urban,2470,2748,2603,2113,1463,1590,1608,2348,358192.920,3768442.915
Urban,2639,2818,2847,2460,2498,2760,2938,3674,358211.270,3768457.135
Urban,2234,2362,2294,1951,1509,1694,1739,2218,358169.981,3768443.734
Urban,2447,2623,2505,2098,1562,1732,1754,2807,358209.887,3768488.028
Urban,2419,2694,2527,1974,1586,1802,1966,3073,358242.884,3768472.205
Urban,2685,3232,2977,2069,1284,1398,1378,3273,358566.231,3767462.197
Urban,2330,2520,2412,1836,1277,1357,1290,2413,358593.310,3767485.415
Urban,2483,3434,3058,2187,1370,1568,1509,3996,358562.274,3767500.015
Urban,2428,3361,2973,2004,1386,1678,1621,4018,358552.005,3767481.255
Urban,2986,3139,2966,2627,2538,3076,3292,3780,358630.896,3767448.112
Urban,2650,2818,2829,2429,2042,2484,2696,3343,358631.381,3767504.977
Urban,2270,2949,2838,1923,1439,1638,1664,2871,358606.321,3767476.267
Urban,2776,3646,3214,2269,1326,1723,1501,4996,358615.288,3767445.153
Urban,2548,3225,2860,2264,1644,1712,1940,2825,358574.244,3767501.632
Urban,2422,3479,3093,2011,1353,1642,1528,4870,358556.053,3767491.296
Urban,2451,2672,2456,1911,1390,1590,1590,2557,358580.787,3767489.630
Urban,2598,3512,3285,2105,1452,1665,1674,4144,358590.082,3767469.815
Urban,2125,2353,2256,1851,1210,1351,1364,2284,358616.109,3767499.462
Urban,2422,3479,3093,2011,1353,1642,1528,4870,358552.854,3767493.606
Urban,2440,2915,2669,1989,1493,1696,1827,3109,358596.149,3767522.524
Urban,2685,3232,2977,2069,1284,1398,1378,3273,358566.293,3767466.592
Urban,2416,3003,2681,1990,1378,1634,1908,3554,358580.525,3767520.087
Urban,2506,3304,2838,2149,1626,1750,1788,4188,358560.315,3767490.141
Urban,2721,3332,3082,2103,1458,1574,1843,3012,358576.788,3767468.457
Urban,2568,2878,2605,2191,2102,2554,2978,3365,358584.043,3767509.829
Urban,2548,3225,2860,2264,1644,1712,1940,2825,358577.869,3767508.946
Urban,2380,2603,2326,2128,1481,1601,1830,2073,358635.675,3767497.253
Urban,2165,2548,2200,1926,1178,1302,1260,2094,358629.160,3767482.170
Urban,2504,2966,2794,1961,1413,1578,1582,3150,358588.806,3767471.190
Urban,2514,2965,2678,2214,1719,2002,2102,3640,358639.289,3767464.748
Urban,2422,2668,2630,2035,1426,1636,1734,3138,358614.392,3767511.946
Urban,3108,3739,3530,2403,1372,1494,1621,3985,358564.550,3767457.191
Urban,2395,3487,3136,1914,1286,1382,1372,3986,358549.847,3767492.743
Urban,2773,3935,3438,2193,1312,1561,1422,4597,358604.042,3767445.994
Urban,2416,3003,2681,1990,1378,1634,1908,3554,358584.517,3767529.493
Urban,2330,2777,2433,2028,1286,1358,1371,2572,358635.900,3767479.770
Urban,2523,3026,2604,2141,1733,1933,2198,2865,358577.356,3767497.169
Urban,2424,2898,2684,2022,1592,1554,1608,3570,358612.926,3767532.290
Urban,2519,2803,2576,2108,1755,1972,2362,3178,358599.007,3767514.854
Urban,2514,2965,2678,2214,1719,2002,2102,3640,358631.320,3767461.972
Urban,2393,3349,3000,1906,1263,1446,1454,3111,358544.330,3767488.613
Urban,2523,3026,2604,2141,1733,1933,2198,2865,358575.331,3767497.421
Urban,2925,3098,2946,2694,2686,2968,2996,3562,358632.926,3767531.079
Urban,2392,3151,2839,1937,1496,1606,1540,3110,358553.614,3767474.785
Urban,2353,2414,2280,1877,1230,1353,1325,1979,358592.761,3767499.208
Urban,2484,3044,2707,1959,1202,1316,1307,2690,358561.952,3767474.717
Urban,2330,2520,2412,1836,1277,1357,1290,2413,358592.452,3767484.876
Urban,2548,3225,2860,2264,1644,1712,1940,2825,358578.526,3767502.150
Urban,2303,2482,2459,1954,1458,1680,1782,2987,358613.098,3767505.691
Urban,2330,2777,2433,2028,1286,1358,1371,2572,358638.714,3767475.935
Urban,2451,3416,3190,2044,1407,1716,1654,3995,358608.236,3767469.149
Urban,2598,3512,3285,2105,1452,1665,1674,4144,358597.359,3767469.877
Urban,2273,2589,2194,1994,1198,1247,1221,1772,358634.870,3767481.747
Urban,2693,3888,3473,2180,1245,1504,1336,3928,358600.819,3767451.686
Urban,2278,3177,2943,1791,1228,1405,1353,3490,358545.478,3767514.201
Urban,3719,4053,4024,3770,3274,3878,4030,4731,357209.228,3768366.771
Urban,3693,3828,3665,3737,3334,3852,3799,3894,357206.805,3768408.544
Urban,2669,2712,2547,2243,2242,2356,2470,2986,357219.280,3768468.520
Urban,2998,3038,3045,2967,2602,2824,3218,3387,357180.047,3768427.109
Urban,2836,3193,3047,2680,1570,1810,1997,3233,357181.548,3768355.157
Urban,2424,2534,2446,1998,1320,1620,1542,3077,357265.213,3768387.727
Urban,2775,2785,2663,2304,1486,1742,1872,2956,357243.309,3768466.217
Urban,2839,2720,2637,2496,1842,2092,2194,2570,357158.081,3768411.133
Urban,2665,2581,2484,2182,1982,2300,2600,2688,357146.918,3768437.833
Urban,2650,2995,2786,2401,1472,1742,1640,3042,357185.466,3768347.711
Urban,2901,2732,2689,2596,1864,2002,2344,2550,357240.326,3768436.045
Urban,3066,3477,3300,2932,2202,2360,2642,3395,357193.043,3768354.651
Urban,2672,2925,2788,2421,1852,2172,2252,2867,357194.540,3768335.126
Urban,2680,2713,2484,2216,1574,1708,1885,3042,357202.737,3768455.520
Urban,3962,4175,4008,4056,3016,3406,3876,3856,357205.050,3768399.735
Urban,2880,2846,2781,2610,1530,1706,1904,2972,357229.607,3768437.115
Urban,2611,2573,2462,2247,1825,1992,2134,2527,357269.222,3768430.859
Urban,2973,2940,2830,2745,2426,2588,2759,2886,357157.474,3768400.861
Urban,2289,2419,2331,1887,1332,1536,1530,2542,357268.511,3768375.135
Urban,2381,2574,2540,2135,1523,1748,1728,2337,357294.676,3768405.628
Urban,3415,3593,3690,3488,2802,2826,3242,3563,357189.821,3768373.152
Urban,2567,2744,2450,2207,1650,1840,1939,2231,357260.814,3768402.764
Urban,2925,2766,2723,2542,1970,2122,2311,2658,357183.709,3768444.143
Urban,3456,3764,3527,3391,2714,3220,3132,3482,357159.672,3768371.656
Urban,3415,3593,3690,3488,2802,2826,3242,3563,357187.773,3768371.487
Urban,2855,2917,2706,2545,2106,2198,2358,2742,357200.670,3768436.685
Urban,2855,2917,2706,2545,2106,2198,2358,2742,357202.418,3768432.665
Urban,3290,3261,3310,3340,2238,2572,2835,3169,357182.951,3768408.511
Urban,2442,2602,2346,2111,1688,1768,1789,2579,357275.789,3768419.744
Urban,2462,2556,2489,2164,1735,1752,1894,2710,357289.987,3768468.065
Urban,2721,2792,2608,2380,1954,2210,2294,2722,357249.788,3768374.810
Urban,2402,2860,2781,2404,1734,2026,2246,2775,357320.981,3768418.195
Urban,3777,3977,3848,3878,3464,3262,3670,4047,357216.606,3768409.260
Urban,3185,3455,3521,3188,2786,2874,2806,3647,357186.585,3768363.815
Urban,2634,3163,3158,2851,2874,2768,3144,3709,357313.104,3768435.091
Urban,3116,3198,3224,2908,2060,2360,2358,2748,357168.994,3768378.109
Urban,3211,3346,3176,3099,2710,3194,3257,3502,357152.956,3768399.218
Urban,2702,2800,2697,2256,1651,1912,1988,2289,357255.626,3768393.154
Urban,2808,2688,2597,2353,1680,1912,2062,2937,357154.113,3768421.429
Urban,2712,2824,2675,2261,1316,1506,1584,3125,357246.884,3768474.165
Urban,2972,2945,2810,2599,1868,2042,2121,2478,357233.975,3768360.358
Urban,2901,2732,2689,2596,1864,2002,2344,2550,357240.962,3768431.836
Urban,2945,2963,2882,2725,2418,2634,2760,2852,357170.057,3768425.425
Urban,3483,3655,3729,3630,3148,3610,3852,3996,357225.062,3768412.088
Urban,2702,2800,2697,2256,1651,1912,1988,2289,357256.312,3768395.215
Urban,2673,2792,2731,2381,2266,2378,2528,3226,357180.923,3768328.860
Urban,2622,2607,2443,2162,1694,1738,1800,2240,357205.166,3768466.412
Urban,2634,3163,3158,2851,2874,2768,3144,3709,357310.109,3768434.907
Urban,2855,2917,2706,2545,2106,2198,2358,2742,357206.227,3768435.730
Urban,3415,3593,3690,3488,2802,2826,3242,3563,357185.837,3768376.248
Urban,2725,2948,2905,2458,1500,1811,1784,3512,357024.409,3769825.136
Urban,2803,3331,3169,2671,2100,2300,2750,3162,357014.477,3769857.920
Urban,2700,3114,2766,2055,1382,1531,1642,3181,357065.009,3769842.549
Urban,3231,3237,3059,2791,2314,2780,2993,3910,357055.150,3769801.743
Urban,2875,2852,2765,2473,1720,1915,1914,2694,357122.908,3769844.983
Urban,2390,3206,2810,2092,1290,1476,1452,3087,357040.737,3769859.830
Urban,2984,3015,2978,2653,2234,2398,2256,3428,357124.776,3769856.735
Urban,3376,3113,3054,2796,1928,2252,2666,3107,357069.200,3769797.711
Urban,2877,3308,3210,2870,2860,3344,3359,3859,357024.700,3769845.484
Urban,3297,3209,3022,2716,2120,2484,2638,3768,357063.994,3769816.134
Urban,2500,3355,3105,1938,1306,1726,1502,4376,357079.458,3769864.315
Urban,1806,2532,2284,1447,1135,1183,1163,2561,357050.283,3769883.214
Urban,2786,2681,2523,1961,1378,1536,1756,2500,357085.061,3769832.523
Urban,2670,3048,2862,2367,1944,2082,2156,2934,357105.987,3769888.939
Urban,2873,3053,2815,2370,1783,2044,2178,3112,357053.819,3769826.290
Urban,1927,2495,2285,1560,1151,1249,1203,2237,357064.719,3769884.331
Urban,2146,3006,2847,1708,1258,1473,1304,3599,357067.625,3769878.950
Urban,2372,2423,2207,1728,1139,1297,1271,2549,357102.794,3769826.894
Urban,3401,3241,3087,2838,2116,2528,2966,3546,357065.912,3769804.763
Urban,2757,3030,2815,2356,1804,1972,2008,2489,357045.940,3769827.242
Urban,2301,3113,2925,1985,1172,1374,1262,3310,357035.606,3769867.326
Urban,2435,2413,2264,1864,1450,1623,1562,2721,357114.891,3769833.139
Urban,1927,2495,2285,1560,1151,1249,1203,2237,357065.801,3769885.432
Urban,2713,2631,2706,2151,1855,1856,2189,3237,357116.028,3769852.663
Urban,2944,2902,2726,2555,1760,1968,2112,2478,357041.725,3769789.841
Urban,2301,3113,2925,1985,1172,1374,1262,3310,357030.471,3769865.420
Urban,2941,2763,2573,2221,1872,2194,2318,3170,357085.123,3769818.036
Urban,2748,3318,3187,2706,2242,2662,2738,3527,357023.558,3769854.167
Urban,3054,2888,2762,2324,1626,1968,2143,3221,357079.592,3769824.727
Urban,2724,3068,2960,2500,1852,2086,2224,3701,357030.391,3769839.234
Urban,3401,3241,3087,2838,2116,2528,2966,3546,357066.644,3769800.086
Urban,3297,3209,3022,2716,2120,2484,2638,3768,357068.442,3769812.872
Urban,2694,2947,2810,2212,1828,1980,2012,2512,357109.588,3769875.639
Urban,2774,3001,2712,2012,1538,1701,1926,3056,357074.527,3769842.997
Urban,2873,3053,2815,2370,1783,2044,2178,3112,357055.210,3769824.955
Urban,2756,2718,2756,2273,1902,2048,2166,2976,357110.490,3769860.641
Urban,2548,3198,2821,2265,1503,1824,1435,3386,357045.701,3769845.116
Urban,2650,2814,2745,2301,1638,1874,1865,3087,357029.401,3769811.726
Urban,2926,3337,3216,2821,2064,2300,3029,3209,357016.456,3769848.152
Urban,3231,3237,3059,2791,2314,2780,2993,3910,357055.481,3769803.762
Urban,2516,3086,2700,2126,1461,1714,1595,3509,357099.498,3769888.864
Urban,2713,2946,2858,2388,1534,1716,1683,3066,357031.400,3769820.088
Urban,3062,3017,2857,2428,1487,1782,1758,3263,357069.763,3769825.721
Urban,2451,2881,2617,2108,1874,1956,1960,2749,357098.639,3769894.753
Urban,3030,2926,2758,2399,1770,2036,2206,2506,357086.750,3769809.386
Urban,2390,3206,2810,2092,1290,1476,1452,3087,357042.497,3769859.960
Urban,2751,3262,3078,2685,3172,3454,3548,4315,357038.836,3769847.695
Urban,2610,3277,3067,2513,1915,2162,3016,3287,357039.048,3769858.882
Urban,3376,3113,3054,2796,1928,2252,2666,3107,357060.701,3769795.329
Urban,2863,2985,2772,2208,1275,1534,1608,3076,357062.802,3769832.088
Urban,2195,3492,3046,1772,1282,1450,1374,3520,344921.580,3767653.990
Urban,1908,2206,1951,1469,1203,1194,1152,1934,344883.775,3767580.348
Urban,1993,2629,2400,1576,1200,1305,1231,2410,344937.327,3767590.175
Urban,2360,3619,3170,1965,1300,1440,1483,4552,344842.593,3767619.267
Urban,1993,3207,2669,1606,1205,1274,1286,3249,344864.103,3767670.472
Urban,2360,3619,3170,1965,1300,1440,1483,4552,344844.062,3767619.620
Urban,2480,3726,3212,1911,1393,1534,1557,4868,344839.870,3767609.317
Urban,1856,2369,2103,1434,1257,1301,1237,2181,344902.370,3767591.912
Urban,2107,2646,2462,1691,1272,1531,1436,3459,344899.248,3767578.689
Urban,2224,3458,3074,1825,1288,1390,1358,4152,344904.908,3767658.738
Urban,2206,2924,2590,1683,1248,1338,1409,2629,344870.245,3767617.862
Urban,2201,3129,2795,1870,1452,1478,1582,3178,344884.548,3767670.482
Urban,1850,2792,2473,1507,1299,1544,1408,4476,344908.180,3767618.862
Urban,1856,2369,2103,1434,1257,1301,1237,2181,344901.688,3767593.801
Urban,2372,3570,3136,1967,1382,1569,1632,5012,344851.786,3767618.963
Urban,1919,2922,2473,1538,1271,1411,1275,3322,344916.118,3767636.413
Urban,1759,2168,2002,1398,1144,1217,1148,1773,344929.490,3767601.680
Urban,1894,2384,2188,1493,1150,1242,1155,1915,344921.096,3767595.992
Urban,2380,2477,2328,1758,1396,1530,1479,3121,344864.622,3767578.417
Urban,1768,2532,2183,1445,1186,1302,1203,2710,344926.203,3767626.612
Urban,2214,3462,3143,1824,1382,1484,1597,3011,344875.949,3767649.492
Urban,2188,2877,2558,1722,1365,1437,1529,2908,344889.115,3767638.183
Urban,1802,2593,2314,1450,1215,1258,1237,2447,344915.139,3767605.268
Urban,2380,2477,2328,1758,1396,1530,1479,3121,344866.018,3767579.945
Urban,2372,3570,3136,1967,1382,1569,1632,5012,344854.344,3767617.067
Urban,2321,3522,2985,1860,1394,1561,1650,4221,344870.249,3767630.027
Urban,2360,3619,3170,1965,1300,1440,1483,4552,344840.539,3767616.855
Urban,2375,3625,3022,1890,1377,1521,1562,5408,344863.051,3767622.425
Urban,1993,2629,2400,1576,1200,1305,1231,2410,344936.238,3767592.558
Urban,2115,2805,2538,1732,1254,1374,1431,2628,344846.107,3767654.600
Urban,2195,3392,3024,1891,1350,1481,1513,4445,344888.500,3767669.928
Urban,1984,2865,2463,1568,1200,1257,1172,2608,344909.943,3767639.104
Urban,1984,2865,2463,1568,1200,1257,1172,2608,344906.855,3767639.798
Urban,1779,2709,2372,1452,1264,1432,1323,3157,344912.561,3767611.227
Urban,1729,2172,2009,1405,1200,1217,1184,1697,344932.321,3767610.375
Urban,2214,3462,3143,1824,1382,1484,1597,3011,344870.882,3767645.188
Urban,2115,2805,2538,1732,1254,1374,1431,2628,344849.906,3767655.504
Urban,2227,3522,3084,1805,1257,1412,1380,4019,344919.274,3767658.380
Urban,1993,3207,2669,1606,1205,1274,1286,3249,344865.964,3767671.980
Urban,2048,2512,2344,1607,1317,1306,1331,2475,344882.884,3767614.986
Urban,2076,2658,2384,1625,1171,1205,1188,2206,344893.822,3767639.026
Urban,2262,3497,3147,1959,1592,1670,1754,3950,344894.289,3767662.263
Urban,2118,3547,3037,1772,1229,1372,1413,4957,344874.625,3767668.070
Urban,2188,2877,2558,1722,1365,1437,1529,2908,344881.199,3767639.002
Urban,2125,3021,2762,1720,1181,1267,1192,2687,344896.890,3767647.547
Urban,2360,3917,3412,1954,1350,1541,1584,6049,344912.757,3767671.409
Urban,1809,2217,1959,1414,1205,1290,1278,2152,344891.840,3767595.771
Urban,2331,4017,3514,1955,1294,1571,1623,5425,344913.230,3767662.028
Urban,1965,2108,1870,1421,1179,1173,1148,1563,344870.283,3767596.300
Urban,2314,3276,2854,1803,1390,1561,1620,4208,344863.365,3767619.589
Urban,2570,3099,2803,1966,1324,1523,1497,3624,358037.437,3767558.367
Urban,2241,2657,2471,1858,1355,1461,1554,2318,358067.052,3767564.020
Urban,2569,3046,2760,1961,1338,1547,1616,3479,358033.350,3767542.859
Urban,2859,3097,2825,2103,1451,1675,1758,3470,358021.794,3767540.542
Urban,2346,2830,2605,1917,1458,1622,1705,2476,358059.217,3767565.077
Urban,2569,3046,2760,1961,1338,1547,1616,3479,358037.426,3767544.659
Urban,2482,2894,2609,1899,1290,1440,1521,2939,358038.727,3767532.793
Urban,2190,2434,2312,1895,1478,1544,1611,2117,358071.852,3767555.935
Urban,2599,3079,2772,1959,1314,1482,1467,3414,358023.970,3767563.281
Urban,2259,2754,2567,1930,1343,1532,1533,3223,358056.918,3767542.078
Urban,2355,3034,2799,2154,1720,1932,1820,3372,358062.706,3767525.167
Urban,2396,3018,2785,2291,2650,2522,2723,3283,358072.453,3767524.721
Urban,2259,2754,2567,1930,1343,1532,1533,3223,358058.652,3767549.038
Urban,2294,2746,2571,1924,1402,1499,1496,2829,358058.118,3767550.681
Urban,2288,2799,2610,2101,1858,1850,2016,2759,358069.727,3767533.722
Urban,2771,3035,2801,2068,1306,1490,1602,3039,358019.266,3767564.976
Urban,2209,2671,2464,1831,1482,1659,1669,2592,358072.505,3767563.665
Urban,2299,3001,2844,1903,1345,1468,1418,3355,358042.967,3767518.039
Urban,2485,3054,2736,1915,1308,1460,1461,3547,358030.122,3767563.181
Urban,2805,3153,2867,2073,1304,1465,1436,3314,358022.493,3767552.672
Urban,2485,3054,2736,1915,1308,1460,1461,3547,358038.548,3767561.707
Urban,2241,2853,2592,1933,1292,1426,1429,2896,358058.746,3767536.221
Urban,2299,3001,2844,1903,1345,1468,1418,3355,358040.029,3767514.732
Urban,2294,2746,2571,1924,1402,1499,1496,2829,358059.426,3767558.969
Urban,2209,2671,2464,1831,1482,1659,1669,2592,358074.806,3767566.567
Urban,2396,3018,2785,2291,2650,2522,2723,3283,358079.070,3767527.176
Urban,2281,2908,2645,1859,1212,1350,1340,2521,358043.723,3767522.013
Urban,2367,2780,2619,1946,1312,1563,1463,3409,358031.680,3767513.980
Urban,2227,2509,2411,1982,1456,1644,1603,2695,358061.894,3767546.906
Urban,2209,2671,2464,1831,1482,1659,1669,2592,358070.734,3767569.945
Urban,2805,3153,2867,2073,1304,1465,1436,3314,358026.332,3767555.657
Urban,2427,2962,2693,1936,1406,1540,1692,3090,358043.899,3767568.290
Urban,2252,2872,2584,1835,1628,1747,1786,2482,358081.853,3767564.093
Urban,2482,2894,2609,1899,1290,1440,1521,2939,358036.222,3767536.991
Urban,2261,2883,2585,1827,1310,1523,1518,3326,358075.999,3767579.458
Urban,2268,2838,2555,1849,1442,1614,1637,3118,358060.245,3767570.552
Urban,2268,2838,2555,1849,1442,1614,1637,3118,358069.760,3767577.426
Urban,2261,2984,2724,1945,1302,1440,1428,3046,358056.409,3767528.975
Urban,2570,3099,2803,1966,1324,1523,1497,3624,358035.397,3767551.036
Urban,2805,3153,2867,2073,1304,1465,1436,3314,358023.438,3767550.763
Urban,2252,2872,2584,1835,1628,1747,1786,2482,358080.600,3767564.203
Urban,2252,2872,2584,1835,1628,1747,1786,2482,358081.466,3767568.595
Urban,2374,2908,2649,1911,1578,1854,1957,3026,358050.606,3767572.747
Urban,2294,2746,2571,1924,1402,1499,1496,2829,358059.681,3767553.870
Urban,2537,2651,2522,2053,1458,1644,1630,2802,358027.613,3767519.859
Urban,2325,2810,2619,2222,2280,2570,2542,2884,358071.600,3767531.470
Urban,2346,3070,2676,1884,1125,1252,1260,2879,358079.393,3767582.611
Urban,2771,3035,2801,2068,1306,1490,1602,3039,358019.751,3767563.421
Urban,2227,2509,2411,1982,1456,1644,1603,2695,358060.009,3767543.030
Urban,2569,3046,2760,1961,1338,1547,1616,3479,358038.558,3767548.903
Urban,3059,2695,2593,2177,1711,1976,2216,2791,357098.763,3767869.714
Urban,2391,2646,2482,1897,1306,1412,1476,3136,357139.637,3767903.080
Urban,3214,3022,2720,2230,1443,1680,1936,3707,357133.435,3767847.369
Urban,2481,3314,2943,2137,1373,1410,1596,2891,357199.032,3767837.016
Urban,2319,2730,2490,1869,1259,1455,1438,3402,357149.846,3767901.391
Urban,3110,2982,2663,2131,1455,1650,1854,2948,357107.137,3767852.885
Urban,2421,2640,2487,1894,1332,1508,1580,2817,357122.957,3767908.616
Urban,2423,3016,2709,2090,1496,1764,1875,3652,357174.473,3767903.026
Urban,2541,3143,2973,2056,1498,1740,1762,2838,357198.953,3767890.762
Urban,2455,2933,2779,2016,1322,1502,1647,3293,357184.247,3767900.365
Urban,2663,3436,3162,2140,1470,1712,1727,3933,357197.521,3767872.650
Urban,2997,2710,2487,2099,1412,1586,1863,2815,357114.687,3767879.639
Urban,2866,2794,2609,2056,1330,1589,1781,2852,357123.582,3767883.033
Urban,2440,2805,2574,1981,1222,1279,1304,2669,357102.222,3767904.426
Urban,3056,3257,2841,2158,1371,1782,1871,4311,357116.574,3767837.387
Urban,3110,2982,2663,2131,1455,1650,1854,2948,357101.020,3767858.811
Urban,2455,2933,2779,2016,1322,1502,1647,3293,357180.594,3767903.982
Urban,2640,2766,2571,1999,1445,1590,1701,3237,357139.172,3767898.381
Urban,2338,3529,2877,1849,1163,1372,1272,3177,357207.362,3767855.223
Urban,2744,3138,2966,2171,1504,1653,1906,3060,357183.496,3767876.737
Urban,2566,2883,2597,1930,1232,1339,1335,3082,357162.728,3767838.759
Urban,2768,3131,2765,2016,1452,1726,1931,3669,357104.411,3767824.965
Urban,3115,2791,2624,2156,1574,1824,2175,3072,357136.882,3767864.337
Urban,3056,3126,2761,2119,1439,1686,1802,3502,357101.337,3767842.457
Urban,3083,2869,2670,2163,1716,1860,2237,2879,357099.357,3767855.617
Urban,2744,3138,2966,2171,1504,1653,1906,3060,357185.851,3767875.452
Urban,2566,2883,2597,1930,1232,1339,1335,3082,357163.172,3767830.220
Urban,2221,2574,2375,1771,1574,1679,1743,2500,357204.275,3767926.369
Urban,2817,3100,2758,2092,1260,1438,1534,3348,357161.945,3767858.790
Urban,2878,2878,2657,2130,1335,1542,1702,2925,357166.382,3767866.763
Urban,2431,3060,2704,1956,1406,1706,1879,3510,357171.731,3767838.785
Urban,2391,2849,2719,1947,1315,1590,1655,2941,357197.536,3767917.052
Urban,2225,2865,2507,1918,1562,1726,1773,2736,357169.108,3767914.152
Urban,2641,3022,2872,2117,1428,1614,1737,3163,357184.217,3767889.600
Urban,2945,2736,2565,2089,1511,1787,2076,2954,357140.089,3767876.837
Urban,2509,3268,2988,2096,1380,1728,1780,3648,357208.863,3767909.875
Urban,2551,2953,2699,2151,1492,1700,1860,3646,357175.436,3767898.717
Urban,2210,2669,2436,1820,1332,1462,1501,2776,357144.274,3767916.567
Urban,3122,3184,2772,2153,1311,1587,1618,3901,357110.546,3767849.079
Urban,2439,3312,2939,1938,1152,1342,1267,3348,357193.735,3767841.800
Urban,2781,2781,2515,2048,1532,1677,1859,2904,357108.439,3767888.400
Urban,3198,2883,2722,2225,1436,1612,1946,3392,357149.508,3767847.782
Urban,2728,3214,3005,2124,1446,1660,1884,3320,357181.662,3767869.113
Urban,2975,2699,2484,2112,1622,1713,1992,2718,357101.616,3767874.128
Urban,2402,2952,2717,1980,1558,1780,1880,3323,357203.517,3767915.763
Urban,2544,2953,2810,2066,1344,1500,1580,3403,357188.767,3767896.974
Urban,2788,2918,2734,2181,1610,1886,2212,2954,357175.579,3767874.130
Urban,2487,3361,3005,1919,1176,1375,1285,3815,357193.727,3767856.034
Urban,3110,2982,2663,2131,1455,1650,1854,2948,357100.899,3767853.700
Urban,2402,2952,2717,1980,1558,1780,1880,3323,357202.317,3767910.346
Urban,2363,2820,2784,2032,1371,1556,1564,2883,356193.968,3768512.681
Urban,2461,3066,2810,2227,1324,1530,1581,3622,356235.475,3768537.429
Urban,2545,3273,3266,2515,1474,1674,2322,3231,356245.601,3768489.484
Urban,2504,3224,2999,2470,1637,1932,2448,4279,356238.280,3768474.589
Urban,2335,3060,2952,2163,1337,1568,1677,3244,356236.316,3768492.571
Urban,2435,3162,3180,2286,1329,1532,1477,3382,356248.362,3768497.325
Urban,2372,3095,2940,2125,1571,1736,1742,3521,356241.721,3768504.874
Urban,2328,2871,2629,1940,1564,1733,1720,2653,356202.806,3768501.183
Urban,2381,3074,2802,2094,1494,1776,1854,3423,356227.794,3768515.532
Urban,2449,2943,2936,2093,1467,1591,1730,2882,356184.771,3768501.332
Urban,2449,2943,2936,2093,1467,1591,1730,2882,356186.032,3768504.683
Urban,2325,3002,2770,2035,1133,1300,1360,2973,356224.035,3768508.818
Urban,2509,3296,3071,2083,1602,1866,1962,3518,356179.983,3768507.392
Urban,2357,2832,2682,2024,1314,1544,1448,3050,356190.444,3768490.207
Urban,2345,2991,2800,1918,1452,1782,1728,3471,356179.483,3768510.730
Urban,2533,3499,3142,2169,1646,1852,2065,3962,356177.650,3768499.728
Urban,2449,2943,2936,2093,1467,1591,1730,2882,356183.802,3768504.826
Urban,2504,3224,2999,2470,1637,1932,2448,4279,356231.580,3768472.242
Urban,2357,2993,2740,2064,1615,1838,1850,3042,356246.981,3768511.477
Urban,2443,3154,2812,2207,1836,2054,2250,3291,356229.293,3768526.518
Urban,2280,2887,2668,1984,1511,1752,1742,3829,356194.030,3768520.358
Urban,2363,3098,2725,2034,1421,1656,1580,3171,356208.621,3768528.317
Urban,2139,2625,2421,1807,1401,1504,1535,2651,356195.608,3768472.685
Urban,2139,2625,2421,1807,1401,1504,1535,2651,356198.391,3768472.239
Urban,2347,3055,2876,2098,1418,1586,1572,3263,356231.802,3768500.130
Urban,2335,3060,2952,2163,1337,1568,1677,3244,356232.051,3768496.322
Urban,2172,2716,2536,1865,1428,1720,1560,3809,356189.741,3768526.209
Urban,2545,3273,3266,2515,1474,1674,2322,3231,356247.107,3768489.638
Urban,2335,3060,2952,2163,1337,1568,1677,3244,356237.827,3768493.936
Urban,2435,3162,3180,2286,1329,1532,1477,3382,356243.768,3768490.002
Urban,2533,3499,3142,2169,1646,1852,2065,3962,356174.404,3768497.650
Urban,2496,3215,3227,2333,1333,1527,1561,3514,356253.747,3768490.973
Urban,2274,2773,2560,1945,1344,1574,1483,2981,356191.034,3768484.488
Urban,2496,3215,3227,2333,1333,1527,1561,3514,356252.645,3768495.940
Urban,2388,3116,2993,2287,1513,1792,2388,3425,356239.801,3768488.539
Urban,1961,2540,2355,1638,1172,1286,1265,2639,356182.657,3768469.112
Urban,2759,3435,3228,2863,2010,2402,3626,4954,356250.247,3768477.956
Urban,2363,2820,2784,2032,1371,1556,1564,2883,356195.450,3768515.390
Urban,2363,2820,2784,2032,1371,1556,1564,2883,356195.476,3768515.615
Urban,2284,2935,2705,2075,1304,1532,1785,3105,356222.816,3768488.957
Urban,2363,2820,2784,2032,1371,1556,1564,2883,356194.219,3768513.484
Urban,2110,2696,2538,1793,1147,1320,1334,3036,356189.617,3768475.450
Urban,2280,2887,2668,1984,1511,1752,1742,3829,356194.445,3768523.666
Urban,2357,2993,2740,2064,1615,1838,1850,3042,356245.413,3768510.129
Urban,2381,3074,2802,2094,1494,1776,1854,3423,356225.483,3768515.584
Urban,2461,3066,2810,2227,1324,1530,1581,3622,356230.286,3768530.310
Urban,2504,3224,2999,2470,1637,1932,2448,4279,356230.338,3768471.780
Urban,2249,2800,2471,1884,1457,1612,1572,2268,356212.510,3768496.590
Urban,2461,3066,2810,2227,1324,1530,1581,3622,356231.709,3768530.344
Urban,2461,3066,2810,2227,1324,1530,1581,3622,356234.109,3768536.133
Urban,2539,2896,2721,2383,1702,1770,1844,2296,355022.734,3768239.226
Urban,2763,3229,3133,2720,2608,2696,2759,3492,355019.684,3768227.054
Urban,2904,3156,3081,2670,2176,2256,2688,3030,355059.348,3768194.383
Urban,2904,3156,3081,2670,2176,2256,2688,3030,355052.578,3768190.565
Urban,2970,3430,3389,3042,2904,3026,3244,3789,354992.899,3768230.484
Urban,2588,2971,2852,2284,1410,1636,1624,3266,355040.812,3768215.998
Urban,2888,3412,3233,2749,1589,1886,1809,3561,355001.768,3768204.950
Urban,2766,3281,3114,2604,1789,2114,2100,3800,355012.829,3768203.232
Urban,3006,3524,3425,2992,2838,3088,3136,3756,354990.124,3768212.689
Urban,2970,3430,3389,3042,2904,3026,3244,3789,354995.968,3768236.930
Urban,2747,3292,3100,2558,1557,1650,1739,3416,355055.081,3768210.620
Urban,2748,3285,3127,2634,1984,2126,2219,4046,355010.330,3768211.132
Urban,2588,2971,2852,2284,1410,1636,1624,3266,355046.732,3768218.929
Urban,2713,3235,3072,2552,1676,2020,1865,3618,355058.584,3768220.213
Urban,2872,3491,3301,2995,2158,2436,2396,3248,355065.927,3768239.578
Urban,2656,2993,2876,2374,1684,1812,1882,2807,355047.270,3768201.645
Urban,3094,3442,3415,2882,1508,1978,2604,3424,355060.014,3768199.869
Urban,2588,2773,2745,2451,1713,1820,1927,2778,355010.592,3768240.631
Urban,3025,3863,3552,3096,2072,2350,2446,4100,355063.071,3768216.509
Urban,2970,3430,3389,3042,2904,3026,3244,3789,354990.712,3768233.021
Urban,3071,3754,3525,3003,1455,2032,2142,3141,355065.204,3768203.488
Urban,2909,3031,2955,2664,2258,2490,2683,3819,355013.092,3768178.026
Urban,2721,3088,2938,2497,1986,1908,2050,2567,355025.704,3768193.802
Urban,2752,2997,2876,2496,1984,2424,2320,3669,355033.239,3768182.660
Urban,2656,2993,2876,2374,1684,1812,1882,2807,355047.249,3768200.721
Urban,2811,3265,3103,2598,2104,2188,2334,2947,355059.326,3768209.696
Urban,2916,3267,3139,2686,2130,2296,2412,3188,355006.685,3768190.283
Urban,3071,3754,3525,3003,1455,2032,2142,3141,355060.733,3768208.119
Urban,2355,2584,2368,2100,1536,1665,1644,2490,355036.485,3768244.497
Urban,2747,3292,3100,2558,1557,1650,1739,3416,355059.907,3768215.049
Urban,2713,3235,3072,2552,1676,2020,1865,3618,355059.753,3768220.228
Urban,2572,2951,2827,2259,1856,2194,2166,3218,355041.241,3768224.334
Urban,2957,3771,3495,3159,2184,2560,2428,4388,355062.207,3768228.547
Urban,2775,3016,2900,2531,1954,2224,2180,2908,355043.012,3768197.808
Urban,3085,3171,2997,2630,2432,2616,2736,3115,354998.140,3768181.500
Urban,3164,4103,3808,3360,4086,4140,4228,5048,355072.752,3768211.735
Urban,2469,2812,2614,2224,1664,1826,1853,2328,355033.903,3768237.821
Urban,2788,2909,2903,2493,2428,2688,2818,3465,355023.665,3768177.756
Urban,2469,2812,2614,2224,1664,1826,1853,2328,355038.244,3768234.478
Urban,3025,3863,3552,3096,2072,2350,2446,4100,355063.717,3768210.658
Urban,2513,2686,2621,2222,1738,1842,1942,2435,355057.765,3768244.604
Urban,2957,3771,3495,3159,2184,2560,2428,4388,355067.067,3768225.433
Urban,2601,3006,2901,2389,1679,2144,1986,3710,355029.644,3768210.392
Urban,2970,3430,3389,3042,2904,3026,3244,3789,354990.039,3768235.357
Urban,3009,3424,3285,2847,1731,2078,1983,3749,354999.043,3768207.039
Urban,2635,3033,2912,2440,2116,2286,2384,3055,355053.141,3768236.662
Urban,2747,3292,3100,2558,1557,1650,1739,3416,355051.224,3768210.541
Urban,2752,2997,2876,2496,1984,2424,2320,3669,355035.404,3768180.645
Urban,2501,2807,2683,2183,2116,2348,2422,2876,355041.924,3768231.732
Urban,2883,3458,3302,2835,2260,2478,2452,3569,355004.369,3768217.060
BurnedArea,2833,1956,1836,1697,1318,1380,1497,2048,353357.982,3768642.355
BurnedArea,2938,1948,1867,1733,1316,1396,1538,2028,353363.931,3768654.019
BurnedArea,2833,1956,1836,1697,1318,1380,1497,2048,353358.858,3768644.631
BurnedArea,2886,2040,1918,1723,1325,1424,1547,2140,353343.173,3768661.204
BurnedArea,2886,2040,1918,1723,1325,1424,1547,2140,353343.435,3768668.475
BurnedArea,2938,1948,1867,1733,1316,1396,1538,2028,353361.112,3768653.527
BurnedArea,2801,2005,1888,1702,1298,1392,1501,2156,353349.662,3768646.825
BurnedArea,2801,1958,1846,1676,1300,1381,1520,1947,353362.685,3768639.472
BurnedArea,2938,1948,1867,1733,1316,1396,1538,2028,353368.226,3768655.326
BurnedArea,3072,1999,1931,1791,1349,1444,1594,2129,353372.561,3768661.419
BurnedArea,2886,2040,1918,1723,1325,1424,1547,2140,353342.900,3768669.654
BurnedArea,3004,1967,1901,1761,1317,1433,1577,2088,353361.535,3768662.338
BurnedArea,2938,1948,1867,1733,1316,1396,1538,2028,353369.744,3768658.195
BurnedArea,2892,1974,1854,1720,1311,1400,1543,2144,353359.726,3768659.917
BurnedArea,2871,1944,1849,1705,1316,1384,1515,1998,353361.952,3768641.028
BurnedArea,2833,1956,1836,1697,1318,1380,1497,2048,353353.072,3768645.501
BurnedArea,2833,1956,1836,1697,1318,1380,1497,2048,353351.906,3768649.996
BurnedArea,2766,1934,1821,1670,1302,1362,1461,1972,353352.468,3768638.984
BurnedArea,2801,2005,1888,1702,1298,1392,1501,2156,353348.141,3768645.627
BurnedArea,2886,2040,1918,1723,1325,1424,1547,2140,353348.911,3768662.467
BurnedArea,2833,1956,1836,1697,1318,1380,1497,2048,353354.931,3768649.860
BurnedArea,2886,2040,1918,1723,1325,1424,1547,2140,353343.973,3768669.774
BurnedArea,3004,1967,1901,1761,1317,1433,1577,2088,353360.332,3768666.803
BurnedArea,3019,2023,1948,1775,1336,1426,1589,2190,353367.728,3768671.431
BurnedArea,2833,1956,1836,1697,1318,1380,1497,2048,353359.758,3768643.604
BurnedArea,2848,2031,1908,1716,1301,1414,1522,2203,353349.645,3768652.668
BurnedArea,2900,2048,1911,1726,1335,1400,1534,2162,353341.040,3768672.485
BurnedArea,2938,1948,1867,1733,1316,1396,1538,2028,353364.268,3768658.634
BurnedArea,2944,1989,1876,1737,1324,1417,1573,2112,353354.879,3768663.649
BurnedArea,2833,1956,1836,1697,1318,1380,1497,2048,353357.446,3768641.042
BurnedArea,2938,1948,1867,1733,1316,1396,1538,2028,353365.709,3768653.081
BurnedArea,2801,2005,1888,1702,1298,1392,1501,2156,353347.281,3768644.847
BurnedArea,2959,2023,1899,1745,1351,1412,1571,2134,353350.950,3768671.871
BurnedArea,3072,1999,1931,1791,1349,1444,1594,2129,353371.691,3768665.327
BurnedArea,2801,1958,1846,1676,1300,1381,1520,1947,353361.549,3768639.480
BurnedArea,2892,1974,1854,1720,1311,1400,1543,2144,353350.840,3768658.494
BurnedArea,2918,1981,1876,1728,1285,1385,1530,2084,353376.295,3768641.868
BurnedArea,2801,2005,1888,1702,1298,1392,1501,2156,353348.202,3768644.821
BurnedArea,2892,1974,1854,1720,1311,1400,1543,2144,353354.960,3768656.202
BurnedArea,2871,1944,1849,1705,1316,1384,1515,1998,353366.446,3768646.018
BurnedArea,2801,2005,1888,1702,1298,1392,1501,2156,353346.304,3768641.771
BurnedArea,2833,1956,1836,1697,1318,1380,1497,2048,353357.158,3768647.488
BurnedArea,2766,1934,1821,1670,1302,1362,1461,1972,353354.340,3768639.670
BurnedArea,2998,1980,1895,1761,1321,1405,1544,2133,353372.340,3768654.420
BurnedArea,2833,1956,1836,1697,1318,1380,1497,2048,353351.691,3768643.002
BurnedArea,2938,1948,1867,1733,1316,1396,1538,2028,353362.399,3768655.312
BurnedArea,2998,1980,1895,1761,1321,1405,1544,2133,353373.001,3768657.260
BurnedArea,2998,1980,1895,1761,1321,1405,1544,2133,353370.793,3768654.383
BurnedArea,2833,1956,1836,1697,1318,1380,1497,2048,353353.346,3768648.132
BurnedArea,3019,2023,1948,1775,1336,1426,1589,2190,353364.756,3768671.022
BurnedArea,2215,2288,2100,1608,1244,1329,1330,2561,354767.727,3769561.253
BurnedArea,2138,2067,1892,1490,1171,1222,1256,2022,354780.319,3769561.551
BurnedArea,2173,2268,2099,1569,1200,1298,1282,2394,354764.679,3769550.485
BurnedArea,2215,2288,2100,1608,1244,1329,1330,2561,354765.898,3769563.961
BurnedArea,2171,2189,2007,1549,1187,1254,1290,2352,354775.951,3769563.819
BurnedArea,2138,2067,1892,1490,1171,1222,1256,2022,354780.804,3769567.852
BurnedArea,2223,2195,2014,1576,1202,1286,1320,2374,354778.933,3769571.496
BurnedArea,2141,2178,2012,1518,1179,1246,1251,2220,354770.885,3769559.931
BurnedArea,2138,2067,1892,1490,1171,1222,1256,2022,354782.214,3769560.869
BurnedArea,2141,2178,2012,1518,1179,1246,1251,2220,354770.209,3769551.791
BurnedArea,2262,2282,2096,1625,1257,1384,1399,2496,354769.488,3769570.192
BurnedArea,2173,2268,2099,1569,1200,1298,1282,2394,354762.823,3769555.119
BurnedArea,2215,2288,2100,1608,1244,1329,1330,2561,354763.766,3769560.510
BurnedArea,2171,2189,2007,1549,1187,1254,1290,2352,354779.667,3769564.295
BurnedArea,2171,2189,2007,1549,1187,1254,1290,2352,354771.331,3769565.198
BurnedArea,2171,2189,2007,1549,1187,1254,1290,2352,354779.292,3769560.550
BurnedArea,2215,2288,2100,1608,1244,1329,1330,2561,354769.825,3769561.990
BurnedArea,2138,2067,1892,1490,1171,1222,1256,2022,354782.962,3769569.909
BurnedArea,2171,2189,2007,1549,1187,1254,1290,2352,354776.156,3769568.093
BurnedArea,2171,2189,2007,1549,1187,1254,1290,2352,354772.812,3769562.042
BurnedArea,2215,2288,2100,1608,1244,1329,1330,2561,354762.256,3769565.530
BurnedArea,2141,2178,2012,1518,1179,1246,1251,2220,354774.147,3769555.426
BurnedArea,2138,2067,1892,1490,1171,1222,1256,2022,354782.752,3769562.464
BurnedArea,2116,2062,1903,1471,1163,1209,1239,2152,354785.957,3769559.338
BurnedArea,2116,2062,1903,1471,1163,1209,1239,2152,354786.673,3769554.414
BurnedArea,2141,2178,2012,1518,1179,1246,1251,2220,354771.796,3769558.898
BurnedArea,2215,2288,2100,1608,1244,1329,1330,2561,354764.985,3769567.379
BurnedArea,2171,2189,2007,1549,1187,1254,1290,2352,354774.129,3769567.197
BurnedArea,2141,2178,2012,1518,1179,1246,1251,2220,354773.761,3769554.926
BurnedArea,2270,2362,2172,1666,1225,1366,1379,2671,354759.810,3769565.892
BurnedArea,2215,2288,2100,1608,1244,1329,1330,2561,354760.885,3769563.805
BurnedArea,2141,2178,2012,1518,1179,1246,1251,2220,354772.037,3769553.081
BurnedArea,2173,2268,2099,1569,1200,1298,1282,2394,354765.327,3769558.920
BurnedArea,2141,2178,2012,1518,1179,1246,1251,2220,354774.836,3769551.330
BurnedArea,2215,2288,2100,1608,1244,1329,1330,2561,354768.709,3769561.739
BurnedArea,2173,2268,2099,1569,1200,1298,1282,2394,354769.811,3769556.630
BurnedArea,2171,2189,2007,1549,1187,1254,1290,2352,354776.086,3769564.572
BurnedArea,2171,2189,2007,1549,1187,1254,1290,2352,354771.612,3769561.791
BurnedArea,2141,2178,2012,1518,1179,1246,1251,2220,354774.209,3769555.179
BurnedArea,2202,2271,2106,1574,1202,1294,1301,2347,354765.194,3769549.224
BurnedArea,2171,2189,2007,1549,1187,1254,1290,2352,354778.209,3769566.568
BurnedArea,2223,2195,2014,1576,1202,1286,1320,2374,354778.111,3769573.125
BurnedArea,2215,2288,2100,1608,1244,1329,1330,2561,354768.573,3769562.020
BurnedArea,2116,2062,1903,1471,1163,1209,1239,2152,354781.024,3769556.205
BurnedArea,2223,2195,2014,1576,1202,1286,1320,2374,354775.557,3769572.951
BurnedArea,2138,2067,1892,1490,1171,1222,1256,2022,354783.916,3769564.545
BurnedArea,2173,2268,2099,1569,1200,1298,1282,2394,354765.404,3769559.123
BurnedArea,2223,2195,2014,1576,1202,1286,1320,2374,354774.751,3769571.606
BurnedArea,2215,2288,2100,1608,1244,1329,1330,2561,354763.504,3769565.320
BurnedArea,2141,2178,2012,1518,1179,1246,1251,2220,354773.211,3769554.974
BurnedArea,2969,2079,1954,1784,1377,1522,1637,2175,353654.840,3768052.992
BurnedArea,2943,2105,1979,1779,1387,1505,1606,2250,353639.635,3768063.492
BurnedArea,2995,2105,1985,1794,1386,1488,1628,2179,353661.016,3768066.903
BurnedArea,2969,2079,1954,1784,1377,1522,1637,2175,353659.985,3768056.477
BurnedArea,2995,2105,1985,1794,1386,1488,1628,2179,353663.844,3768069.624
BurnedArea,2995,2105,1985,1794,1386,1488,1628,2179,353660.276,3768060.926
BurnedArea,2972,2077,1957,1782,1372,1469,1602,2204,353647.539,3768051.353
BurnedArea,2988,2086,1980,1800,1371,1480,1633,2196,353658.954,3768065.258
BurnedArea,2944,2104,1973,1783,1370,1509,1622,2250,353663.629,3768056.431
BurnedArea,2988,2086,1980,1800,1371,1480,1633,2196,353650.379,3768065.626
BurnedArea,2972,2077,1957,1782,1372,1469,1602,2204,353645.257,3768055.997
BurnedArea,2944,2104,1973,1783,1370,1509,1622,2250,353666.064,3768052.302
BurnedArea,2901,2126,1994,1777,1330,1456,1565,2425,353671.677,3768053.485
BurnedArea,2988,2086,1980,1800,1371,1480,1633,2196,353654.138,3768064.711
BurnedArea,2988,2086,1980,1800,1371,1480,1633,2196,353651.578,3768063.922
BurnedArea,2988,2086,1980,1800,1371,1480,1633,2196,353657.376,3768062.420
BurnedArea,2971,2086,1978,1795,1377,1469,1624,2207,353644.077,3768062.905
BurnedArea,2995,2105,1985,1794,1386,1488,1628,2179,353663.573,3768069.987
BurnedArea,2944,2104,1973,1783,1370,1509,1622,2250,353664.720,3768057.518
BurnedArea,2969,2079,1954,1784,1377,1522,1637,2175,353650.612,3768057.281
BurnedArea,2972,2077,1957,1782,1372,1469,1602,2204,353645.224,3768055.608
BurnedArea,2988,2086,1980,1800,1371,1480,1633,2196,353653.187,3768063.003
BurnedArea,2944,2104,1973,1783,1370,1509,1622,2250,353668.069,3768059.574
BurnedArea,2969,2079,1954,1784,1377,1522,1637,2175,353654.468,3768052.122
BurnedArea,2901,2126,1994,1777,1330,1456,1565,2425,353672.120,3768050.984
BurnedArea,2988,2086,1980,1800,1371,1480,1633,2196,353651.767,3768066.299
BurnedArea,3027,2098,1987,1802,1379,1506,1639,2232,353665.671,3768071.160
BurnedArea,2972,2077,1957,1782,1372,1469,1602,2204,353644.247,3768053.088
BurnedArea,2972,2077,1957,1782,1372,1469,1602,2204,353644.002,3768052.757
BurnedArea,2988,2086,1980,1800,1371,1480,1633,2196,353655.918,3768066.485
BurnedArea,2988,2086,1980,1800,1371,1480,1633,2196,353656.608,3768067.484
BurnedArea,2995,2105,1985,1794,1386,1488,1628,2179,353669.183,3768064.299
BurnedArea,2995,2105,1985,1794,1386,1488,1628,2179,353663.536,3768063.679
BurnedArea,2943,2105,1979,1779,1387,1505,1606,2250,353634.955,3768060.870
BurnedArea,2943,2105,1979,1779,1387,1505,1606,2250,353637.849,3768062.847
BurnedArea,2954,2098,1983,1775,1349,1466,1596,2261,353636.316,3768059.414
BurnedArea,2901,2126,1994,1777,1330,1456,1565,2425,353670.815,3768055.595
BurnedArea,2995,2105,1985,1794,1386,1488,1628,2179,353665.015,3768062.117
BurnedArea,2995,2105,1985,1794,1386,1488,1628,2179,353660.619,3768061.675
BurnedArea,2971,2086,1978,1795,1377,1469,1624,2207,353642.829,3768063.313
BurnedArea,2971,2086,1978,1795,1377,1469,1624,2207,353643.389,3768060.278
BurnedArea,2988,2086,1980,1800,1371,1480,1633,2196,353653.265,3768061.327
BurnedArea,3027,2098,1987,1802,1379,1506,1639,2232,353662.575,3768070.159
BurnedArea,2988,2086,1980,1800,1371,1480,1633,2196,353653.778,3768063.610
BurnedArea,2995,2105,1985,1794,1386,1488,1628,2179,353662.727,3768068.692
BurnedArea,2972,2077,1957,1782,1372,1469,1602,2204,353647.084,3768056.081
BurnedArea,2995,2105,1985,1794,1386,1488,1628,2179,353663.442,3768063.959
BurnedArea,2995,2105,1985,1794,1386,1488,1628,2179,353665.397,3768063.715
BurnedArea,2971,2086,1978,1795,1377,1469,1624,2207,353646.685,3768061.703
BurnedArea,2969,2079,1954,1784,1377,1522,1637,2175,353651.818,3768051.508
BurnedArea,2665,1948,1872,1650,1261,1353,1436,1965,353735.548,3768324.773
BurnedArea,2616,1881,1773,1596,1266,1358,1429,2003,353734.772,3768310.119
BurnedArea,2633,1855,1736,1569,1265,1345,1454,2012,353726.054,3768307.663
BurnedArea,2737,2093,2028,1753,1295,1388,1475,2243,353742.092,3768331.469
BurnedArea,2864,2238,2121,1847,1416,1547,1678,2557,353744.815,3768344.054
BurnedArea,2560,1873,1773,1598,1248,1312,1392,1942,353740.956,3768311.912
BurnedArea,2771,2013,1912,1695,1305,1374,1466,2147,353724.085,3768334.422
BurnedArea,2650,2007,1960,1701,1210,1313,1393,2118,353751.414,3768324.099
BurnedArea,2768,2144,2090,1794,1331,1454,1577,2453,353757.290,3768332.389
BurnedArea,2771,2013,1912,1695,1305,1374,1466,2147,353722.108,3768336.303
BurnedArea,2737,2093,2028,1753,1295,1388,1475,2243,353741.145,3768335.522
BurnedArea,2737,2093,2028,1753,1295,1388,1475,2243,353741.075,3768334.637
BurnedArea,2616,1881,1773,1596,1266,1358,1429,2003,353735.972,3768311.727
BurnedArea,2577,1834,1723,1557,1257,1335,1426,1930,353738.119,3768308.573
BurnedArea,2864,2238,2121,1847,1416,1547,1678,2557,353744.623,3768340.004
BurnedArea,2791,1948,1820,1650,1308,1373,1483,2000,353716.639,3768324.787
BurnedArea,2864,2238,2121,1847,1416,1547,1678,2557,353746.707,3768343.280
BurnedArea,2836,1994,1878,1690,1278,1388,1482,2109,353713.499,3768330.368
BurnedArea,2665,1948,1872,1650,1261,1353,1436,1965,353736.416,3768325.622
BurnedArea,2733,1925,1783,1611,1285,1367,1474,2075,353717.150,3768310.532
BurnedArea,2771,2013,1912,1695,1305,1374,1466,2147,353721.756,3768335.297
BurnedArea,2633,1855,1736,1569,1265,1345,1454,2012,353722.361,3768305.310
BurnedArea,2717,1940,1841,1644,1296,1367,1467,2033,353720.149,3768323.141
BurnedArea,2791,1948,1820,1650,1308,1373,1483,2000,353718.087,3768323.479
BurnedArea,2674,1898,1777,1600,1275,1357,1453,2085,353727.339,3768313.748
BurnedArea,2633,1855,1736,1569,1265,1345,1454,2012,353722.009,3768307.299
BurnedArea,2737,2093,2028,1753,1295,1388,1475,2243,353740.253,3768331.810
BurnedArea,2674,1898,1777,1600,1275,1357,1453,2085,353723.842,3768313.554
BurnedArea,2771,2013,1912,1695,1305,1374,1466,2147,353721.064,3768330.743
BurnedArea,2890,2286,2169,1883,1488,1624,1768,2591,353751.337,3768340.715
BurnedArea,2636,1971,1912,1670,1232,1301,1378,1986,353748.141,3768329.715
BurnedArea,2636,1971,1912,1670,1232,1301,1378,1986,353742.042,3768324.330
BurnedArea,2738,2046,1962,1716,1264,1370,1466,2135,353739.766,3768338.464
BurnedArea,2674,1898,1777,1600,1275,1357,1453,2085,353726.552,3768316.160
BurnedArea,2836,1994,1878,1690,1278,1388,1482,2109,353714.078,3768337.044
BurnedArea,2768,2144,2090,1794,1331,1454,1577,2453,353757.027,3768334.299
BurnedArea,2674,1898,1777,1600,1275,1357,1453,2085,353722.028,3768314.300
BurnedArea,2636,1971,1912,1670,1232,1301,1378,1986,353740.192,3768325.577
BurnedArea,2577,1834,1723,1557,1257,1335,1426,1930,353730.826,3768307.534
BurnedArea,2636,1971,1912,1670,1232,1301,1378,1986,353741.511,3768325.826
BurnedArea,2674,1898,1777,1600,1275,1357,1453,2085,353722.325,3768316.184
BurnedArea,2636,1971,1912,1670,1232,1301,1378,1986,353744.447,3768325.191
BurnedArea,2636,1971,1912,1670,1232,1301,1378,1986,353745.230,3768325.723
BurnedArea,2733,1925,1783,1611,1285,1367,1474,2075,353716.011,3768316.076
BurnedArea,2890,2286,2169,1883,1488,1624,1768,2591,353756.942,3768344.550
BurnedArea,2674,1898,1777,1600,1275,1357,1453,2085,353720.068,3768316.378
BurnedArea,2665,1948,1872,1650,1261,1353,1436,1965,353735.892,3768325.222
BurnedArea,2636,1971,1912,1670,1232,1301,1378,1986,353748.023,3768325.709
BurnedArea,2665,1948,1872,1650,1261,1353,1436,1965,353737.605,3768329.572
BurnedArea,2665,1948,1872,1650,1261,1353,1436,1965,353731.669,3768323.441
BurnedArea,3089,2104,1974,1794,1380,1452,1648,2250,352042.958,3768233.767
BurnedArea,3055,2110,1982,1789,1436,1526,1711,2395,352052.280,3768232.492
BurnedArea,2843,2085,1952,1707,1336,1364,1496,2225,352068.799,3768243.673
BurnedArea,3075,2068,1934,1766,1354,1410,1606,2198,352025.343,3768231.132
BurnedArea,3224,2113,1995,1842,1384,1454,1646,2228,352044.269,3768229.976
BurnedArea,3224,2113,1995,1842,1384,1454,1646,2228,352046.162,3768225.799
BurnedArea,3233,2076,1954,1823,1372,1489,1656,2210,352032.309,3768229.700
BurnedArea,2843,2085,1952,1707,1336,1364,1496,2225,352064.445,3768248.052
BurnedArea,2974,2095,1964,1753,1360,1471,1678,2385,352064.866,3768231.950
BurnedArea,3039,2092,1972,1772,1432,1524,1670,2330,352066.509,3768228.273
BurnedArea,3159,2118,2001,1825,1400,1479,1695,2311,352054.107,3768226.764
BurnedArea,2843,2085,1952,1707,1336,1364,1496,2225,352064.439,3768240.035
BurnedArea,3089,2104,1974,1794,1380,1452,1648,2250,352048.508,3768236.543
BurnedArea,3039,2092,1972,1772,1432,1524,1670,2330,352069.014,3768228.597
BurnedArea,3089,2104,1974,1794,1380,1452,1648,2250,352042.317,3768237.188
BurnedArea,2843,2085,1952,1707,1336,1364,1496,2225,352065.967,3768243.405
BurnedArea,2843,2085,1952,1707,1336,1364,1496,2225,352066.149,3768247.143
BurnedArea,2974,2095,1964,1753,1360,1471,1678,2385,352069.029,3768231.181
BurnedArea,2880,2094,1965,1733,1344,1492,1652,2401,352056.086,3768242.957
BurnedArea,3089,2104,1974,1794,1380,1452,1648,2250,352045.931,3768231.110
BurnedArea,3075,2068,1934,1766,1354,1410,1606,2198,352022.515,3768230.897
BurnedArea,2974,2095,1964,1753,1360,1471,1678,2385,352060.599,3768236.012
BurnedArea,3039,2092,1972,1772,1432,1524,1670,2330,352061.970,3768228.665
BurnedArea,3089,2104,1974,1794,1380,1452,1648,2250,352044.239,3768238.659
BurnedArea,2843,2085,1952,1707,1336,1364,1496,2225,352063.659,3768243.396
BurnedArea,2843,2085,1952,1707,1336,1364,1496,2225,352060.771,3768240.021
BurnedArea,3234,2063,1940,1820,1363,1446,1648,2162,352022.081,3768225.039
BurnedArea,2843,2085,1952,1707,1336,1364,1496,2225,352067.232,3768244.146
BurnedArea,2974,2095,1964,1753,1360,1471,1678,2385,352063.463,3768232.322
BurnedArea,3224,2113,1995,1842,1384,1454,1646,2228,352042.964,3768225.928
BurnedArea,2687,2067,1929,1649,1217,1300,1340,2171,352067.557,3768251.982
BurnedArea,2880,2094,1965,1733,1344,1492,1652,2401,352057.369,3768243.283
BurnedArea,3089,2104,1974,1794,1380,1452,1648,2250,352049.485,3768238.486
BurnedArea,2843,2085,1952,1707,1336,1364,1496,2225,352062.345,3768241.922
BurnedArea,3078,2076,1940,1769,1344,1447,1638,2208,352032.436,3768238.652
BurnedArea,3055,2110,1982,1789,1436,1526,1711,2395,352059.452,3768236.828
BurnedArea,2880,2094,1965,1733,1344,1492,1652,2401,352053.227,3768242.397
BurnedArea,3224,2113,1995,1842,1384,1454,1646,2228,352043.309,3768228.430
BurnedArea,3078,2076,1940,1769,1344,1447,1638,2208,352032.272,3768237.970
BurnedArea,3233,2076,1954,1823,1372,1489,1656,2210,352039.433,3768228.041
BurnedArea,3055,2110,1982,1789,1436,1526,1711,2395,352051.310,3768238.679
BurnedArea,3233,2076,1954,1823,1372,1489,1656,2210,352036.438,3768229.622
BurnedArea,3089,2104,1974,1794,1380,1452,1648,2250,352048.419,3768232.157
BurnedArea,3089,2104,1974,1794,1380,1452,1648,2250,352042.671,3768234.700
BurnedArea,2880,2094,1965,1733,1344,1492,1652,2401,352055.385,3768246.689
BurnedArea,2896,2098,1964,1738,1338,1407,1563,2300,352048.928,3768240.780
BurnedArea,3089,2104,1974,1794,1380,1452,1648,2250,352046.155,3768230.020
BurnedArea,3075,2068,1934,1766,1354,1410,1606,2198,352020.434,3768237.706
BurnedArea,3078,2076,1940,1769,1344,1447,1638,2208,352030.309,3768232.125
BurnedArea,3078,2076,1940,1769,1344,1447,1638,2208,352038.700,3768231.506
BurnedArea,2446,1511,1479,1478,1358,1367,1478,1625,345500.841,3769222.325
BurnedArea,2465,1568,1526,1502,1318,1369,1452,1690,345466.280,3769221.425
BurnedArea,2602,1593,1569,1547,1357,1404,1526,1679,345449.272,3769213.636
BurnedArea,2449,1639,1581,1532,1382,1400,1522,1773,345468.377,3769248.705
BurnedArea,2427,1504,1470,1461,1350,1373,1445,1577,345512.974,3769219.897
BurnedArea,2411,1501,1470,1456,1294,1309,1370,1536,345482.197,3769227.920
BurnedArea,2565,1617,1567,1543,1405,1417,1528,1701,345440.287,3769231.837
BurnedArea,2432,1513,1475,1454,1306,1320,1383,1532,345482.998,3769218.421
BurnedArea,2396,1510,1485,1464,1378,1378,1441,1591,345500.124,3769246.396
BurnedArea,2443,1502,1463,1454,1318,1352,1446,1614,345500.162,3769213.239
BurnedArea,2421,1494,1465,1458,1287,1299,1390,1570,345495.582,3769227.857
BurnedArea,2443,1502,1463,1454,1318,1352,1446,1614,345507.971,3769215.023
BurnedArea,2479,1620,1563,1522,1402,1414,1493,1682,345450.376,3769241.526
BurnedArea,2431,1656,1594,1536,1268,1325,1463,1867,345478.542,3769250.719
BurnedArea,2396,1510,1485,1464,1378,1378,1441,1591,345506.845,3769243.693
BurnedArea,2400,1562,1512,1477,1278,1328,1424,1599,345482.264,3769242.142
BurnedArea,2553,1590,1555,1531,1367,1370,1470,1648,345456.296,3769218.035
BurnedArea,2391,1526,1485,1459,1334,1310,1393,1544,345496.201,3769248.401
BurnedArea,2391,1544,1497,1463,1298,1302,1385,1553,345497.088,3769254.002
BurnedArea,2421,1494,1465,1458,1287,1299,1390,1570,345494.495,3769223.364
BurnedArea,2449,1639,1581,1532,1382,1400,1522,1773,345469.477,3769240.351
BurnedArea,2411,1501,1470,1456,1294,1309,1370,1536,345489.320,3769221.208
BurnedArea,2391,1526,1485,1459,1334,1310,1393,1544,345497.278,3769241.399
BurnedArea,2479,1555,1519,1492,1335,1365,1460,1622,345467.725,3769210.799
BurnedArea,2425,1526,1501,1493,1361,1384,1466,1618,345517.849,3769239.397
BurnedArea,2432,1530,1496,1465,1366,1390,1450,1608,345436.322,3769244.278
BurnedArea,2437,1522,1493,1489,1396,1416,1502,1632,345518.229,3769229.396
BurnedArea,2553,1590,1555,1531,1367,1370,1470,1648,345450.765,3769215.112
BurnedArea,2411,1501,1470,1456,1294,1309,1370,1536,345482.856,3769228.818
BurnedArea,2392,1516,1496,1474,1365,1366,1441,1585,345516.269,3769249.283
BurnedArea,2465,1568,1526,1502,1318,1369,1452,1690,345469.918,3769229.434
BurnedArea,2423,1619,1564,1516,1279,1320,1445,1737,345477.330,3769244.024
BurnedArea,2430,1514,1486,1481,1343,1390,1442,1616,345503.480,3769235.778
BurnedArea,2391,1526,1485,1459,1334,1310,1393,1544,345499.524,3769240.061
BurnedArea,2437,1522,1493,1489,1396,1416,1502,1632,345516.305,3769225.280
BurnedArea,2444,1665,1604,1546,1352,1375,1475,1844,345460.635,3769251.036
BurnedArea,2602,1593,1569,1547,1357,1404,1526,1679,345446.829,3769212.834
BurnedArea,2432,1513,1475,1454,1306,1320,1383,1532,345481.257,3769215.454
BurnedArea,2537,1568,1534,1509,1364,1402,1468,1637,345466.650,3769205.642
BurnedArea,2620,1590,1565,1546,1371,1410,1495,1661,345440.217,3769207.594
BurnedArea,2479,1620,1563,1522,1402,1414,1493,1682,345455.553,3769247.200
BurnedArea,2479,1620,1563,1522,1402,1414,1493,1682,345457.256,3769242.853
BurnedArea,2602,1593,1569,1547,1357,1404,1526,1679,345440.873,3769212.235
BurnedArea,2400,1562,1512,1477,1278,1328,1424,1599,345481.175,3769241.534
BurnedArea,2385,1508,1485,1469,1353,1375,1434,1541,345521.275,3769218.096
BurnedArea,2417,1531,1495,1473,1296,1312,1399,1612,345471.976,3769223.132
BurnedArea,2421,1494,1465,1458,1287,1299,1390,1570,345490.356,3769228.169
BurnedArea,2553,1590,1555,1531,1367,1370,1470,1648,345457.843,3769216.044
BurnedArea,2400,1517,1483,1464,1295,1314,1382,1500,345480.263,3769230.874
BurnedArea,2432,1513,1475,1454,1306,1320,1383,1532,345480.624,3769211.303
BurnedArea,2596,1556,1507,1498,1283,1340,1432,1581,344816.924,3769428.224
BurnedArea,2064,1313,1275,1246,1138,1152,1174,1287,344829.271,3769492.305
BurnedArea,2622,1568,1533,1513,1306,1355,1409,1534,344850.348,3769454.179
BurnedArea,2479,1512,1470,1452,1255,1286,1318,1460,344830.453,3769421.012
BurnedArea,2685,1630,1581,1565,1328,1388,1538,1717,344858.606,3769429.948
BurnedArea,2523,1561,1537,1486,1329,1383,1512,1720,344794.613,3769466.625
BurnedArea,2747,1626,1592,1550,1426,1457,1534,1774,344849.059,3769472.337
BurnedArea,2618,1553,1515,1498,1342,1374,1461,1620,344838.053,3769440.222
BurnedArea,2957,1738,1718,1700,1429,1531,1692,1946,344814.649,3769456.275
BurnedArea,2622,1568,1533,1513,1306,1355,1409,1534,344853.259,3769458.101
BurnedArea,2574,1541,1497,1484,1310,1348,1419,1559,344829.300,3769431.307
BurnedArea,2428,1514,1502,1444,1217,1260,1334,1487,344808.894,3769472.320
BurnedArea,2742,1671,1659,1596,1454,1626,1822,2149,344800.497,3769469.168
BurnedArea,2719,1598,1565,1539,1324,1366,1455,1614,344862.156,3769466.135
BurnedArea,2636,1564,1516,1483,1416,1487,1544,1744,344846.165,3769488.005
BurnedArea,2216,1386,1343,1303,1210,1231,1234,1400,344833.514,3769490.640
BurnedArea,2803,1658,1627,1599,1401,1446,1538,1720,344830.717,3769463.020
BurnedArea,2706,1627,1576,1562,1437,1485,1610,1835,344872.474,3769492.414
BurnedArea,2010,1275,1256,1238,1116,1111,1165,1239,344846.245,3769504.204
BurnedArea,2189,1357,1329,1313,1166,1181,1229,1314,344810.325,3769482.839
BurnedArea,2428,1514,1502,1444,1217,1260,1334,1487,344804.459,3769478.248
BurnedArea,2189,1357,1329,1313,1166,1181,1229,1314,344815.456,3769486.875
BurnedArea,2820,1652,1624,1605,1388,1478,1575,1773,344822.042,3769454.539
BurnedArea,2762,1631,1586,1560,1346,1424,1544,1724,344865.792,3769473.259
BurnedArea,2685,1630,1581,1565,1328,1388,1538,1717,344858.980,3769426.657
BurnedArea,2026,1299,1277,1251,1171,1180,1206,1311,344868.426,3769511.149
BurnedArea,2636,1564,1516,1483,1416,1487,1544,1744,344844.613,3769485.455
BurnedArea,2529,1517,1470,1452,1327,1346,1433,1597,344851.381,3769499.600
BurnedArea,2821,1674,1620,1605,1382,1462,1584,1832,344871.414,3769487.556
BurnedArea,2732,1604,1569,1557,1354,1434,1522,1690,344820.312,3769441.236
BurnedArea,2529,1517,1470,1452,1327,1346,1433,1597,344850.526,3769490.263
BurnedArea,2529,1517,1470,1452,1327,1346,1433,1597,344858.977,3769496.551
BurnedArea,2469,1491,1464,1447,1255,1262,1340,1485,344826.498,3769411.760
BurnedArea,2469,1491,1464,1447,1255,1262,1340,1485,344826.867,3769413.979
BurnedArea,2714,1599,1565,1545,1366,1438,1512,1696,344838.466,3769453.523
BurnedArea,2590,1585,1571,1514,1342,1393,1514,1766,344813.498,3769478.568
BurnedArea,2714,1599,1565,1545,1366,1438,1512,1696,344839.916,3769457.702
BurnedArea,2150,1344,1319,1301,1192,1182,1238,1345,344854.882,3769508.294
BurnedArea,2193,1406,1382,1337,1121,1134,1140,1202,344799.685,3769479.552
BurnedArea,2742,1671,1659,1596,1454,1626,1822,2149,344801.031,3769469.414
BurnedArea,2820,1652,1624,1605,1388,1478,1575,1773,344822.492,3769457.108
BurnedArea,2714,1599,1565,1545,1366,1438,1512,1696,344836.602,3769454.533
BurnedArea,1881,1224,1205,1187,1062,1106,1097,1162,344838.546,3769500.632
BurnedArea,2732,1632,1596,1560,1429,1472,1563,1742,344831.081,3769474.504
BurnedArea,2302,1430,1393,1376,1309,1317,1348,1488,344864.384,3769501.259
BurnedArea,2834,1663,1625,1615,1382,1429,1526,1745,344879.704,3769436.927
BurnedArea,2666,1573,1548,1537,1365,1397,1496,1696,344860.335,3769441.219
BurnedArea,2636,1564,1516,1483,1416,1487,1544,1744,344841.714,3769481.198
BurnedArea,2350,1453,1411,1371,1290,1328,1394,1555,344824.255,3769484.185
BurnedArea,2428,1514,1502,1444,1217,1260,1334,1487,344802.651,3769475.376
BurnedArea,2356,1588,1544,1549,1382,1406,1474,1624,345748.366,3769859.203
BurnedArea,2483,1685,1630,1606,1388,1430,1516,1723,345720.953,3769848.528
BurnedArea,2519,1723,1669,1631,1327,1401,1528,1813,345712.878,3769857.465
BurnedArea,2548,1741,1689,1680,1527,1574,1681,1881,345750.599,3769825.108
BurnedArea,2235,1597,1529,1473,1186,1199,1342,1644,345713.162,3769814.092
BurnedArea,2388,1608,1583,1580,1423,1489,1577,1735,345766.766,3769841.889
BurnedArea,2548,1741,1689,1680,1527,1574,1681,1881,345759.908,3769829.541
BurnedArea,2388,1608,1583,1580,1423,1489,1577,1735,345767.448,3769847.625
BurnedArea,2463,1672,1618,1598,1439,1484,1616,1764,345729.673,3769851.609
BurnedArea,2464,1697,1639,1593,1304,1364,1512,1853,345715.159,3769838.336
BurnedArea,2294,1547,1500,1496,1279,1337,1412,1571,345756.861,3769865.746
BurnedArea,2483,1685,1630,1606,1388,1430,1516,1723,345722.541,3769848.929
BurnedArea,2412,1637,1600,1596,1339,1370,1485,1685,345772.260,3769835.018
BurnedArea,2423,1652,1589,1564,1398,1442,1568,1752,345721.678,3769867.205
BurnedArea,2424,1640,1595,1596,1397,1430,1519,1669,345743.232,3769844.107
BurnedArea,2409,1627,1577,1571,1362,1355,1432,1586,345730.433,3769858.868
BurnedArea,2412,1637,1600,1596,1339,1370,1485,1685,345770.735,3769834.421
BurnedArea,2555,1742,1675,1642,1364,1432,1562,1768,345706.856,3769865.678
BurnedArea,2501,1695,1630,1607,1401,1471,1608,1799,345731.321,3769836.283
BurnedArea,2344,1576,1557,1541,1389,1403,1526,1675,345760.899,3769853.432
BurnedArea,2426,1662,1599,1557,1386,1409,1539,1853,345725.184,3769827.584
BurnedArea,2555,1742,1675,1642,1364,1432,1562,1768,345704.991,3769864.513
BurnedArea,2483,1689,1628,1596,1440,1514,1655,1887,345732.683,3769829.004
BurnedArea,2186,1523,1477,1439,1187,1218,1367,1672,345720.182,3769809.401
BurnedArea,2451,1664,1619,1626,1425,1473,1580,1772,345769.409,3769835.432
BurnedArea,2412,1637,1600,1596,1339,1370,1485,1685,345775.542,3769831.492
BurnedArea,2501,1695,1630,1607,1401,1471,1608,1799,345737.750,3769833.614
BurnedArea,2311,1603,1551,1508,1245,1261,1423,1666,345725.326,3769810.295
BurnedArea,2388,1608,1583,1580,1423,1489,1577,1735,345766.596,3769840.492
BurnedArea,2412,1637,1600,1596,1339,1370,1485,1685,345779.191,3769834.618
BurnedArea,2515,1716,1654,1644,1413,1469,1574,1761,345742.877,3769839.834
BurnedArea,2466,1711,1649,1612,1332,1386,1522,1801,345708.873,3769838.223
BurnedArea,2573,1769,1720,1668,1393,1455,1610,1879,345708.557,3769858.864
BurnedArea,2455,1671,1631,1627,1435,1428,1532,1742,345776.260,3769824.156
BurnedArea,2519,1723,1669,1631,1327,1401,1528,1813,345718.015,3769854.780
BurnedArea,2372,1655,1591,1541,1268,1285,1451,1826,345714.698,3769823.357
BurnedArea,2356,1588,1544,1549,1382,1406,1474,1624,345747.625,3769850.162
BurnedArea,2501,1695,1630,1607,1401,1471,1608,1799,345737.824,3769833.912
BurnedArea,2512,1723,1672,1629,1353,1388,1521,1892,345711.058,3769848.942
BurnedArea,2512,1723,1672,1629,1353,1388,1521,1892,345719.169,3769843.195
BurnedArea,2235,1597,1529,1473,1186,1199,1342,1644,345716.206,3769812.767
BurnedArea,2455,1671,1631,1627,1435,1428,1532,1742,345775.954,3769826.508
BurnedArea,2423,1652,1589,1564,1398,1442,1568,1752,345728.484,3769864.963
BurnedArea,2356,1588,1544,1549,1382,1406,1474,1624,345749.541,3769852.357
BurnedArea,2512,1723,1672,1629,1353,1388,1521,1892,345717.950,3769842.193
BurnedArea,2548,1741,1689,1680,1527,1574,1681,1881,345756.510,3769823.639
BurnedArea,2402,1623,1588,1591,1441,1486,1560,1670,345750.849,3769846.612
BurnedArea,2463,1672,1618,1598,1439,1484,1616,1764,345721.516,3769858.974
BurnedArea,2401,1638,1599,1563,1386,1441,1563,1764,345730.902,3769816.397
BurnedArea,2486,1696,1629,1598,1332,1358,1467,1714,345713.387,3769862.550
BurnedArea,1968,1346,1339,1294,1201,1195,1254,1433,343366.989,3770162.268
BurnedArea,3312,1961,1916,1846,1465,1576,1745,2096,343375.659,3770112.155
BurnedArea,1872,1301,1251,1234,1166,1147,1177,1347,343378.069,3770185.080
BurnedArea,2624,1696,1653,1600,1385,1440,1546,1799,343358.741,3770136.548
BurnedArea,1843,1272,1266,1237,1166,1150,1178,1413,343369.434,3770170.210
BurnedArea,2395,1559,1520,1478,1276,1278,1364,1539,343364.321,3770143.356
BurnedArea,3339,1969,1909,1847,1450,1552,1712,2048,343381.579,3770116.852
BurnedArea,3166,1889,1826,1810,1476,1558,1822,2170,343380.158,3770093.607
BurnedArea,2395,1559,1520,1478,1276,1278,1364,1539,343369.150,3770147.989
BurnedArea,2190,1505,1444,1397,1275,1264,1318,1604,343345.783,3770140.819
BurnedArea,1843,1272,1266,1237,1166,1150,1178,1413,343363.695,3770176.032
BurnedArea,1813,1290,1269,1236,1139,1142,1156,1225,343358.022,3770163.538
BurnedArea,3087,1836,1788,1768,1483,1542,1666,1942,343349.314,3770103.501
BurnedArea,2300,1522,1492,1468,1291,1278,1376,1671,343376.877,3770154.772
BurnedArea,2320,1672,1616,1539,1380,1429,1596,1923,343382.633,3770166.464
BurnedArea,1722,1246,1213,1199,1158,1167,1105,1230,343347.447,3770168.436
BurnedArea,1706,1216,1209,1199,1162,1141,1170,1151,343359.548,3770178.165
BurnedArea,2843,1684,1655,1654,1414,1478,1562,1852,343364.873,3770082.107
BurnedArea,2850,1660,1629,1651,1437,1487,1580,1852,343358.277,3770081.704
BurnedArea,1913,1361,1305,1268,1127,1106,1160,1262,343345.258,3770150.911
BurnedArea,2159,1597,1534,1441,1240,1313,1337,1528,343381.329,3770172.270
BurnedArea,3087,1836,1788,1768,1483,1542,1666,1942,343349.623,3770100.324
BurnedArea,1977,1421,1344,1300,1239,1232,1251,1384,343383.278,3770188.949
BurnedArea,2150,1440,1412,1372,1239,1211,1288,1489,343362.269,3770153.321
BurnedArea,1696,1213,1170,1183,1111,1136,1072,1165,343336.076,3770164.539
BurnedArea,2843,1684,1655,1654,1414,1478,1562,1852,343367.630,3770089.677
BurnedArea,3354,1974,1931,1869,1473,1596,1832,2300,343373.483,3770107.102
BurnedArea,2190,1505,1444,1397,1275,1264,1318,1604,343342.841,3770142.019
BurnedArea,2506,1601,1562,1546,1278,1349,1381,1576,343372.284,3770149.770
BurnedArea,2624,1696,1653,1600,1385,1440,1546,1799,343355.302,3770130.361
BurnedArea,2458,1646,1592,1594,1378,1403,1522,1712,343388.194,3770156.870
BurnedArea,3024,1846,1799,1760,1482,1561,1692,1940,343349.319,3770111.357
BurnedArea,3119,1885,1838,1789,1536,1583,1748,2037,343352.044,3770119.503
BurnedArea,1696,1213,1170,1183,1111,1136,1072,1165,343337.452,3770161.210
BurnedArea,1913,1361,1305,1268,1127,1106,1160,1262,343345.027,3770156.067
BurnedArea,3151,1868,1825,1799,1442,1546,1700,2106,343373.141,3770095.839
BurnedArea,3114,1832,1798,1779,1424,1493,1636,1998,343361.920,3770091.041
BurnedArea,3339,1969,1909,1847,1450,1552,1712,2048,343383.504,3770119.843
BurnedArea,3151,1868,1825,1799,1442,1546,1700,2106,343377.266,3770097.137
BurnedArea,3114,1832,1798,1779,1424,1493,1636,1998,343366.817,3770099.649
BurnedArea,3057,1780,1743,1750,1398,1482,1586,1871,343357.651,3770098.968
BurnedArea,2280,1534,1480,1429,1181,1229,1247,1465,343353.679,3770148.188
BurnedArea,2624,1696,1653,1600,1385,1440,1546,1799,343358.721,3770139.461
BurnedArea,2843,1684,1655,1654,1414,1478,1562,1852,343362.700,3770088.154
BurnedArea,2831,1719,1670,1672,1388,1438,1506,1712,343390.117,3770137.919
BurnedArea,3151,1868,1825,1799,1442,1546,1700,2106,343377.368,3770092.335
BurnedArea,3166,1889,1826,1810,1476,1558,1822,2170,343387.244,3770095.872
BurnedArea,2458,1646,1592,1594,1378,1403,1522,1712,343380.272,3770150.712
BurnedArea,2458,1646,1592,1594,1378,1403,1522,1712,343380.974,3770154.618
BurnedArea,1813,1290,1269,1236,1139,1142,1156,1225,343354.821,3770166.449
BurnedArea,2301,1628,1537,1466,1231,1241,1392,1811,344398.450,3770686.175
BurnedArea,2496,1742,1667,1605,1370,1465,1610,1886,344362.157,3770690.284
BurnedArea,2423,1721,1619,1568,1298,1360,1450,1669,344377.241,3770696.759
BurnedArea,2295,1632,1529,1473,1218,1189,1342,1740,344398.890,3770696.063
BurnedArea,2387,1679,1580,1568,1251,1278,1381,1542,344379.953,3770704.853
BurnedArea,2553,1679,1631,1621,1367,1455,1583,1853,344356.588,3770679.869
BurnedArea,2496,1742,1667,1605,1370,1465,1610,1886,344360.665,3770694.807
BurnedArea,2387,1679,1580,1568,1251,1278,1381,1542,344376.566,3770709.755
BurnedArea,2427,1693,1571,1562,1365,1376,1519,1791,344386.458,3770712.713
BurnedArea,2426,1711,1595,1590,1316,1340,1468,1763,344376.558,3770716.467
BurnedArea,2291,1615,1529,1460,1251,1211,1381,1650,344405.117,3770690.399
BurnedArea,2519,1660,1655,1574,1290,1342,1388,1776,344345.617,3770703.940
BurnedArea,2421,1672,1561,1532,1424,1402,1534,1839,344396.680,3770715.221
BurnedArea,2433,1699,1614,1580,1260,1355,1431,1662,344368.755,3770712.606
BurnedArea,2423,1721,1619,1568,1298,1360,1450,1669,344379.453,3770692.809
BurnedArea,2295,1632,1529,1473,1218,1189,1342,1740,344394.995,3770696.010
BurnedArea,2427,1693,1571,1562,1365,1376,1519,1791,344385.994,3770717.433
BurnedArea,2604,1739,1715,1640,1393,1467,1550,1777,344343.073,3770695.501
BurnedArea,2291,1615,1529,1460,1251,1211,1381,1650,344402.077,3770690.122
BurnedArea,2585,1740,1699,1641,1433,1520,1706,2025,344358.538,3770689.097
BurnedArea,2344,1640,1551,1487,1203,1276,1377,1569,344406.508,3770700.669
BurnedArea,2291,1615,1529,1460,1251,1211,1381,1650,344406.194,3770694.758
BurnedArea,2457,1666,1607,1572,1344,1381,1508,1785,344375.360,3770675.070
BurnedArea,2604,1739,1715,1640,1393,1467,1550,1777,344342.067,3770699.820
BurnedArea,2285,1602,1521,1452,1222,1273,1422,1865,344403.651,3770688.649
BurnedArea,2426,1711,1595,1590,1316,1340,1468,1763,344372.829,3770710.927
BurnedArea,2387,1679,1580,1568,1251,1278,1381,1542,344376.138,3770703.502
BurnedArea,2426,1711,1595,1590,1316,1340,1468,1763,344377.880,3770713.322
BurnedArea,2433,1699,1614,1580,1260,1355,1431,1662,344364.883,3770712.220
BurnedArea,2427,1693,1571,1562,1365,1376,1519,1791,344385.940,3770715.984
BurnedArea,2446,1717,1628,1570,1368,1402,1542,1827,344375.492,3770686.392
BurnedArea,2496,1742,1667,1605,1370,1465,1610,1886,344360.114,3770691.870
BurnedArea,2457,1666,1607,1572,1344,1381,1508,1785,344374.602,3770678.875
BurnedArea,2519,1660,1655,1574,1290,1342,1388,1776,344348.714,3770704.826
BurnedArea,2565,1706,1658,1632,1346,1386,1543,1830,344339.804,3770702.302
BurnedArea,2387,1679,1580,1568,1251,1278,1381,1542,344372.916,3770708.770
BurnedArea,2427,1693,1571,1562,1365,1376,1519,1791,344385.365,3770712.251
BurnedArea,2528,1713,1613,1553,1482,1487,1611,1912,344395.819,3770720.516
BurnedArea,2433,1699,1614,1580,1260,1355,1431,1662,344360.618,3770712.093
BurnedArea,2343,1645,1533,1505,1244,1219,1359,1529,344393.848,3770708.488
BurnedArea,2496,1742,1667,1605,1370,1465,1610,1886,344361.345,3770697.408
BurnedArea,2558,1730,1702,1619,1408,1488,1625,1943,344351.822,3770692.955
BurnedArea,2604,1739,1715,1640,1393,1467,1550,1777,344340.870,3770698.779
BurnedArea,2523,1741,1670,1615,1454,1561,1714,2059,344365.384,3770689.025
BurnedArea,2519,1660,1655,1574,1290,1342,1388,1776,344347.639,3770701.560
BurnedArea,2585,1740,1699,1641,1433,1520,1706,2025,344354.083,3770684.464
BurnedArea,2387,1679,1580,1568,1251,1278,1381,1542,344378.184,3770707.748
BurnedArea,2291,1615,1529,1460,1251,1211,1381,1650,344402.241,3770693.569
BurnedArea,2339,1667,1559,1509,1226,1287,1336,1759,344383.806,3770690.863
BurnedArea,2558,1730,1702,1619,1408,1488,1625,1943,344359.203,3770690.900
BurnedArea,2647,1591,1548,1538,1329,1378,1435,1586,344150.675,3769015.149
BurnedArea,2633,1643,1589,1569,1331,1356,1471,1694,344190.864,3768990.118
BurnedArea,2602,1581,1536,1519,1298,1346,1428,1566,344142.933,3769007.323
BurnedArea,2898,1613,1549,1529,1350,1349,1463,1661,344201.330,3769026.843
BurnedArea,2603,1575,1538,1517,1296,1357,1439,1569,344153.534,3769001.633
BurnedArea,2710,1608,1567,1568,1346,1434,1514,1721,344171.206,3769017.151
BurnedArea,2821,1662,1619,1595,1438,1423,1501,1733,344151.266,3769039.814
BurnedArea,2940,1774,1719,1697,1451,1482,1554,1767,344113.012,3769033.410
BurnedArea,2723,1656,1613,1591,1400,1468,1563,1807,344140.693,3769024.489
BurnedArea,2940,1774,1719,1697,1451,1482,1554,1767,344116.219,3769030.860
BurnedArea,2645,1611,1559,1547,1352,1415,1474,1674,344143.214,3769017.851
BurnedArea,2674,1664,1595,1590,1360,1420,1548,1735,344133.098,3769013.302
BurnedArea,2660,1645,1588,1573,1412,1475,1538,1767,344121.440,3769000.688
BurnedArea,2626,1598,1561,1544,1299,1350,1440,1614,344169.063,3769006.400
BurnedArea,2775,1630,1590,1586,1342,1381,1467,1647,344165.688,3769022.701
BurnedArea,2775,1630,1590,1586,1342,1381,1467,1647,344166.540,3769028.135
BurnedArea,2829,1734,1699,1654,1386,1422,1604,1838,344113.489,3769011.712
BurnedArea,2843,1645,1597,1586,1420,1462,1524,1727,344163.190,3769031.360
BurnedArea,2674,1664,1595,1590,1360,1420,1548,1735,344138.083,3769019.759
BurnedArea,2631,1565,1518,1505,1350,1354,1444,1602,344210.482,3769000.613
BurnedArea,2829,1734,1699,1654,1386,1422,1604,1838,344116.029,3769015.474
BurnedArea,2775,1630,1590,1586,1342,1381,1467,1647,344162.532,3769023.412
BurnedArea,2674,1664,1595,1590,1360,1420,1548,1735,344131.935,3769018.403
BurnedArea,2601,1582,1562,1514,1330,1370,1426,1610,344154.812,3768994.625
BurnedArea,2644,1592,1575,1537,1324,1396,1462,1636,344147.688,3768981.272
BurnedArea,2660,1645,1588,1573,1412,1475,1538,1767,344122.350,3769001.353
BurnedArea,2663,1610,1565,1558,1332,1384,1488,1705,344188.362,3769004.147
BurnedArea,2709,1669,1634,1591,1436,1492,1611,1886,344117.503,3769000.269
BurnedArea,2645,1611,1559,1547,1352,1415,1474,1674,344149.083,3769017.820
BurnedArea,2648,1677,1635,1583,1355,1372,1480,1695,344170.830,3768984.692
BurnedArea,2608,1611,1584,1531,1300,1354,1432,1620,344160.393,3768994.971
BurnedArea,2674,1664,1595,1590,1360,1420,1548,1735,344132.907,3769016.806
BurnedArea,2734,1630,1595,1575,1396,1401,1488,1649,344159.270,3769027.669
BurnedArea,2603,1575,1538,1517,1296,1357,1439,1569,344151.538,3769008.563
BurnedArea,2626,1598,1561,1544,1299,1350,1440,1614,344164.051,3769005.188
BurnedArea,2813,1694,1645,1621,1420,1475,1568,1817,344144.126,3769038.894
BurnedArea,2723,1656,1613,1591,1400,1468,1563,1807,344142.571,3769025.286
BurnedArea,2732,1602,1559,1556,1363,1425,1514,1723,344183.756,3769011.160
BurnedArea,2745,1570,1517,1502,1343,1346,1433,1617,344205.517,3769011.177
BurnedArea,2886,1647,1584,1564,1409,1482,1556,1750,344166.412,3769041.750
BurnedArea,2900,1623,1576,1561,1345,1423,1481,1705,344186.850,3769035.290
BurnedArea,2637,1646,1598,1571,1351,1353,1482,1694,344182.930,3768998.651
BurnedArea,2648,1573,1524,1506,1343,1377,1452,1579,344208.016,3769007.443
BurnedArea,2602,1581,1536,1519,1298,1346,1428,1566,344149.241,3769005.772
BurnedArea,2648,1573,1524,1506,1343,1377,1452,1579,344207.408,3769003.431
BurnedArea,2626,1598,1561,1544,1299,1350,1440,1614,344169.774,3769009.311
BurnedArea,2637,1646,1598,1571,1351,1353,1482,1694,344189.333,3768993.090
BurnedArea,2608,1611,1584,1531,1300,1354,1432,1620,344167.954,3768996.993
BurnedArea,2608,1611,1584,1531,1300,1354,1432,1620,344160.656,3768997.914
BurnedArea,2633,1571,1536,1524,1322,1389,1467,1653,344137.157,3768984.626
BurnedArea,2058,1320,1282,1286,1186,1156,1208,1276,344614.513,3770286.657
BurnedArea,3036,1943,1886,1881,1443,1532,1724,1989,344760.962,3770275.256
BurnedArea,2319,1501,1487,1447,1285,1314,1388,1553,344667.389,3770276.656
BurnedArea,2868,1802,1770,1767,1461,1554,1663,1855,344757.318,3770262.023
BurnedArea,2697,1674,1641,1590,1337,1473,1602,1850,344702.313,3770259.947
BurnedArea,2808,1820,1740,1745,1360,1470,1661,1891,344730.644,3770277.314
BurnedArea,2807,1729,1675,1644,1326,1380,1487,1711,344717.933,3770245.424
BurnedArea,2986,1774,1703,1682,1336,1433,1600,1923,344735.095,3770226.542
BurnedArea,2512,1596,1587,1549,1394,1445,1518,1685,344677.960,3770251.268
BurnedArea,2766,1712,1674,1626,1306,1404,1540,1801,344705.610,3770242.995
BurnedArea,3170,2096,2047,2062,1618,1796,2067,2461,344750.420,3770284.454
BurnedArea,2416,1540,1531,1484,1330,1345,1445,1583,344675.990,3770269.300
BurnedArea,2786,1703,1676,1668,1412,1453,1532,1726,344754.364,3770257.111
BurnedArea,2717,1669,1633,1616,1357,1403,1528,1634,344766.143,3770245.056
BurnedArea,2724,1722,1651,1638,1340,1425,1545,1800,344721.998,3770261.517
BurnedArea,2607,1683,1652,1614,1386,1453,1587,1864,344659.431,3770214.743
BurnedArea,2231,1432,1436,1416,1194,1288,1274,1386,344650.690,3770271.811
BurnedArea,2353,1505,1483,1480,1437,1493,1562,1706,344654.722,3770297.986
BurnedArea,2193,1423,1374,1366,1235,1257,1314,1408,344624.486,3770266.081
BurnedArea,2575,1636,1616,1586,1397,1476,1572,1717,344671.624,3770246.519
BurnedArea,2749,1738,1703,1652,1354,1469,1627,1869,344698.516,3770224.344
BurnedArea,2808,1820,1740,1745,1360,1470,1661,1891,344735.983,3770273.801
BurnedArea,2766,1846,1800,1722,1388,1459,1642,1846,344732.975,3770302.561
BurnedArea,2589,1655,1632,1604,1558,1600,1699,1861,344665.045,3770246.834
BurnedArea,2560,1578,1528,1518,1316,1383,1441,1631,344618.381,3770259.098
BurnedArea,2472,1593,1553,1494,1294,1366,1449,1620,344709.705,3770284.023
BurnedArea,2795,1729,1701,1682,1526,1614,1723,2074,344630.775,3770242.202
BurnedArea,3081,1854,1840,1822,1529,1588,1763,1980,344625.268,3770233.659
BurnedArea,2920,1892,1845,1853,1402,1523,1718,2002,344741.861,3770273.726
BurnedArea,2618,1611,1603,1556,1328,1416,1558,1785,344698.863,3770255.395
BurnedArea,2437,1569,1531,1499,1299,1394,1527,1734,344687.696,3770300.463
BurnedArea,2868,1802,1770,1767,1461,1554,1663,1855,344759.325,3770261.945
BurnedArea,2409,1581,1531,1516,1339,1364,1446,1664,344672.058,3770288.860
BurnedArea,3204,2075,2024,2000,1544,1714,1902,2242,344769.810,3770286.104
BurnedArea,2854,1686,1644,1638,1338,1406,1524,1720,344742.880,3770237.705
BurnedArea,2512,1596,1587,1549,1394,1445,1518,1685,344671.692,3770254.633
BurnedArea,2689,1698,1648,1595,1316,1442,1567,1819,344715.392,3770269.139
BurnedArea,2601,1660,1616,1589,1281,1364,1505,1675,344674.499,3770226.316
BurnedArea,2401,1573,1522,1514,1286,1340,1466,1675,344709.748,3770307.809
BurnedArea,2961,1824,1766,1726,1432,1540,1738,2013,344715.959,3770228.516
BurnedArea,2732,1687,1629,1626,1326,1378,1492,1640,344725.912,3770255.132
BurnedArea,2992,2035,1956,1905,1558,1714,1979,2382,344748.201,3770307.265
BurnedArea,2366,1549,1511,1500,1351,1373,1406,1661,344666.529,3770284.044
BurnedArea,2495,1596,1588,1551,1462,1509,1554,1744,344664.707,3770254.420
BurnedArea,2713,1692,1666,1610,1286,1374,1499,1708,344695.902,3770234.593
BurnedArea,2897,1831,1774,1775,1405,1536,1670,1906,344768.004,3770265.847
BurnedArea,2789,1739,1688,1681,1371,1464,1589,1792,344765.871,3770251.062
BurnedArea,3256,1886,1874,1865,1581,1620,1810,1984,344615.408,3770227.380
BurnedArea,2766,1712,1674,1626,1306,1404,1540,1801,344705.208,3770243.084
BurnedArea,2807,1729,1675,1644,1326,1380,1487,1711,344710.629,3770247.738
BurnedArea,3102,1897,1816,1812,1454,1601,1829,2086,343579.299,3771089.084
BurnedArea,3125,1833,1774,1759,1370,1479,1677,1869,343602.312,3771071.128
BurnedArea,3039,1851,1800,1784,1406,1564,1776,2045,343593.691,3771104.325
BurnedArea,3190,1933,1851,1836,1397,1494,1690,1844,343568.518,3771060.103
BurnedArea,3181,1914,1824,1822,1396,1490,1678,1888,343593.974,3771084.216
BurnedArea,3204,1914,1869,1840,1468,1616,1806,2120,343580.756,3771070.326
BurnedArea,3012,1853,1779,1776,1411,1593,1785,2075,343570.934,3771092.798
BurnedArea,3123,1887,1843,1815,1431,1586,1838,2049,343615.036,3771093.385
BurnedArea,2897,1770,1713,1695,1304,1416,1590,1770,343565.280,3771091.403
BurnedArea,3368,2088,2040,1980,1480,1734,1990,2291,343582.811,3771049.692
BurnedArea,3212,1900,1881,1835,1366,1481,1670,1904,343598.368,3771065.465
BurnedArea,2897,1770,1713,1695,1304,1416,1590,1770,343562.876,3771093.905
BurnedArea,3190,1933,1851,1836,1397,1494,1690,1844,343560.841,3771064.271
BurnedArea,3159,1894,1834,1819,1385,1534,1704,1925,343613.206,3771087.451
BurnedArea,2917,1726,1672,1639,1294,1400,1529,1716,343554.600,3771078.982
BurnedArea,3212,1900,1881,1835,1366,1481,1670,1904,343591.620,3771069.080
BurnedArea,3152,1869,1811,1786,1417,1574,1766,2000,343605.163,3771081.843
BurnedArea,3053,1806,1756,1731,1336,1432,1574,1776,343558.252,3771061.263
BurnedArea,3143,1844,1806,1774,1353,1469,1645,1853,343601.500,3771052.287
BurnedArea,3001,1841,1781,1772,1438,1596,1876,2084,343588.020,3771105.956
BurnedArea,3303,2024,1986,1914,1426,1607,1831,2129,343599.775,3771049.945
BurnedArea,2809,1721,1674,1649,1295,1420,1572,1808,343563.941,3771108.751
BurnedArea,3224,1923,1876,1867,1412,1571,1708,2067,343558.795,3771052.179
BurnedArea,3164,1923,1825,1831,1369,1510,1713,1996,343586.569,3771088.524
BurnedArea,3257,1953,1926,1879,1479,1673,1875,2195,343582.869,3771069.468
BurnedArea,3324,2036,1957,1962,1436,1583,1790,2062,343562.193,3771052.782
BurnedArea,2903,1791,1736,1719,1369,1532,1712,1953,343576.614,3771106.232
BurnedArea,2987,1816,1749,1732,1346,1486,1656,1916,343568.336,3771082.101
BurnedArea,3325,2039,1995,1948,1505,1776,1988,2284,343587.697,3771057.725
BurnedArea,3190,1933,1851,1836,1397,1494,1690,1844,343563.771,3771061.461
BurnedArea,2797,1728,1684,1657,1352,1454,1604,1808,343578.327,3771110.649
BurnedArea,3097,1899,1796,1809,1424,1598,1778,2059,343580.556,3771094.330
BurnedArea,3114,1854,1777,1769,1363,1464,1615,1888,343614.373,3771073.064
BurnedArea,3204,1914,1869,1840,1468,1616,1806,2120,343580.471,3771072.496
BurnedArea,3125,1833,1774,1759,1370,1479,1677,1869,343603.436,3771074.351
BurnedArea,2809,1721,1674,1649,1295,1420,1572,1808,343560.637,3771104.773
BurnedArea,3324,2036,1957,1962,1436,1583,1790,2062,343566.056,3771055.619
BurnedArea,3114,1854,1777,1769,1363,1464,1615,1888,343612.629,3771074.935
BurnedArea,3325,2039,1995,1948,1505,1776,1988,2284,343585.357,3771051.546
BurnedArea,3102,1897,1816,1812,1454,1601,1829,2086,343570.067,3771082.140
BurnedArea,3204,1914,1869,1840,1468,1616,1806,2120,343580.658,3771070.404
BurnedArea,3257,1953,1926,1879,1479,1673,1875,2195,343584.836,3771064.282
BurnedArea,3078,1860,1782,1759,1328,1449,1610,1857,343569.553,3771076.247
BurnedArea,3098,1837,1764,1750,1344,1468,1632,1876,343614.159,3771060.079
BurnedArea,3141,1939,1856,1818,1378,1520,1661,1920,343620.236,3771062.206
BurnedArea,2752,1651,1599,1565,1287,1373,1497,1681,343550.160,3771095.458
BurnedArea,3111,1843,1795,1762,1338,1438,1578,1810,343612.671,3771059.029
BurnedArea,3368,2088,2040,1980,1480,1734,1990,2291,343586.223,3771047.386
BurnedArea,3188,1884,1845,1817,1346,1447,1646,1881,343590.412,3771072.048
BurnedArea,3382,2098,2010,2020,1600,1808,2140,2370,343569.040,3771044.987
BurnedArea,2558,2186,2049,1630,1232,1309,1375,2321,352402.720,3769834.249
BurnedArea,2381,1766,1655,1454,1161,1225,1238,1694,352377.228,3769835.526
BurnedArea,3098,2252,2119,1855,1380,1478,1672,2402,352373.819,3769792.637
BurnedArea,3058,2411,2206,1820,1322,1445,1552,2643,352384.632,3769801.362
BurnedArea,3041,2492,2287,1831,1306,1424,1476,2599,352392.338,3769802.160
BurnedArea,2558,2186,2049,1630,1232,1309,1375,2321,352406.728,3769833.746
BurnedArea,2063,1627,1518,1367,1184,1192,1204,1638,352378.130,3769845.034
BurnedArea,2558,2186,2049,1630,1232,1309,1375,2321,352404.413,3769830.505
BurnedArea,3085,2490,2352,1876,1365,1492,1598,2645,352413.173,3769818.753
BurnedArea,2987,2341,2130,1762,1306,1411,1520,2589,352384.500,3769813.276
BurnedArea,3064,2482,2324,1853,1314,1424,1529,2488,352409.362,3769809.894
BurnedArea,2582,1776,1654,1514,1206,1253,1333,1796,352353.231,3769823.308
BurnedArea,2161,1835,1667,1401,1129,1212,1197,1845,352392.778,3769845.611
BurnedArea,3041,2492,2287,1831,1306,1424,1476,2599,352397.542,3769807.558
BurnedArea,3082,2455,2313,1866,1334,1462,1571,2475,352411.161,3769803.608
BurnedArea,1826,1623,1460,1239,1100,1117,1083,1633,352402.636,3769856.265
BurnedArea,2490,1983,1804,1542,1237,1268,1354,1952,352385.501,3769835.966
BurnedArea,2558,2186,2049,1630,1232,1309,1375,2321,352407.430,3769832.357
BurnedArea,2920,2422,2241,1820,1300,1389,1448,2629,352391.105,3769797.837
BurnedArea,2490,1983,1804,1542,1237,1268,1354,1952,352380.904,3769832.092
BurnedArea,1510,1379,1259,1152,1053,1048,1044,1460,352394.816,3769873.056
BurnedArea,2774,2178,1978,1665,1296,1372,1463,2254,352380.322,3769829.096
BurnedArea,2920,2422,2241,1820,1300,1389,1448,2629,352392.141,3769795.151
BurnedArea,1857,1621,1475,1266,1048,1113,1118,1535,352390.900,3769858.453
BurnedArea,2862,2396,2262,1783,1358,1483,1574,2930,352403.833,3769828.877
BurnedArea,2977,2133,1978,1726,1312,1398,1557,2196,352375.018,3769818.016
BurnedArea,2558,2186,2049,1630,1232,1309,1375,2321,352406.488,3769838.378
BurnedArea,3115,2239,2082,1820,1343,1426,1593,2339,352375.027,3769802.523
BurnedArea,2142,1868,1697,1393,1157,1160,1164,1892,352401.113,3769843.908
BurnedArea,3098,2252,2119,1855,1380,1478,1672,2402,352375.638,3769798.632
BurnedArea,3055,2496,2336,1850,1342,1474,1534,2898,352407.164,3769811.868
BurnedArea,2891,2355,2225,1790,1302,1401,1435,2554,352400.484,3769795.553
BurnedArea,2974,2028,1842,1699,1334,1443,1566,2228,352353.514,3769811.020
BurnedArea,2975,2209,2089,1825,1425,1535,1714,2454,352377.028,3769786.448
BurnedArea,2977,2133,1978,1726,1312,1398,1557,2196,352376.871,3769812.293
BurnedArea,2774,2178,1978,1665,1296,1372,1463,2254,352382.207,3769821.096
BurnedArea,3082,2455,2313,1866,1334,1462,1571,2475,352413.677,3769807.610
BurnedArea,1774,1459,1385,1281,1207,1152,1187,1687,352367.120,3769850.057
BurnedArea,1510,1379,1259,1152,1053,1048,1044,1460,352395.485,3769871.689
BurnedArea,2975,2209,2089,1825,1425,1535,1714,2454,352375.976,3769781.081
BurnedArea,3149,2158,2003,1812,1339,1457,1560,2229,352367.686,3769805.573
BurnedArea,2826,2294,2143,1786,1343,1413,1547,2511,352389.475,3769789.324
BurnedArea,1638,1479,1358,1194,1050,1068,1049,1409,352397.434,3769861.311
BurnedArea,2585,2210,2093,1646,1210,1281,1334,2254,352415.458,3769833.073
BurnedArea,2381,1766,1655,1454,1161,1225,1238,1694,352375.049,3769837.203
BurnedArea,2774,2178,1978,1665,1296,1372,1463,2254,352389.860,3769823.952
BurnedArea,1857,1621,1475,1266,1048,1113,1118,1535,352397.777,3769854.191
BurnedArea,2135,1755,1607,1393,1177,1191,1215,1758,352385.305,3769840.056
BurnedArea,2973,2028,1882,1705,1339,1460,1548,2173,352368.949,3769810.047
BurnedArea,2381,1766,1655,1454,1161,1225,1238,1694,352378.585,3769834.184
BurnedArea,2829,2129,1970,1674,1279,1314,1411,2174,351027.544,3769587.999
BurnedArea,2461,2203,2043,1560,1220,1292,1336,2667,351056.839,3769595.981
BurnedArea,2730,2142,1954,1642,1293,1366,1461,2280,351030.010,3769588.089
BurnedArea,1942,1848,1700,1356,1159,1155,1180,1736,351054.384,3769545.859
BurnedArea,2049,1984,1839,1421,1189,1248,1284,2304,351080.318,3769578.384
BurnedArea,2461,2203,2043,1560,1220,1292,1336,2667,351050.860,3769598.821
BurnedArea,1998,1915,1752,1389,1196,1234,1263,2145,351051.072,3769555.194
BurnedArea,2164,2060,1940,1463,1151,1215,1220,1964,351061.338,3769582.699
BurnedArea,2017,1980,1853,1423,1200,1280,1269,2278,351072.853,3769570.682
BurnedArea,2009,1950,1802,1425,1186,1314,1265,2379,351068.089,3769560.813
BurnedArea,2003,1892,1737,1382,1155,1192,1203,1882,351040.445,3769548.031
BurnedArea,2069,2027,1900,1429,1187,1262,1236,2199,351075.160,3769585.989
BurnedArea,1945,1851,1711,1386,1186,1238,1236,2051,351071.594,3769555.891
BurnedArea,2929,2134,2030,1716,1259,1340,1436,2158,351019.809,3769594.963
BurnedArea,2009,1950,1802,1425,1186,1314,1265,2379,351061.804,3769567.913
BurnedArea,2030,1939,1804,1414,1210,1283,1235,2105,351088.797,3769566.146
BurnedArea,2847,2240,2048,1683,1217,1331,1369,2431,351033.756,3769603.263
BurnedArea,2017,1980,1853,1423,1200,1280,1269,2278,351076.661,3769574.411
BurnedArea,1940,1815,1686,1369,1147,1164,1164,1659,351060.140,3769549.640
BurnedArea,2550,2153,1978,1593,1210,1300,1325,2181,351049.386,3769587.343
BurnedArea,2466,2357,2188,1624,1197,1288,1316,2466,351062.026,3769618.146
BurnedArea,2105,1964,1801,1427,1166,1225,1213,2180,351043.163,3769557.341
BurnedArea,2017,1980,1853,1423,1200,1280,1269,2278,351074.915,3769579.909
BurnedArea,2164,2060,1940,1463,1151,1215,1220,1964,351069.927,3769582.712
BurnedArea,1945,1851,1711,1386,1186,1238,1236,2051,351070.518,3769554.486
BurnedArea,1942,1848,1700,1356,1159,1155,1180,1736,351051.507,3769548.110
BurnedArea,2643,2214,2032,1615,1277,1385,1416,2448,351045.596,3769595.996
BurnedArea,2105,1971,1845,1445,1183,1268,1255,2181,351091.162,3769560.923
BurnedArea,2716,2117,1985,1643,1265,1330,1404,2213,351028.876,3769571.723
BurnedArea,2069,2027,1900,1429,1187,1262,1236,2199,351076.814,3769582.067
BurnedArea,1945,1851,1711,1386,1186,1238,1236,2051,351070.522,3769555.933
BurnedArea,2129,2025,1840,1461,1292,1343,1370,2606,351059.621,3769569.722
BurnedArea,2611,2123,1949,1606,1249,1336,1418,2206,351037.837,3769578.088
BurnedArea,2809,2181,1987,1668,1261,1386,1429,2498,351038.623,3769594.329
BurnedArea,2250,2096,1913,1509,1223,1268,1282,2256,351054.972,3769578.826
BurnedArea,2105,1964,1801,1427,1166,1225,1213,2180,351045.775,3769558.586
BurnedArea,2362,2126,1973,1534,1146,1193,1228,2060,351053.833,3769587.856
BurnedArea,2548,2328,2122,1587,1203,1333,1314,2469,351054.984,3769606.208
BurnedArea,2009,1950,1802,1425,1186,1314,1265,2379,351064.144,3769563.225
BurnedArea,1942,1848,1700,1356,1159,1155,1180,1736,351053.262,3769548.478
BurnedArea,2382,2318,2156,1616,1253,1374,1412,2673,351070.155,3769613.212
BurnedArea,2455,2078,1918,1557,1240,1371,1411,2338,351031.059,3769567.219
BurnedArea,1976,1921,1790,1409,1183,1269,1246,2105,351071.071,3769563.358
BurnedArea,2084,2017,1878,1453,1212,1300,1288,2272,351061.866,3769576.323
BurnedArea,2809,2181,1987,1668,1261,1386,1429,2498,351035.986,3769594.179
BurnedArea,2515,2384,2231,1669,1233,1302,1350,2388,351065.122,3769621.961
BurnedArea,2461,2203,2043,1560,1220,1292,1336,2667,351055.430,3769595.960
BurnedArea,2084,2017,1878,1453,1212,1300,1288,2272,351063.216,3769578.564
BurnedArea,2382,2278,2117,1569,1208,1327,1304,2741,351061.904,3769600.432
BurnedArea,2611,2123,1949,1606,1249,1336,1418,2206,351038.339,3769574.135
BurnedArea,2950,2417,2264,1804,1220,1330,1403,2770,353585.690,3772347.569
BurnedArea,3025,2001,1871,1732,1317,1400,1523,2103,353559.277,3772328.179
BurnedArea,2920,2552,2372,1851,1297,1418,1544,2816,353586.880,3772355.692
BurnedArea,2902,2569,2388,1893,1346,1530,1708,2942,353587.031,3772365.631
BurnedArea,2384,1743,1622,1455,1158,1195,1222,1533,353539.018,3772347.963
BurnedArea,2972,2004,1865,1690,1304,1377,1514,2188,353562.564,3772304.557
BurnedArea,2790,1956,1775,1639,1351,1400,1586,2174,353549.017,3772338.246
BurnedArea,2780,2317,2175,1739,1333,1493,1679,2839,353565.603,3772352.061
BurnedArea,3025,2001,1871,1732,1317,1400,1523,2103,353553.223,3772324.592
BurnedArea,3070,2114,2025,1769,1326,1386,1548,2130,353572.301,3772337.076
BurnedArea,2920,2552,2372,1851,1297,1418,1544,2816,353581.174,3772358.757
BurnedArea,2965,2088,1965,1720,1320,1395,1555,2156,353599.570,3772322.533
BurnedArea,2603,1955,1720,1566,1219,1277,1372,1781,353547.303,3772345.996
BurnedArea,3030,1977,1861,1701,1321,1378,1510,2049,353566.666,3772316.043
BurnedArea,2950,2417,2264,1804,1220,1330,1403,2770,353582.243,3772348.270
BurnedArea,3059,1957,1831,1696,1336,1423,1556,2027,353574.298,3772318.787
BurnedArea,2967,2039,1859,1720,1369,1494,1660,2288,353555.068,3772335.447
BurnedArea,2591,2120,1867,1599,1279,1341,1442,2307,353553.363,3772355.352
BurnedArea,3061,2072,1957,1758,1370,1444,1638,2201,353568.768,3772331.676
BurnedArea,2721,2409,2338,1760,1232,1372,1378,3124,353573.567,3772361.185
BurnedArea,2603,1955,1720,1566,1219,1277,1372,1781,353549.648,3772341.736
BurnedArea,3053,1959,1828,1698,1332,1424,1581,2041,353583.342,3772319.259
BurnedArea,2911,2605,2379,1866,1231,1414,1485,2758,353593.783,3772353.078
BurnedArea,3061,2072,1957,1758,1370,1444,1638,2201,353568.271,3772330.196
BurnedArea,2793,2130,1883,1675,1396,1536,1714,2352,353559.546,3772342.372
BurnedArea,3053,1959,1828,1698,1332,1424,1581,2041,353584.776,3772312.390
BurnedArea,3025,2001,1871,1732,1317,1400,1523,2103,353559.896,3772329.793
BurnedArea,2777,2464,2288,1834,1300,1455,1558,2714,353586.856,3772373.173
BurnedArea,3025,2001,1871,1732,1317,1400,1523,2103,353555.449,3772322.721
BurnedArea,2911,2605,2379,1866,1231,1414,1485,2758,353596.664,3772351.963
BurnedArea,2969,2624,2386,1951,1395,1648,1927,2874,353596.733,3772364.963
BurnedArea,2938,2084,1928,1715,1298,1394,1520,2212,353600.026,3772319.677
BurnedArea,2897,2479,2286,1800,1268,1372,1486,2896,353592.770,3772340.071
BurnedArea,3026,2011,1916,1716,1326,1407,1564,2033,353582.423,3772322.503
BurnedArea,2953,2267,2112,1783,1429,1586,1814,2497,353566.288,3772344.295
BurnedArea,3006,2363,2239,1826,1353,1460,1572,2464,353575.493,3772343.017
BurnedArea,3026,2011,1916,1716,1326,1407,1564,2033,353585.478,3772320.476
BurnedArea,3088,1979,1889,1726,1330,1393,1536,2011,353575.180,3772326.991
BurnedArea,2591,2120,1867,1599,1279,1341,1442,2307,353554.293,3772351.653
BurnedArea,2780,2317,2175,1739,1333,1493,1679,2839,353568.570,3772351.233
BurnedArea,2969,2624,2386,1951,1395,1648,1927,2874,353591.808,3772362.571
BurnedArea,2897,2479,2286,1800,1268,1372,1486,2896,353599.000,3772345.482
BurnedArea,3070,2114,2025,1769,1326,1386,1548,2130,353570.684,3772330.499
BurnedArea,2967,2039,1859,1720,1369,1494,1660,2288,353557.744,3772335.463
BurnedArea,3059,1957,1831,1696,1336,1423,1556,2027,353577.802,3772310.993
BurnedArea,3012,2001,1860,1704,1294,1394,1520,2086,353595.456,3772319.339
BurnedArea,3025,2001,1871,1732,1317,1400,1523,2103,353554.910,3772323.936
BurnedArea,3006,2363,2239,1826,1353,1460,1572,2464,353573.724,3772344.875
BurnedArea,3059,1957,1831,1696,1336,1423,1556,2027,353572.137,3772319.928
BurnedArea,2950,2417,2264,1804,1220,1330,1403,2770,353587.762,3772344.043
BurnedArea,3149,2281,2120,2010,1572,1648,1962,2632,354086.625,3773184.741
BurnedArea,3071,2176,2012,1924,1254,1355,1494,1965,354090.446,3773199.858
BurnedArea,3071,2176,2012,1924,1254,1355,1494,1965,354090.337,3773197.646
BurnedArea,3149,2281,2120,2010,1572,1648,1962,2632,354088.194,3773189.933
BurnedArea,2883,2003,1890,1689,1258,1401,1511,2124,354126.694,3773201.208
BurnedArea,2870,2023,1918,1748,1382,1517,1758,2368,354102.769,3773175.509
BurnedArea,3119,2103,1981,1758,1318,1420,1552,2251,354126.848,3773163.894
BurnedArea,3089,2223,2122,1903,1552,1710,2042,2828,354099.002,3773213.322
BurnedArea,2876,1986,1824,1688,1251,1331,1411,2087,354115.256,3773182.157
BurnedArea,2880,2096,1947,1830,1248,1349,1453,1878,354097.119,3773159.017
BurnedArea,2991,2079,1961,1755,1288,1412,1539,2196,354118.713,3773165.772
BurnedArea,3209,2313,2123,2026,1405,1522,1764,2395,354089.746,3773198.020
BurnedArea,2995,2086,1976,1800,1442,1616,1794,2376,354108.591,3773217.063
BurnedArea,2876,1986,1824,1688,1251,1331,1411,2087,354116.532,3773185.532
BurnedArea,3193,2279,2107,1908,1366,1473,1707,2488,354078.709,3773206.259
BurnedArea,2991,2079,1961,1755,1288,1412,1539,2196,354113.506,3773161.930
BurnedArea,3149,2281,2120,2010,1572,1648,1962,2632,354081.129,3773188.664
BurnedArea,3094,2185,2079,1906,1444,1561,1817,2349,354097.447,3773208.438
BurnedArea,2995,2086,1976,1800,1442,1616,1794,2376,354103.992,3773213.171
BurnedArea,2858,1956,1805,1674,1257,1303,1454,1902,354119.761,3773197.708
BurnedArea,2937,1995,1893,1746,1291,1386,1463,1879,354104.789,3773205.497
BurnedArea,2883,2003,1890,1689,1258,1401,1511,2124,354122.396,3773201.067
BurnedArea,3311,2399,2165,2051,1524,1686,2046,2770,354077.579,3773191.869
BurnedArea,2858,2017,1892,1714,1244,1298,1446,1996,354128.252,3773213.301
BurnedArea,3080,2158,2039,1811,1305,1404,1593,2200,354114.720,3773159.958
BurnedArea,2937,1995,1893,1746,1291,1386,1463,1879,354106.085,3773206.998
BurnedArea,2937,1995,1893,1746,1291,1386,1463,1879,354109.438,3773209.444
BurnedArea,2954,2075,1924,1716,1326,1414,1582,2197,354121.869,3773196.164
BurnedArea,3074,2082,1957,1742,1309,1402,1560,2195,354120.528,3773176.825
BurnedArea,2870,2023,1918,1748,1382,1517,1758,2368,354108.032,3773176.605
BurnedArea,2914,2086,2043,1842,1550,1749,2032,2580,354099.754,3773177.899
BurnedArea,2870,2070,2026,1818,1454,1604,1749,2210,354090.981,3773167.900
BurnedArea,3149,2281,2120,2010,1572,1648,1962,2632,354089.442,3773182.737
BurnedArea,2870,2070,2026,1818,1454,1604,1749,2210,354095.760,3773169.476
BurnedArea,2879,2117,1932,1790,1288,1399,1510,2103,354129.936,3773226.866
BurnedArea,2870,2070,2026,1818,1454,1604,1749,2210,354098.049,3773168.056
BurnedArea,3089,2223,2122,1903,1552,1710,2042,2828,354097.649,3773214.743
BurnedArea,3311,2399,2165,2051,1524,1686,2046,2770,354078.700,3773190.150
BurnedArea,2880,2096,1947,1830,1248,1349,1453,1878,354096.486,3773157.804
BurnedArea,3119,2103,1981,1758,1318,1420,1552,2251,354120.433,3773163.984
BurnedArea,2923,2022,1890,1714,1249,1350,1492,2235,354116.822,3773177.748
BurnedArea,2908,2068,1976,1775,1476,1544,1758,2263,354102.777,3773165.913
BurnedArea,2954,2075,1924,1716,1326,1414,1582,2197,354126.042,3773192.348
BurnedArea,2937,1995,1893,1746,1291,1386,1463,1879,354101.304,3773208.490
BurnedArea,2833,2127,1956,1762,1334,1457,1646,2337,354131.898,3773232.776
BurnedArea,2914,2086,2043,1842,1550,1749,2032,2580,354098.519,3773177.929
BurnedArea,3311,2399,2165,2051,1524,1686,2046,2770,354073.982,3773191.539
BurnedArea,2991,2079,1961,1755,1288,1412,1539,2196,354115.460,3773166.286
BurnedArea,3010,2205,2013,1867,1316,1498,1642,2366,354111.852,3773222.673
BurnedArea,2870,2023,1918,1748,1382,1517,1758,2368,354101.071,3773171.125
BurnedArea,2504,1959,1834,1537,1171,1278,1353,2460,356888.201,3772591.797
BurnedArea,2662,2064,1916,1600,1193,1281,1385,2272,356884.207,3772556.444
BurnedArea,2714,2006,1845,1587,1227,1278,1401,2204,356900.939,3772548.471
BurnedArea,2675,1923,1781,1554,1179,1264,1388,2072,356913.080,3772563.997
BurnedArea,2648,2107,1962,1612,1174,1285,1326,2273,356877.663,3772552.970
BurnedArea,2641,2081,1906,1602,1157,1259,1340,2003,356878.406,3772568.422
BurnedArea,2415,1875,1742,1466,1149,1212,1305,2034,356917.198,3772593.733
BurnedArea,2634,1914,1779,1542,1168,1256,1357,2055,356910.627,3772572.330
BurnedArea,2601,1941,1792,1546,1179,1252,1357,2063,356928.472,3772575.663
BurnedArea,2419,1847,1725,1468,1158,1206,1330,1928,356906.108,3772590.722
BurnedArea,2697,1977,1823,1572,1199,1256,1371,2229,356907.831,3772550.918
BurnedArea,2655,2042,1881,1587,1156,1265,1363,2099,356884.451,3772562.702
BurnedArea,2683,2132,1990,1623,1212,1280,1391,2248,356868.407,3772588.488
BurnedArea,2673,2136,1921,1602,1176,1298,1331,2422,356858.051,3772566.147
BurnedArea,2728,2072,1929,1638,1210,1280,1410,2156,356893.555,3772537.720
BurnedArea,2634,1914,1779,1542,1168,1256,1357,2055,356918.218,3772579.276
BurnedArea,2728,2072,1929,1638,1210,1280,1410,2156,356897.560,3772536.623
BurnedArea,2691,1953,1811,1565,1188,1247,1358,2134,356900.418,3772561.861
BurnedArea,2634,1914,1779,1542,1168,1256,1357,2055,356913.237,3772576.000
BurnedArea,2581,1944,1822,1552,1195,1251,1388,2126,356897.051,3772586.350
BurnedArea,2672,2000,1849,1575,1168,1246,1330,2090,356897.692,3772562.693
BurnedArea,2728,2072,1929,1638,1210,1280,1410,2156,356891.195,3772539.305
BurnedArea,2694,1956,1793,1557,1180,1255,1388,2107,356917.478,3772541.592
BurnedArea,2691,1953,1811,1565,1188,1247,1358,2134,356903.540,3772563.211
BurnedArea,2691,1953,1811,1565,1188,1247,1358,2134,356903.700,3772562.961
BurnedArea,2279,1933,1777,1435,1152,1211,1248,2095,356928.856,3772600.165
BurnedArea,2710,2141,1955,1599,1174,1255,1339,2274,356848.972,3772570.035
BurnedArea,2650,2076,1937,1607,1180,1281,1374,2371,356873.872,3772585.005
BurnedArea,2440,1978,1825,1494,1184,1242,1318,2190,356922.343,3772591.528
BurnedArea,2672,2000,1849,1575,1168,1246,1330,2090,356899.651,3772569.015
BurnedArea,2226,1820,1692,1398,1142,1190,1247,1937,356915.278,3772600.861
BurnedArea,2640,1974,1833,1563,1189,1246,1375,2159,356892.125,3772572.146
BurnedArea,2670,2158,2020,1638,1222,1278,1397,2291,356869.392,3772544.710
BurnedArea,2668,2146,1943,1613,1196,1304,1354,2402,356852.801,3772551.272
BurnedArea,2551,1906,1771,1513,1153,1231,1309,2081,356913.672,3772587.446
BurnedArea,2694,1956,1793,1557,1180,1255,1388,2107,356912.693,3772549.898
BurnedArea,2563,1894,1769,1520,1184,1268,1355,2029,356902.596,3772587.724
BurnedArea,2675,1923,1781,1554,1179,1264,1388,2072,356915.544,3772563.608
BurnedArea,2694,1956,1793,1557,1180,1255,1388,2107,356919.816,3772542.436
BurnedArea,2634,1914,1779,1542,1168,1256,1357,2055,356916.246,3772578.056
BurnedArea,2676,1931,1777,1549,1190,1264,1374,2159,356912.501,3772559.240
BurnedArea,2563,1894,1769,1520,1184,1268,1355,2029,356904.100,3772582.241
BurnedArea,2625,1909,1760,1541,1160,1259,1365,1937,356920.942,3772562.215
BurnedArea,2581,1944,1822,1552,1195,1251,1388,2126,356899.588,3772586.834
BurnedArea,2744,2041,1878,1609,1213,1282,1406,2235,356905.173,3772535.173
BurnedArea,2641,2081,1906,1602,1157,1259,1340,2003,356873.624,3772565.217
BurnedArea,2697,2045,1896,1608,1214,1300,1396,2149,356895.822,3772542.930
BurnedArea,2709,2174,2039,1629,1191,1290,1393,2323,356850.715,3772582.806
BurnedArea,2687,2145,1953,1608,1153,1267,1342,2209,356854.979,3772573.770
BurnedArea,2648,2107,1962,1612,1174,1285,1326,2273,356876.898,3772559.484
BurnedArea,2527,2118,1899,1609,1270,1354,1430,2238,353262.558,3772008.999
BurnedArea,2523,2157,1959,1640,1283,1393,1451,2574,353263.124,3772012.551
BurnedArea,2514,2217,2083,1685,1241,1386,1397,2473,353270.274,3772027.768
BurnedArea,2523,2157,1959,1640,1283,1393,1451,2574,353269.796,3772016.018
BurnedArea,2527,2118,1899,1609,1270,1354,1430,2238,353266.440,3772008.520
BurnedArea,2458,2007,1851,1547,1189,1298,1376,2078,353264.790,3771996.933
BurnedArea,2441,2213,2099,1662,1315,1444,1465,2439,353271.216,3772037.634
BurnedArea,2527,2118,1899,1609,1270,1354,1430,2238,353267.056,3772000.277
BurnedArea,2446,2126,2029,1642,1280,1401,1402,2509,353265.035,3772020.992
BurnedArea,2527,2118,1899,1609,1270,1354,1430,2238,353267.210,3772003.423
BurnedArea,2527,2148,1930,1620,1145,1293,1293,2344,353272.557,3772009.445
BurnedArea,2446,2126,2029,1642,1280,1401,1402,2509,353266.583,3772027.755
BurnedArea,2337,2050,1963,1554,1256,1324,1360,2207,353254.202,3772024.618
BurnedArea,2466,2041,1848,1565,1298,1397,1502,2162,353259.785,3772007.880
BurnedArea,2523,2157,1959,1640,1283,1393,1451,2574,353262.988,3772013.719
BurnedArea,2446,2126,2029,1642,1280,1401,1402,2509,353266.260,3772022.992
BurnedArea,2337,2050,1963,1554,1256,1324,1360,2207,353250.568,3772024.112
BurnedArea,2527,2148,1930,1620,1145,1293,1293,2344,353271.342,3772009.839
BurnedArea,2527,2148,1930,1620,1145,1293,1293,2344,353275.599,3772005.449
BurnedArea,2514,2217,2083,1685,1241,1386,1397,2473,353272.258,3772022.219
BurnedArea,2523,2157,1959,1640,1283,1393,1451,2574,353261.260,3772018.164
BurnedArea,2527,2148,1930,1620,1145,1293,1293,2344,353274.066,3772006.308
BurnedArea,2437,2073,1897,1574,1292,1392,1481,2345,353259.004,3772012.560
BurnedArea,2527,2118,1899,1609,1270,1354,1430,2238,353267.178,3772009.699
BurnedArea,2523,2157,1959,1640,1283,1393,1451,2574,353268.525,3772018.197
BurnedArea,2527,2148,1930,1620,1145,1293,1293,2344,353276.770,3772008.090
BurnedArea,2446,2126,2029,1642,1280,1401,1402,2509,353264.080,3772027.542
BurnedArea,2523,2157,1959,1640,1283,1393,1451,2574,353260.248,3772010.425
BurnedArea,2458,2007,1851,1547,1189,1298,1376,2078,353263.653,3771999.362
BurnedArea,2446,2126,2029,1642,1280,1401,1402,2509,353266.403,3772020.809
BurnedArea,2437,2073,1897,1574,1292,1392,1481,2345,353253.957,3772018.105
BurnedArea,2523,2157,1959,1640,1283,1393,1451,2574,353262.311,3772019.133
BurnedArea,2523,2157,1959,1640,1283,1393,1451,2574,353269.865,3772017.215
BurnedArea,2549,2205,1996,1662,1213,1334,1346,2515,353275.553,3772017.649
BurnedArea,2527,2148,1930,1620,1145,1293,1293,2344,353278.332,3772008.625
BurnedArea,2514,2217,2083,1685,1241,1386,1397,2473,353275.018,3772022.615
BurnedArea,2523,2157,1959,1640,1283,1393,1451,2574,353264.167,3772012.177
BurnedArea,2337,2050,1963,1554,1256,1324,1360,2207,353252.066,3772020.355
BurnedArea,2523,2157,1959,1640,1283,1393,1451,2574,353269.841,3772012.178
BurnedArea,2527,2148,1930,1620,1145,1293,1293,2344,353271.137,3772007.078
BurnedArea,2527,2118,1899,1609,1270,1354,1430,2238,353267.249,3772000.249
BurnedArea,2441,2213,2099,1662,1315,1444,1465,2439,353270.169,3772035.000
BurnedArea,2441,2213,2099,1662,1315,1444,1465,2439,353271.594,3772036.433
BurnedArea,2337,2050,1963,1554,1256,1324,1360,2207,353258.689,3772028.683
BurnedArea,2527,2118,1899,1609,1270,1354,1430,2238,353267.391,3772007.115
BurnedArea,2337,2050,1963,1554,1256,1324,1360,2207,353251.053,3772022.187
BurnedArea,2355,2101,2029,1610,1236,1312,1332,2186,353268.222,3772035.714
BurnedArea,2355,2101,2029,1610,1236,1312,1332,2186,353265.624,3772031.611
BurnedArea,2527,2118,1899,1609,1270,1354,1430,2238,353268.213,3772003.451
BurnedArea,2527,2118,1899,1609,1270,1354,1430,2238,353264.210,3772002.091
BurnedArea,2247,2138,1997,1600,1200,1302,1326,2256,353310.975,3771781.029
BurnedArea,2330,2024,1926,1616,1237,1299,1390,2093,353302.727,3771762.883
BurnedArea,2313,2048,1941,1613,1218,1291,1373,2203,353309.066,3771774.445
BurnedArea,2336,2052,1960,1628,1243,1328,1372,2132,353304.926,3771754.754
BurnedArea,2336,2052,1960,1628,1243,1328,1372,2132,353309.618,3771756.427
BurnedArea,2306,2039,1916,1605,1225,1332,1430,2282,353312.333,3771767.013
BurnedArea,2278,2069,1938,1598,1179,1276,1338,2145,353315.859,3771779.525
BurnedArea,2306,2039,1916,1605,1225,1332,1430,2282,353316.792,3771768.895
BurnedArea,2336,2052,1960,1628,1243,1328,1372,2132,353307.172,3771757.973
BurnedArea,2272,2094,1905,1577,1169,1249,1296,2040,353330.934,3771762.497
BurnedArea,2278,2069,1938,1598,1179,1276,1338,2145,353318.846,3771772.342
BurnedArea,2330,2024,1926,1616,1237,1299,1390,2093,353309.290,3771761.693
BurnedArea,2336,2052,1960,1628,1243,1328,1372,2132,353303.900,3771757.732
BurnedArea,2272,2094,1905,1577,1169,1249,1296,2040,353335.340,3771769.945
BurnedArea,2255,2083,1878,1556,1239,1349,1399,2286,353324.573,3771765.533
BurnedArea,2208,2090,1914,1549,1195,1275,1304,2288,353334.093,3771777.766
BurnedArea,2255,2083,1878,1556,1239,1349,1399,2286,353325.975,3771763.009
BurnedArea,2217,2113,1918,1554,1191,1310,1338,2372,353327.289,3771772.242
BurnedArea,2278,2069,1938,1598,1179,1276,1338,2145,353310.203,3771775.010
BurnedArea,2217,2113,1918,1554,1191,1310,1338,2372,353326.288,3771777.322
BurnedArea,2217,2113,1918,1554,1191,1310,1338,2372,353329.279,3771777.486
BurnedArea,2217,2113,1918,1554,1191,1310,1338,2372,353329.741,3771771.216
BurnedArea,2255,2083,1878,1556,1239,1349,1399,2286,353323.285,3771769.083
BurnedArea,2330,2024,1926,1616,1237,1299,1390,2093,353305.539,3771768.377
BurnedArea,2329,2049,1929,1623,1242,1353,1426,2390,353319.628,3771758.962
BurnedArea,2272,2094,1905,1577,1169,1249,1296,2040,353337.140,3771764.261
BurnedArea,2306,2039,1916,1605,1225,1332,1430,2282,353314.674,3771766.962
BurnedArea,2208,2090,1914,1549,1195,1275,1304,2288,353330.600,3771772.922
BurnedArea,2306,2039,1916,1605,1225,1332,1430,2282,353313.775,3771766.621
BurnedArea,2304,2076,1861,1576,1202,1324,1354,2156,353320.365,3771758.686
BurnedArea,2306,2039,1916,1605,1225,1332,1430,2282,353316.665,3771768.534
BurnedArea,2188,2166,1980,1571,1176,1303,1290,2431,353328.597,3771783.767
BurnedArea,2255,2083,1878,1556,1239,1349,1399,2286,353321.765,3771769.387
BurnedArea,2329,2049,1929,1623,1242,1353,1426,2390,353313.722,3771758.200
BurnedArea,2188,2166,1980,1571,1176,1303,1290,2431,353327.045,3771785.403
BurnedArea,2188,2166,1980,1571,1176,1303,1290,2431,353326.599,3771789.583
BurnedArea,2313,2048,1941,1613,1218,1291,1373,2203,353306.478,3771775.423
BurnedArea,2306,2039,1916,1605,1225,1332,1430,2282,353315.793,3771763.701
BurnedArea,2278,2069,1938,1598,1179,1276,1338,2145,353312.858,3771779.108
BurnedArea,2330,2024,1926,1616,1237,1299,1390,2093,353304.413,3771766.353
BurnedArea,2330,2024,1926,1616,1237,1299,1390,2093,353304.711,3771766.866
BurnedArea,2313,2048,1941,1613,1218,1291,1373,2203,353302.042,3771774.288
BurnedArea,2329,2049,1929,1623,1242,1353,1426,2390,353319.374,3771757.934
BurnedArea,2217,2113,1918,1554,1191,1310,1338,2372,353327.042,3771772.053
BurnedArea,2208,2090,1914,1549,1195,1275,1304,2288,353334.834,3771777.452
BurnedArea,2278,2069,1938,1598,1179,1276,1338,2145,353311.303,3771779.723
BurnedArea,2306,2039,1916,1605,1225,1332,1430,2282,353310.689,3771769.362
BurnedArea,2247,2138,1997,1600,1200,1302,1326,2256,353318.992,3771782.769
BurnedArea,2247,2138,1997,1600,1200,1302,1326,2256,353319.347,3771780.696
BurnedArea,2313,2048,1941,1613,1218,1291,1373,2203,353309.168,3771775.061
Vegetation,2570,3215,2839,1817,1312,1505,1407,3690,353491.258,3769506.315
Vegetation,2513,2971,2697,1792,1276,1413,1421,3391,353522.787,3769453.826
Vegetation,2369,3044,2741,1738,1279,1351,1326,3511,353520.098,3769488.216
Vegetation,2506,3117,2849,1812,1272,1406,1390,3664,353528.323,3769461.817
Vegetation,2342,2977,2726,1714,1235,1382,1342,3368,353514.901,3769508.251
Vegetation,2320,2987,2646,1700,1210,1334,1332,3052,353523.485,3769499.667
Vegetation,2450,3047,2754,1775,1266,1381,1381,3116,353508.273,3769493.312
Vegetation,2499,3079,2815,1790,1287,1394,1365,3337,353515.245,3769465.573
Vegetation,2469,3038,2743,1780,1302,1397,1379,3310,353503.631,3769489.293
Vegetation,2505,2792,2525,1759,1234,1393,1344,3021,353507.957,3769455.133
Vegetation,2499,3079,2815,1790,1287,1394,1365,3337,353518.950,3769467.055
Vegetation,2484,3031,2781,1774,1320,1400,1374,3619,353500.625,3769479.005
Vegetation,2271,2871,2471,1636,1189,1286,1259,2574,353538.862,3769509.200
Vegetation,2493,3100,2817,1819,1238,1404,1360,3435,353530.771,3769474.823
Vegetation,2369,3044,2741,1738,1279,1351,1326,3511,353526.445,3769481.867
Vegetation,2550,3099,2816,1845,1318,1456,1456,3509,353534.308,3769468.390
Vegetation,2485,2626,2419,1739,1286,1462,1419,2596,353499.007,3769457.160
Vegetation,2499,3079,2815,1790,1287,1394,1365,3337,353510.432,3769466.842
Vegetation,2514,2907,2618,1776,1258,1454,1359,3256,353519.596,3769452.432
Vegetation,2485,2626,2419,1739,1286,1462,1419,2596,353498.353,3769455.071
Vegetation,2485,2626,2419,1739,1286,1462,1419,2596,353496.728,3769454.456
Vegetation,2320,2987,2646,1700,1210,1334,1332,3052,353521.120,3769494.523
Vegetation,2310,2971,2576,1681,1225,1340,1312,3096,353523.641,3769506.921
Vegetation,2570,3215,2839,1817,1312,1505,1407,3690,353497.378,3769509.273
Vegetation,2497,2949,2708,1767,1304,1392,1386,3138,353502.580,3769462.625
Vegetation,2285,2903,2586,1663,1205,1311,1340,2696,353533.122,3769490.785
Vegetation,2556,2925,2665,1811,1313,1421,1393,3065,353491.328,3769481.700
Vegetation,2469,3038,2743,1780,1302,1397,1379,3310,353508.224,3769480.000
Vegetation,2556,2925,2665,1811,1313,1421,1393,3065,353494.773,3769488.430
Vegetation,2369,3044,2741,1738,1279,1351,1326,3511,353521.693,3769484.799
Vegetation,2463,3136,2865,1783,1283,1377,1412,3428,353514.673,3769477.850
Vegetation,2315,2927,2475,1652,1204,1364,1301,3004,353536.844,3769513.603
Vegetation,2310,2971,2576,1681,1225,1340,1312,3096,353529.182,3769508.560
Vegetation,2271,2871,2471,1636,1189,1286,1259,2574,353534.661,3769509.353
Vegetation,2407,3077,2769,1756,1246,1377,1361,3285,353518.078,3769484.421
Vegetation,2369,3044,2741,1738,1279,1351,1326,3511,353527.973,3769482.668
Vegetation,2497,2949,2708,1767,1304,1392,1386,3138,353508.290,3769462.760
Vegetation,2463,3136,2865,1783,1283,1377,1412,3428,353511.590,3769473.231
Vegetation,2499,3079,2815,1790,1287,1394,1365,3337,353519.253,3769464.648
Vegetation,2396,3048,2818,1743,1269,1396,1275,3330,353502.774,3769513.739
Vegetation,2310,2971,2576,1681,1225,1340,1312,3096,353522.397,3769500.685
Vegetation,2570,3215,2839,1817,1312,1505,1407,3690,353498.459,3769509.638
Vegetation,2320,2987,2646,1700,1210,1334,1332,3052,353528.942,3769492.553
Vegetation,2310,2971,2576,1681,1225,1340,1312,3096,353526.329,3769504.141
Vegetation,2338,3000,2577,1689,1246,1330,1306,3502,353524.114,3769511.626
Vegetation,2429,3058,2813,1760,1210,1394,1320,3309,353505.983,3769508.604
Vegetation,2485,2626,2419,1739,1286,1462,1419,2596,353498.904,3769456.335
Vegetation,2271,2871,2471,1636,1189,1286,1259,2574,353538.045,3769500.742
Vegetation,2570,3215,2839,1817,1312,1505,1407,3690,353495.720,3769504.906
Vegetation,2450,3047,2754,1775,1266,1381,1381,3116,353508.480,3769495.206
Vegetation,1869,2030,1886,1257,1135,1163,1101,2042,353412.137,3770119.046
Vegetation,1915,2122,1831,1331,1218,1187,1110,1976,353392.267,3770084.519
Vegetation,1838,2031,1811,1273,1197,1164,1056,2065,353401.803,3770129.371
Vegetation,1802,2007,1770,1241,1183,1163,1076,2006,353383.201,3770116.600
Vegetation,1915,2122,1831,1331,1218,1187,1110,1976,353395.361,3770082.018
Vegetation,1809,1919,1709,1218,1111,1134,1116,2073,353363.892,3770114.586
Vegetation,1809,1978,1830,1285,1169,1170,1151,2111,353458.766,3770136.494
Vegetation,1923,1958,1823,1316,1200,1200,1188,2043,353459.481,3770114.109
Vegetation,2135,2423,2181,1434,1200,1327,1222,2526,353415.761,3770082.762
Vegetation,1804,1965,1642,1289,1174,1169,1108,1967,353379.149,3770088.043
Vegetation,1823,2011,1802,1243,1157,1163,1064,2128,353393.546,3770102.591
Vegetation,1795,2034,1789,1271,1195,1164,1113,2129,353400.109,3770132.372
Vegetation,1751,1954,1689,1257,1185,1194,1109,1975,353350.669,3770070.147
Vegetation,1753,1933,1734,1281,1186,1151,1064,2035,353365.895,3770142.650
Vegetation,2498,3164,2899,1817,1240,1491,1457,3676,353440.048,3770067.083
Vegetation,1751,1921,1708,1236,1221,1127,1107,2057,353361.159,3770120.504
Vegetation,1692,1911,1649,1213,1174,1162,1105,1919,353348.614,3770111.603
Vegetation,1910,2135,1906,1352,1210,1194,1181,2437,353461.616,3770124.957
Vegetation,1762,2007,1762,1277,1215,1178,1069,2072,353372.205,3770141.861
Vegetation,1732,1926,1717,1257,1194,1170,1061,2046,353360.551,3770130.441
Vegetation,1779,1922,1660,1275,1114,1174,1120,2070,353363.245,3770097.859
Vegetation,1736,1861,1678,1242,1139,1169,1067,1955,353350.226,3770136.195
Vegetation,1869,2030,1886,1257,1135,1163,1101,2042,353416.024,3770119.768
Vegetation,2189,2590,2262,1480,1227,1225,1218,2851,353426.101,3770088.249
Vegetation,1890,2094,1950,1292,1155,1174,1054,1753,353432.359,3770105.678
Vegetation,1890,2094,1950,1292,1155,1174,1054,1753,353438.923,3770106.394
Vegetation,2066,2316,2001,1451,1264,1245,1105,2134,353393.304,3770072.340
Vegetation,1923,1958,1823,1316,1200,1200,1188,2043,353456.243,3770118.324
Vegetation,1642,1895,1717,1213,1026,1250,1110,2304,353412.439,3770150.318
Vegetation,1923,1958,1823,1316,1200,1200,1188,2043,353450.439,3770115.631
Vegetation,2474,3110,2783,1817,1263,1400,1388,3577,353473.923,3770069.835
Vegetation,1844,1970,1831,1296,1205,1201,1182,2022,353459.415,3770120.895
Vegetation,1761,1975,1781,1258,1157,1145,1115,2377,353433.533,3770149.661
Vegetation,1910,2135,1906,1352,1210,1194,1181,2437,353464.254,3770123.528
Vegetation,1940,2095,1895,1292,1192,1188,1116,2388,353406.909,3770098.289
Vegetation,1806,2073,1770,1265,1195,1152,1086,2053,353384.845,3770142.573
Vegetation,1743,1970,1771,1268,1161,1175,1070,1888,353348.065,3770067.903
Vegetation,2201,2747,2441,1645,1259,1304,1322,2968,353472.583,3770086.924
Vegetation,1910,2135,1906,1352,1210,1194,1181,2437,353460.889,3770127.558
Vegetation,1849,2022,1631,1276,1179,1163,1090,1899,353377.141,3770077.993
Vegetation,1658,1841,1620,1237,1096,1115,1083,1945,353334.720,3770125.513
Vegetation,2430,3114,2714,1701,1322,1346,1425,3188,353432.913,3770073.196
Vegetation,1927,2081,1941,1276,1175,1158,1108,2304,353416.875,3770107.111
Vegetation,1809,1919,1709,1218,1111,1134,1116,2073,353365.851,3770117.179
Vegetation,2200,2639,2338,1518,1244,1166,1238,2642,353436.280,3770083.285
Vegetation,2262,2610,2254,1578,1259,1235,1221,2390,353392.868,3770068.673
Vegetation,2474,3110,2783,1817,1263,1400,1388,3577,353475.758,3770068.058
Vegetation,1645,1912,1632,1234,1142,1127,1055,1937,353334.578,3770112.421
Vegetation,1712,1811,1636,1235,1089,1255,1077,1893,353340.336,3770138.104
Vegetation,1727,2006,1797,1253,1008,1239,1111,2194,353414.646,3770149.114
Vegetation,2444,3320,2907,1677,1116,1299,1228,3329,351467.421,3769968.968
Vegetation,2570,3207,2780,1686,1202,1442,1339,3644,351493.564,3769975.281
Vegetation,2207,2759,2380,1496,1118,1307,1123,2933,351461.515,3770006.973
Vegetation,2034,2265,2104,1480,1078,1107,1194,2076,351575.312,3770072.297
Vegetation,2105,2525,2269,1458,1158,1273,1208,2548,351564.221,3770049.102
Vegetation,2126,2806,2484,1489,1197,1328,1250,3334,351483.645,3770010.284
Vegetation,2084,2636,2334,1432,1163,1254,1200,2542,351585.144,3770037.961
Vegetation,2207,2759,2380,1496,1118,1307,1123,2933,351469.342,3770003.037
Vegetation,2138,2749,2390,1491,1162,1278,1197,2777,351502.253,3770023.854
Vegetation,2385,3163,2749,1582,1166,1302,1210,3315,351472.119,3769975.859
Vegetation,2893,3716,3234,1926,1285,1567,1441,4408,351558.261,3770011.684
Vegetation,2628,3287,2815,1762,1239,1480,1378,3635,351500.242,3769970.544
Vegetation,2865,3612,3182,1932,1317,1420,1437,3640,351538.506,3770018.959
Vegetation,2098,2373,2090,1433,1082,1159,1090,1851,351551.541,3769974.194
Vegetation,2105,2669,2319,1438,1118,1312,1170,3143,351477.657,3770029.012
Vegetation,2226,2942,2643,1531,1113,1298,1181,2804,351483.745,3770007.481
Vegetation,2570,3207,2780,1686,1202,1442,1339,3644,351497.768,3769978.176
Vegetation,1810,2126,1845,1284,1100,1123,1104,1990,351506.212,3770042.366
Vegetation,1919,2348,2052,1371,1108,1223,1158,2826,351495.963,3770031.028
Vegetation,1791,2108,1799,1288,1058,1120,1094,1722,351526.641,3770052.948
Vegetation,1990,2196,1965,1456,1126,1177,1284,2237,351502.849,3770079.639
Vegetation,1913,2030,1865,1388,1102,1152,1080,1935,351536.681,3770075.612
Vegetation,2478,3190,2681,1603,1283,1454,1354,4066,351573.770,3770014.931
Vegetation,2179,2592,2260,1538,1191,1252,1312,2477,351460.820,3770044.478
Vegetation,2760,3504,2959,1843,1284,1422,1399,4121,351525.635,3769985.588
Vegetation,2364,2982,2620,1593,1200,1367,1232,3190,351457.730,3769989.811
Vegetation,1826,1969,1764,1323,1055,1093,1071,1827,351538.584,3770068.467
Vegetation,2385,3163,2749,1582,1166,1302,1210,3315,351471.879,3769974.553
Vegetation,1899,2044,1814,1379,1068,1085,1084,1627,351518.165,3770074.307
Vegetation,2792,3563,3021,1877,1310,1445,1358,3761,351542.665,3769997.533
Vegetation,2034,2265,2104,1480,1078,1107,1194,2076,351573.125,3770072.052
Vegetation,1990,2196,1965,1456,1126,1177,1284,2237,351505.657,3770079.692
Vegetation,1835,2011,1771,1327,1062,1106,1078,1982,351508.943,3770063.309
Vegetation,2693,3375,2955,1826,1168,1414,1346,3660,351529.884,3770014.272
Vegetation,2098,2373,2090,1433,1082,1159,1090,1851,351559.782,3769979.987
Vegetation,2197,2723,2355,1493,1207,1270,1227,3066,351464.042,3770016.533
Vegetation,2411,3046,2512,1629,1169,1108,1104,2243,351580.453,3769998.423
Vegetation,1990,2196,1965,1456,1126,1177,1284,2237,351506.852,3770073.638
Vegetation,2693,3375,2955,1826,1168,1414,1346,3660,351520.435,3770012.362
Vegetation,2138,2749,2390,1491,1162,1278,1197,2777,351503.198,3770024.768
Vegetation,1865,2282,1960,1314,1100,1161,1103,2090,351516.096,3770041.382
Vegetation,2244,2632,2263,1498,1113,1253,1182,2324,351458.236,3770002.447
Vegetation,2138,2749,2390,1491,1162,1278,1197,2777,351502.189,3770022.447
Vegetation,1894,2165,1945,1361,1171,1212,1161,2490,351584.642,3770053.881
Vegetation,2444,3320,2907,1677,1116,1299,1228,3329,351465.325,3769967.773
Vegetation,2372,2776,2367,1538,1148,1197,1142,2711,351571.430,3769991.613
Vegetation,2411,3046,2512,1629,1169,1108,1104,2243,351580.575,3769997.455
Vegetation,2105,2525,2269,1458,1158,1273,1208,2548,351568.846,3770043.403
Vegetation,2276,2746,2389,1510,1133,1154,1132,2174,351450.208,3769996.989
Vegetation,2249,2700,2420,1551,1206,1284,1243,3032,351447.901,3770048.210
Vegetation,1897,2270,2037,1427,1087,1114,1113,1851,349807.667,3769808.485
Vegetation,1594,1946,1617,1155,1152,1101,1066,1888,349921.589,3769714.284
Vegetation,2929,3176,2878,2035,1472,1672,1684,3801,349934.635,3769766.986
Vegetation,1638,1855,1688,1127,1112,1163,1103,2031,349848.621,3769739.912
Vegetation,3014,3549,3225,2201,1474,1640,1705,3884,349881.687,3769799.287
Vegetation,2039,2108,1949,1484,1077,1133,1118,1740,349879.832,3769764.728
Vegetation,1636,1526,1417,1214,1149,1038,1017,1393,349934.478,3769731.996
Vegetation,1617,1799,1654,1183,1190,1152,1096,2001,349807.398,3769755.236
Vegetation,1466,1521,1468,1142,1101,1064,1071,1797,349769.113,3769779.689
Vegetation,2811,3343,3016,2071,1257,1414,1424,3447,349898.972,3769807.607
Vegetation,1618,1821,1681,1146,984,1137,1040,1898,349868.132,3769720.476
Vegetation,1673,1700,1519,1217,1104,1080,1029,1445,349859.467,3769769.442
Vegetation,1929,2139,1903,1390,1215,1263,1239,2412,349865.222,3769853.076
Vegetation,1685,1951,1735,1162,1160,1221,1117,2103,349832.809,3769735.799
Vegetation,2444,2495,2376,1808,1327,1432,1456,2842,349901.964,3769753.532
Vegetation,1617,1799,1654,1183,1190,1152,1096,2001,349805.610,3769754.537
Vegetation,1450,1538,1400,1139,1108,1089,1047,1581,349797.978,3769775.102
Vegetation,1846,2211,1962,1329,1235,1186,1113,2075,349812.321,3769719.397
Vegetation,3105,3536,3395,2297,1634,1832,2028,4413,349872.896,3769790.986
Vegetation,2814,3238,2906,2005,1322,1483,1471,3255,349933.878,3769781.999
Vegetation,2542,2555,2467,1850,1417,1514,1556,2788,349918.148,3769750.761
Vegetation,1751,2030,1793,1202,1209,1230,1130,2153,349835.777,3769720.174
Vegetation,1623,1842,1734,1245,1167,1174,1099,2113,349779.569,3769746.088
Vegetation,2113,2489,2171,1537,1208,1239,1279,2582,349888.712,3769853.020
Vegetation,1523,1639,1475,1063,1116,1108,1056,1711,349826.150,3769765.702
Vegetation,3059,3533,3191,2169,1428,1632,1650,3840,349923.901,3769770.994
Vegetation,1636,1526,1417,1214,1149,1038,1017,1393,349932.643,3769739.823
Vegetation,2173,2900,2535,1609,1246,1367,1308,3455,349819.684,3769814.899
Vegetation,1579,1784,1666,1119,1063,1159,1088,1889,349835.299,3769745.105
Vegetation,2610,3459,3073,1912,1325,1534,1496,4021,349837.045,3769816.877
Vegetation,1911,2030,1825,1372,1061,1107,1095,1939,349789.648,3769801.422
Vegetation,2928,3338,3122,2120,1543,1810,1916,4321,349917.091,3769763.761
Vegetation,2761,3347,3026,2028,1499,1672,1638,3839,349892.574,3769770.191
Vegetation,2113,2489,2171,1537,1208,1239,1279,2582,349880.879,3769851.851
Vegetation,2499,2486,2413,1777,1372,1513,1530,2721,349925.888,3769754.946
Vegetation,1523,1639,1475,1063,1116,1108,1056,1711,349821.776,3769762.537
Vegetation,2700,3229,2940,2019,1270,1374,1404,3165,349892.230,3769819.169
Vegetation,1546,1719,1642,1230,1056,1141,1093,1965,349772.619,3769757.285
Vegetation,1533,1636,1455,1079,1134,1093,1056,1661,349830.733,3769762.824
Vegetation,1450,1538,1400,1139,1108,1089,1047,1581,349793.302,3769774.877
Vegetation,1836,1815,1673,1327,1106,1049,1002,1365,349869.261,3769761.658
Vegetation,2065,2117,1969,1465,1093,1159,1099,2256,349771.928,3769806.090
Vegetation,1490,1665,1473,1163,1106,1145,1054,1761,349793.265,3769765.927
Vegetation,3056,3445,3072,2132,1424,1620,1656,3789,349936.671,3769770.870
Vegetation,1477,1507,1510,1140,1068,1036,1045,1510,349866.126,3769741.353
Vegetation,2765,3021,2931,2083,1489,1610,1672,3840,349865.531,3769784.427
Vegetation,1774,2020,1842,1239,1166,1285,1130,2118,349836.038,3769715.991
Vegetation,1713,1980,1758,1193,1147,1217,1110,2061,349826.140,3769735.376
Vegetation,2313,2707,2523,1704,1151,1260,1238,2445,349831.550,3769829.484
Vegetation,1564,1684,1390,1104,1007,1080,1030,1599,349918.888,3769729.540
Vegetation,2556,3148,2841,1811,1135,1337,1251,3196,350364.522,3770087.542
Vegetation,2490,3087,2733,1803,1233,1486,1544,3635,350347.369,3770089.430
Vegetation,2879,3538,3170,1974,1265,1428,1458,3508,350361.808,3770119.550
Vegetation,2264,3211,2671,1602,1157,1351,1226,4272,350350.420,3770047.478
Vegetation,2709,3144,2887,1889,1324,1462,1564,3300,350375.198,3770129.211
Vegetation,2648,3384,3020,1932,1312,1633,1520,5372,350349.745,3770093.072
Vegetation,2188,2929,2467,1539,1195,1286,1263,3339,350351.282,3770034.669
Vegetation,2285,3269,2806,1632,1207,1435,1200,4405,350333.882,3770052.431
Vegetation,2264,3211,2671,1602,1157,1351,1226,4272,350358.920,3770045.433
Vegetation,2709,3144,2887,1889,1324,1462,1564,3300,350370.844,3770129.778
Vegetation,2493,2955,2670,1780,1216,1351,1323,2994,350392.068,3770121.808
Vegetation,2121,2720,2270,1442,1051,1148,1110,1910,350339.483,3770079.361
Vegetation,2595,3307,2915,1833,1175,1350,1329,3646,350403.265,3770085.049
Vegetation,2289,3043,2552,1613,1209,1347,1292,3513,350329.669,3770104.217
Vegetation,2306,3348,2779,1642,1247,1424,1320,5286,350347.943,3770044.943
Vegetation,2108,2802,2396,1437,1126,1256,1143,2980,350339.791,3770062.534
Vegetation,2324,3023,2428,1645,1181,1301,1283,2638,350336.526,3770088.718
Vegetation,2324,3023,2428,1645,1181,1301,1283,2638,350335.751,3770080.415
Vegetation,2730,3255,2905,1914,1254,1476,1438,3591,350384.693,3770111.846
Vegetation,2500,3384,2857,1751,1246,1365,1347,3853,350332.723,3770107.489
Vegetation,2297,3038,2637,1630,1160,1368,1288,3266,350368.210,3770056.663
Vegetation,2488,3027,2612,1772,1182,1323,1284,2891,350406.251,3770066.458
Vegetation,2188,2929,2467,1539,1195,1286,1263,3339,350359.783,3770036.814
Vegetation,2297,3038,2637,1630,1160,1368,1288,3266,350369.581,3770050.725
Vegetation,2762,3318,2962,1926,1278,1451,1457,3585,350389.246,3770103.026
Vegetation,2717,3365,3056,1904,1306,1512,1458,4291,350361.978,3770094.899
Vegetation,2816,3437,3047,1975,1312,1502,1499,3851,350357.869,3770125.847
Vegetation,2423,3074,2743,1732,1231,1422,1321,3498,350329.512,3770036.578
Vegetation,2567,3129,2870,1858,1302,1463,1443,3641,350359.183,3770084.323
Vegetation,2545,3088,2761,1812,1182,1239,1238,2892,350391.579,3770076.227
Vegetation,2737,3425,3164,1984,1300,1558,1487,4571,350355.961,3770093.890
Vegetation,2470,3031,2587,1752,1242,1374,1340,3348,350401.052,3770054.546
Vegetation,2710,3619,3230,1929,1232,1462,1350,4444,350349.062,3770106.221
Vegetation,2683,3236,2938,1872,1242,1402,1372,3465,350381.485,3770090.982
Vegetation,2272,3247,2701,1602,1191,1232,1174,3642,350348.751,3770055.520
Vegetation,2452,3016,2675,1727,1214,1446,1325,3536,350391.749,3770056.432
Vegetation,2359,3111,2710,1679,1236,1433,1342,3522,350330.474,3770030.542
Vegetation,2244,2960,2588,1592,1153,1276,1239,3317,350363.271,3770046.465
Vegetation,2488,3027,2612,1772,1182,1323,1284,2891,350402.685,3770061.635
Vegetation,2406,3268,2920,1754,1221,1366,1352,4086,350324.539,3770040.789
Vegetation,2610,3197,2887,1839,1205,1369,1316,3575,350396.398,3770080.611
Vegetation,2746,3639,3212,1927,1184,1357,1297,3228,350346.986,3770110.803
Vegetation,2493,2955,2670,1780,1216,1351,1323,2994,350391.655,3770120.606
Vegetation,2372,2918,2551,1686,1105,1228,1210,2632,350362.134,3770075.196
Vegetation,2276,3170,2644,1601,1190,1295,1210,3481,350355.692,3770052.998
Vegetation,2879,3538,3170,1974,1265,1428,1458,3508,350360.444,3770118.667
Vegetation,2595,3307,2915,1833,1175,1350,1329,3646,350400.742,3770085.641
Vegetation,2297,3038,2637,1630,1160,1368,1288,3266,350368.899,3770059.699
Vegetation,2699,3302,2981,1867,1256,1364,1423,3560,350375.649,3770096.823
Vegetation,2237,2970,2345,1595,1184,1373,1254,3709,350320.184,3770092.911
Vegetation,2287,3121,2691,1646,1182,1332,1325,3621,348535.821,3770673.138
Vegetation,2860,3257,3087,2361,1538,1716,2194,3482,348528.187,3770630.906
Vegetation,2107,2762,2466,1584,1114,1155,1162,2322,348471.379,3770614.874
Vegetation,2185,2622,2448,1783,1282,1517,1482,2432,348484.807,3770666.433
Vegetation,2541,3269,2887,1906,1266,1658,1528,4332,348442.808,3770678.870
Vegetation,2279,3007,2763,1918,1330,1608,1547,3441,348493.351,3770698.357
Vegetation,2353,3104,2843,1835,1529,1860,1843,3404,348516.166,3770664.955
Vegetation,2255,2961,2724,1931,1237,1302,1464,2701,348529.033,3770704.471
Vegetation,2530,3148,2836,1960,1509,1698,1775,3552,348513.583,3770643.332
Vegetation,2508,3350,2877,1922,1588,1764,1871,4221,348458.546,3770673.995
Vegetation,3148,3452,3138,2319,1678,1800,1853,3963,348541.227,3770627.036
Vegetation,2130,3096,2661,1727,1255,1526,1424,3000,348504.854,3770689.703
Vegetation,2299,3014,2686,1775,1249,1460,1407,3891,348502.740,3770653.602
Vegetation,2300,2974,2759,1842,1501,1813,1824,3154,348501.763,3770664.159
Vegetation,2457,3168,2772,1970,1560,1977,1812,3073,348466.006,3770670.138
Vegetation,2070,2768,2446,1633,1083,1217,1122,2359,348513.859,3770703.730
Vegetation,2421,3238,2773,1882,1366,1557,1520,2720,348455.205,3770665.989
Vegetation,2204,2977,2505,1735,1278,1498,1408,3436,348454.447,3770644.083
Vegetation,2383,3105,2914,2046,1434,1668,1672,3908,348480.287,3770687.605
Vegetation,2949,3145,2788,2077,1442,1680,1747,3649,348552.648,3770642.533
Vegetation,2045,2505,2242,1594,1175,1231,1210,2354,348488.811,3770657.375
Vegetation,2466,3016,2702,1887,1355,1443,1602,2957,348508.650,3770625.531
Vegetation,2262,2811,2519,1686,1182,1363,1278,3088,348490.489,3770624.939
Vegetation,2241,2734,2479,1803,1478,1536,1662,2576,348477.686,3770668.018
Vegetation,2319,2940,2588,1836,1176,1369,1226,2177,348466.047,3770669.709
Vegetation,3083,3388,3066,2291,1950,2008,2198,4108,348541.854,3770639.354
Vegetation,3148,3452,3138,2319,1678,1800,1853,3963,348549.679,3770627.711
Vegetation,2188,2738,2473,1705,1107,1255,1140,2328,348513.949,3770714.733
Vegetation,2949,3145,2788,2077,1442,1680,1747,3649,348551.694,3770640.732
Vegetation,2070,2768,2446,1633,1083,1217,1122,2359,348515.673,3770706.081
Vegetation,2279,3007,2763,1918,1330,1608,1547,3441,348499.728,3770699.697
Vegetation,2034,2720,2364,1498,1116,1282,1220,2690,348477.219,3770627.755
Vegetation,2511,3291,2958,2129,1656,1808,1943,4396,348478.809,3770688.203
Vegetation,2232,3105,2767,1750,1611,1766,1825,2870,348510.097,3770676.752
Vegetation,2214,3134,2736,1657,1128,1305,1265,3466,348527.711,3770675.530
Vegetation,2096,2660,2319,1587,1312,1370,1363,2448,348492.452,3770643.784
Vegetation,2287,3121,2691,1646,1182,1332,1325,3621,348532.165,3770671.233
Vegetation,2234,3175,2657,1608,1193,1446,1364,3944,348537.641,3770688.503
Vegetation,2541,3269,2887,1906,1266,1658,1528,4332,348443.061,3770670.114
Vegetation,2820,2835,2615,1928,1394,1509,1732,2958,348563.781,3770631.290
Vegetation,2205,2702,2541,1797,1136,1304,1332,2826,348490.645,3770669.678
Vegetation,2214,3134,2736,1657,1128,1305,1265,3466,348525.615,3770674.474
Vegetation,3123,3502,3267,2482,2132,2454,2313,3921,348530.988,3770629.830
Vegetation,2483,3080,2763,1799,1283,1430,1428,3228,348491.097,3770618.685
Vegetation,2860,3257,3087,2361,1538,1716,2194,3482,348527.453,3770639.878
Vegetation,2316,2997,2636,1778,1486,1608,1622,3370,348504.950,3770645.243
Vegetation,2204,2977,2505,1735,1278,1498,1408,3436,348455.064,3770644.766
Vegetation,2949,3145,2788,2077,1442,1680,1747,3649,348553.272,3770645.361
Vegetation,2086,3146,2606,1616,1190,1361,1336,3267,348518.108,3770682.978
Vegetation,2157,2709,2416,1691,1111,1206,1192,2453,348467.791,3770659.383
Vegetation,1978,2775,2600,1597,1239,1344,1278,3667,351961.052,3771731.745
Vegetation,1901,2648,2533,1586,1225,1328,1239,3166,351977.598,3771647.735
Vegetation,2355,3168,2934,1934,1610,1819,1703,2654,351926.733,3771676.322
Vegetation,2293,3722,3170,1840,1222,1477,1308,4636,351939.437,3771715.861
Vegetation,1832,2464,2397,1469,1130,1191,1120,2014,351960.506,3771644.129
Vegetation,2014,2706,2635,1686,1303,1468,1318,2784,351934.394,3771601.150
Vegetation,2087,3066,2598,1651,1203,1297,1224,2864,351943.752,3771569.100
Vegetation,2499,3416,2981,1968,1139,1292,1244,2979,352006.519,3771584.897
Vegetation,1881,2528,2183,1613,1331,1472,1544,2132,351981.621,3771626.375
Vegetation,2412,3159,2753,1891,2564,2648,2644,3470,351960.645,3771708.289
Vegetation,2418,3426,3144,1997,1810,2042,1874,4332,351951.389,3771695.712
Vegetation,2340,3018,2771,1969,1731,1850,2060,2857,351926.886,3771648.603
Vegetation,2099,2430,2235,1659,1396,1568,1461,2460,352020.449,3771634.153
Vegetation,2418,3426,3144,1997,1810,2042,1874,4332,351959.938,3771693.922
Vegetation,2109,2825,2764,1812,1422,1742,1493,4181,351925.219,3771613.710
Vegetation,1827,2647,2323,1529,1239,1358,1268,2566,352001.044,3771716.625
Vegetation,2614,3173,3163,2221,1964,2360,2264,4088,352050.690,3771632.317
Vegetation,2041,3477,2967,1704,1301,1604,1355,4708,352015.258,3771684.259
Vegetation,1891,2630,2290,1572,1105,1121,1123,2353,351932.722,3771555.089
Vegetation,1832,2464,2397,1469,1130,1191,1120,2014,351961.859,3771641.806
Vegetation,2408,3482,2904,2125,1709,1897,2138,3032,351915.173,3771632.811
Vegetation,2058,2704,2386,1553,1248,1385,1196,3235,351940.582,3771652.941
Vegetation,2232,3416,2937,1772,1214,1366,1232,3624,351958.753,3771674.809
Vegetation,1934,2548,2167,1636,1450,1580,1688,2285,351995.005,3771638.779
Vegetation,1762,2060,1913,1375,1073,1084,1063,1556,351905.813,3771684.480
Vegetation,1936,2731,2693,1608,1277,1454,1273,3005,351980.693,3771695.781
Vegetation,2408,3482,2904,2125,1709,1897,2138,3032,351917.721,3771630.995
Vegetation,1829,2494,2249,1450,1185,1205,1200,2585,351987.897,3771720.936
Vegetation,1788,2241,2023,1406,1091,1112,1065,1824,351912.626,3771695.420
Vegetation,1931,2622,2251,1669,1574,1822,2002,2862,351981.441,3771638.272
Vegetation,2610,3796,3285,2249,1488,1883,1830,4736,351911.882,3771657.209
Vegetation,2201,3120,2746,1729,1309,1578,1564,3399,351956.167,3771564.551
Vegetation,2077,2816,2697,1735,1162,1356,1236,3311,351919.797,3771607.363
Vegetation,1901,2390,2148,1504,1137,1191,1149,2012,351912.850,3771681.349
Vegetation,2000,2483,2115,1622,1215,1229,1367,2310,352018.713,3771641.134
Vegetation,2479,3207,2989,2176,1173,1364,1264,2760,352041.046,3771617.699
Vegetation,2208,3088,2763,1820,1211,1385,1298,3179,351918.402,3771672.390
Vegetation,2115,2568,2426,1698,1344,1448,1300,2595,351939.947,3771645.346
Vegetation,2051,3230,3157,1787,1260,1498,1257,3600,351989.042,3771670.135
Vegetation,1943,2589,2383,1572,1120,1170,1231,1895,351941.170,3771598.158
Vegetation,2329,2785,2691,1926,1825,1688,2073,2498,352035.156,3771620.447
Vegetation,2023,3370,3006,1720,1300,1584,1425,4495,352007.146,3771684.717
Vegetation,1832,2464,2397,1469,1130,1191,1120,2014,351967.091,3771644.224
Vegetation,1901,2390,2148,1504,1137,1191,1149,2012,351910.225,3771683.340
Vegetation,1978,2775,2600,1597,1239,1344,1278,3667,351969.806,3771735.347
Vegetation,2511,3622,3377,2220,1558,1828,1718,4373,351958.936,3771718.660
Vegetation,2423,3598,3350,2041,1536,1816,1776,4572,352025.594,3771594.991
Vegetation,2049,2906,2450,1739,1467,1618,1727,3754,352006.060,3771658.311
Vegetation,2436,3320,3014,2111,1336,1502,1398,3535,352047.904,3771608.991
Vegetation,1971,2573,2190,1642,1611,1734,1719,2698,352000.310,3771640.928
Vegetation,1530,1965,1721,1201,1103,1181,1039,2190,352995.584,3770836.021
Vegetation,1675,1936,1735,1205,1159,1175,1167,1627,353013.318,3770810.206
Vegetation,1649,1766,1546,1215,1134,1157,1100,1721,353082.409,3770827.089
Vegetation,1656,1894,1530,1227,1142,1189,1103,1669,353023.583,3770798.445
Vegetation,1610,1757,1692,1222,1155,1151,1133,1695,353047.239,3770878.691
Vegetation,1615,1752,1715,1191,1190,1145,1127,1808,353034.217,3770879.502
Vegetation,1510,1970,1611,1105,1037,1103,1083,1852,352989.974,3770856.623
Vegetation,1565,1893,1683,1242,1113,1198,1144,1875,353066.964,3770884.629
Vegetation,1588,1771,1597,1296,1176,1186,1062,1861,353066.346,3770855.031
Vegetation,1593,1825,1689,1248,1173,1157,1093,1932,353054.905,3770877.786
Vegetation,1551,1804,1626,1209,1069,1185,1117,1751,353061.676,3770896.935
Vegetation,1662,2031,1725,1272,1183,1163,1085,1794,353041.974,3770854.031
Vegetation,1477,1853,1585,1097,1045,1131,1065,1873,352988.597,3770866.942
Vegetation,1662,2031,1725,1272,1183,1163,1085,1794,353045.608,3770856.358
Vegetation,1662,2031,1725,1272,1183,1163,1085,1794,353043.591,3770851.026
Vegetation,1565,1660,1536,1266,1183,1210,1062,1489,353079.961,3770853.310
Vegetation,1735,1818,1741,1242,1159,1193,1059,1752,353041.012,3770805.964
Vegetation,1706,1659,1803,1236,1211,1102,1140,1792,353064.785,3770813.320
Vegetation,1542,2023,1648,1106,1218,1151,1085,1967,352995.788,3770858.008
Vegetation,1639,1926,1657,1291,1138,1157,1062,1901,353056.786,3770852.436
Vegetation,1775,2245,1847,1335,1148,1192,1096,2136,353041.527,3770838.404
Vegetation,1743,2001,1924,1362,1152,1198,1094,2063,353034.577,3770818.808
Vegetation,1680,2144,2041,1241,1089,1084,1185,1831,353016.328,3770824.543
Vegetation,1752,2070,1607,1307,1204,1186,1078,1715,353051.858,3770831.740
Vegetation,1533,1884,1617,1092,1138,1146,1073,1763,352993.442,3770864.670
Vegetation,1618,1867,1707,1269,1218,1145,1039,2034,353059.357,3770867.182
Vegetation,1604,2008,1811,1196,1131,1120,1013,1884,353009.146,3770827.293
Vegetation,1656,1894,1530,1227,1142,1189,1103,1669,353025.807,3770797.561
Vegetation,1783,1923,1804,1195,1240,1159,1092,1924,353042.765,3770796.095
Vegetation,1698,2244,1981,1281,1165,1006,1112,1844,353030.073,3770849.043
Vegetation,1570,1592,1475,1201,1201,1169,1107,1501,353086.807,3770855.181
Vegetation,1672,2214,2077,1236,1141,1186,1085,2070,353016.684,3770836.307
Vegetation,1592,1823,1608,1126,1109,1190,1083,1944,353002.278,3770863.092
Vegetation,1565,1660,1536,1266,1183,1210,1062,1489,353074.310,3770850.481
Vegetation,1672,1730,1561,1236,1184,1216,1128,1592,353076.029,3770834.639
Vegetation,1593,1825,1689,1248,1173,1157,1093,1932,353051.673,3770873.740
Vegetation,1656,1894,1530,1227,1142,1189,1103,1669,353026.430,3770791.024
Vegetation,1571,1708,1631,1207,1138,1187,1091,1924,353088.053,3770862.599
Vegetation,1658,2086,1803,1237,1120,1145,1090,1845,353031.559,3770853.651
Vegetation,1723,2015,1917,1335,1152,1247,1070,1804,353028.893,3770812.560
Vegetation,1634,1743,1575,1288,1242,1192,1078,1810,353066.933,3770842.356
Vegetation,1634,1743,1575,1288,1242,1192,1078,1810,353063.122,3770845.059
Vegetation,1445,1586,1428,1128,1059,1076,1060,1562,353028.146,3770899.154
Vegetation,1573,1916,1677,1289,1131,1169,1045,2488,353066.374,3770863.104
Vegetation,1551,1804,1626,1209,1069,1185,1117,1751,353069.175,3770895.533
Vegetation,1760,2273,2375,1347,1320,1410,1362,3205,353025.740,3770825.027
Vegetation,1563,1951,1726,1260,1127,1192,1070,2567,353077.230,3770875.775
Vegetation,1780,2359,2329,1350,1137,1429,1296,4273,353033.335,3770836.312
Vegetation,1633,1819,1657,1157,1078,1168,1105,1972,353019.370,3770864.276
Vegetation,1588,1771,1597,1296,1176,1186,1062,1861,353065.651,3770856.385
Vegetation,2321,2937,2584,1762,1201,1314,1317,3163,358183.010,3772414.217
Vegetation,1774,1961,1943,1375,1105,1158,1149,2116,358225.894,3772381.918
Vegetation,2384,2596,2361,1714,1224,1308,1342,2726,358188.803,3772339.293
Vegetation,2122,2745,2522,1671,1204,1326,1370,3118,358148.159,3772423.867
Vegetation,2133,2536,2289,1609,1118,1230,1223,2867,358221.445,3772409.774
Vegetation,2011,2353,2133,1487,1124,1235,1236,2692,358177.785,3772388.477
Vegetation,2381,2633,2372,1695,1167,1284,1300,2630,358202.658,3772433.580
Vegetation,2889,3059,2818,1950,1246,1415,1512,3217,358218.486,3772326.765
Vegetation,1746,1904,1750,1304,1049,1108,1074,1782,358173.604,3772370.284
Vegetation,2309,2625,2374,1672,1184,1324,1312,2762,358191.642,3772442.093
Vegetation,2603,2795,2509,1814,1240,1344,1403,2896,358203.494,3772331.775
Vegetation,2709,2855,2581,1869,1256,1343,1382,2866,358181.196,3772321.572
Vegetation,2381,2819,2544,1769,1212,1360,1396,3088,358214.054,3772413.060
Vegetation,2854,3191,2958,1950,1269,1425,1510,3409,358228.355,3772329.777
Vegetation,1972,2053,1961,1396,1142,1210,1211,2334,358157.432,3772344.306
Vegetation,2218,2852,2580,1691,1198,1321,1288,2923,358170.197,3772421.464
Vegetation,2133,2536,2289,1609,1118,1230,1223,2867,358224.921,3772403.426
Vegetation,2268,2678,2459,1680,1218,1344,1393,2664,358152.809,3772407.950
Vegetation,1640,1746,1601,1256,966,1001,1020,1384,358202.611,3772375.625
Vegetation,1784,1998,1799,1376,1114,1114,1152,1918,358180.557,3772352.708
Vegetation,2709,2855,2581,1869,1256,1343,1382,2866,358181.350,3772326.940
Vegetation,2107,2607,2313,1631,1256,1418,1399,3565,358196.596,3772390.926
Vegetation,2403,2902,2610,1803,1201,1368,1336,3128,358202.857,3772417.014
Vegetation,2034,2285,2057,1534,1196,1258,1310,2677,358184.766,3772343.973
Vegetation,1640,1746,1601,1256,966,1001,1020,1384,358207.803,3772372.196
Vegetation,2870,2971,2716,1941,1285,1411,1474,3099,358206.552,3772323.572
Vegetation,2603,2795,2509,1814,1240,1344,1403,2896,358205.038,3772334.956
Vegetation,1831,1965,1781,1364,1078,1119,1126,1795,358164.395,3772352.409
Vegetation,2220,2767,2462,1675,1167,1307,1292,3171,358187.056,3772433.868
Vegetation,1847,2092,2015,1423,1083,1160,1117,2048,358200.644,3772384.988
Vegetation,2191,2657,2396,1618,1196,1300,1298,3034,358173.207,3772394.180
Vegetation,2410,2708,2468,1733,1201,1344,1341,2714,358218.903,3772423.386
Vegetation,1964,2137,1946,1461,1090,1215,1210,2269,358210.789,3772351.095
Vegetation,1964,2137,1946,1461,1090,1215,1210,2269,358210.589,3772359.837
Vegetation,2309,2625,2374,1672,1184,1324,1312,2762,358197.363,3772440.556
Vegetation,1675,1776,1622,1265,991,1044,1031,1473,358175.780,3772368.628
Vegetation,2288,2815,2539,1695,1191,1329,1327,3336,358171.113,3772404.606
Vegetation,2107,2607,2313,1631,1256,1418,1399,3565,358192.011,3772391.027
Vegetation,2268,2678,2459,1680,1218,1344,1393,2664,358159.385,3772400.219
Vegetation,2194,2416,2199,1603,1180,1287,1310,2659,358206.829,3772349.739
Vegetation,1784,1998,1799,1376,1114,1114,1152,1918,358180.060,3772355.390
Vegetation,1847,2092,2015,1423,1083,1160,1117,2048,358200.228,3772380.489
Vegetation,1844,2038,1893,1362,1100,1147,1140,2168,358160.711,3772371.684
Vegetation,2601,2754,2506,1777,1185,1307,1340,2738,358174.897,3772326.684
Vegetation,2410,2708,2468,1733,1201,1344,1341,2714,358212.821,3772427.731
Vegetation,2940,3096,2656,1982,1343,1474,1536,3372,358178.863,3772316.901
Vegetation,2870,2971,2716,1941,1285,1411,1474,3099,358203.878,3772328.925
Vegetation,1984,2250,2100,1449,1079,1205,1174,2481,358159.235,3772377.457
Vegetation,2854,3191,2958,1950,1269,1425,1510,3409,358222.268,3772326.373
Vegetation,2381,2819,2544,1769,1212,1360,1396,3088,358213.909,3772414.460
Vegetation,2389,2411,2134,1644,1147,1220,1246,2481,353129.948,3769040.110
Vegetation,2356,2399,2147,1629,1166,1244,1270,2464,353130.025,3769031.938
Vegetation,2936,2631,2407,1919,1391,1531,1674,2816,353126.234,3769073.961
Vegetation,2636,2523,2400,1824,1238,1410,1505,3198,353148.563,3769101.669
Vegetation,2824,2543,2302,1832,1246,1376,1505,2763,353117.153,3769080.790
Vegetation,2792,2492,2296,1805,1353,1483,1636,2849,353118.295,3769067.989
Vegetation,2629,2419,2289,1784,1277,1474,1476,3216,353148.296,3769070.275
Vegetation,2738,2556,2338,1829,1292,1485,1558,3024,353139.421,3769062.583
Vegetation,2738,2556,2338,1829,1292,1485,1558,3024,353132.511,3769065.154
Vegetation,2389,2411,2134,1644,1147,1220,1246,2481,353127.138,3769043.427
Vegetation,2556,2493,2230,1730,1245,1368,1424,2767,353125.617,3769051.497
Vegetation,2669,2503,2410,1867,1263,1428,1522,3126,353148.688,3769090.316
Vegetation,2407,2242,2157,1683,1210,1285,1301,2478,353152.281,3769081.581
Vegetation,2880,2538,2323,1847,1266,1434,1542,2775,353119.029,3769075.490
Vegetation,2363,2433,2173,1646,1170,1202,1232,2332,353136.125,3769041.466
Vegetation,2824,2543,2302,1832,1246,1376,1505,2763,353113.348,3769088.004
Vegetation,2669,2503,2410,1867,1263,1428,1522,3126,353147.606,3769099.752
Vegetation,2234,2193,2105,1566,1233,1368,1388,2565,353155.709,3769056.821
Vegetation,2669,2503,2410,1867,1263,1428,1522,3126,353141.434,3769096.453
Vegetation,2629,2419,2289,1784,1277,1474,1476,3216,353142.120,3769076.589
Vegetation,2491,2485,2237,1712,1206,1349,1368,2710,353135.682,3769056.832
Vegetation,2936,2631,2407,1919,1391,1531,1674,2816,353128.973,3769076.900
Vegetation,2234,2193,2105,1566,1233,1368,1388,2565,353155.140,3769052.980
Vegetation,2834,2589,2410,1919,1330,1506,1651,2938,353130.493,3769082.520
Vegetation,2826,2591,2355,1858,1365,1528,1627,2962,353124.117,3769060.055
Vegetation,2853,2591,2396,1898,1338,1557,1650,3106,353130.061,3769072.733
Vegetation,2529,2389,2246,1717,1218,1307,1366,2682,353149.168,3769060.780
Vegetation,2288,2149,2035,1567,1171,1225,1219,2019,353157.541,3769063.799
Vegetation,2790,2578,2353,1866,1241,1386,1452,2817,353125.714,3769090.464
Vegetation,2834,2589,2410,1919,1330,1506,1651,2938,353133.397,3769082.509
Vegetation,2256,2253,2175,1596,1255,1378,1374,2632,353159.118,3769049.856
Vegetation,2853,2591,2396,1898,1338,1557,1650,3106,353133.122,3769076.981
Vegetation,2767,2573,2399,1889,1241,1418,1523,2920,353132.503,3769099.560
Vegetation,2669,2503,2410,1867,1263,1428,1522,3126,353141.616,3769097.948
Vegetation,2256,2253,2175,1596,1255,1378,1374,2632,353156.699,3769042.653
Vegetation,2288,2149,2035,1567,1171,1225,1219,2019,353154.451,3769069.294
Vegetation,2256,2253,2175,1596,1255,1378,1374,2632,353150.078,3769040.046
Vegetation,2669,2503,2410,1867,1263,1428,1522,3126,353142.473,3769099.828
Vegetation,2667,2469,2373,1853,1322,1450,1526,3078,353147.051,3769080.076
Vegetation,2363,2433,2173,1646,1170,1202,1232,2332,353138.483,3769046.612
Vegetation,2826,2591,2355,1858,1365,1528,1627,2962,353122.582,3769066.347
Vegetation,2738,2556,2338,1829,1292,1485,1558,3024,353135.095,3769066.989
Vegetation,2669,2503,2410,1867,1263,1428,1522,3126,353141.822,3769095.028
Vegetation,2389,2411,2134,1644,1147,1220,1246,2481,353129.548,3769049.923
Vegetation,2667,2469,2373,1853,1322,1450,1526,3078,353141.195,3769088.783
Vegetation,2366,2379,2243,1652,1210,1361,1381,2870,353142.162,3769054.727
Vegetation,2886,2614,2387,1912,1340,1469,1645,2790,353129.473,3769088.721
Vegetation,2288,2149,2035,1567,1171,1225,1219,2019,353156.694,3769066.169
Vegetation,2790,2578,2353,1866,1241,1386,1452,2817,353123.488,3769092.546
Vegetation,2880,2538,2323,1847,1266,1434,1542,2775,353118.498,3769073.271
Vegetation,2306,2654,2394,1616,1149,1264,1248,2822,349336.040,3771658.120
Vegetation,2213,2558,2365,1582,1135,1294,1243,3217,349320.305,3771685.312
Vegetation,2270,2841,2553,1658,1147,1258,1268,3065,349370.446,3771686.678
Vegetation,2211,2616,2289,1565,1168,1276,1312,2881,349322.811,3771630.206
Vegetation,2397,2779,2514,1673,1189,1297,1324,2795,349372.893,3771644.378
Vegetation,2324,2678,2437,1645,1164,1288,1323,2727,349348.679,3771655.080
Vegetation,2260,2792,2542,1648,1151,1270,1257,3007,349364.129,3771710.851
Vegetation,2269,2709,2463,1660,1222,1388,1380,3076,349326.657,3771727.078
Vegetation,2222,2625,2351,1601,1182,1284,1284,2559,349323.416,3771705.549
Vegetation,2266,2605,2337,1580,1145,1298,1284,3062,349328.738,3771649.182
Vegetation,2164,2551,2318,1541,1151,1259,1254,2620,349292.370,3771688.747
Vegetation,2213,2558,2365,1582,1135,1294,1243,3217,349325.506,3771680.535
Vegetation,2177,2365,2157,1520,1191,1276,1254,2379,349288.966,3771643.292
Vegetation,2172,2520,2298,1560,1135,1228,1225,2661,349311.175,3771693.310
Vegetation,2288,2708,2410,1625,1159,1274,1268,2943,349354.904,3771675.889
Vegetation,2302,2581,2290,1604,1137,1270,1296,2602,349323.086,3771667.981
Vegetation,2321,2735,2437,1647,1184,1326,1338,3175,349355.378,3771667.690
Vegetation,2188,2578,2344,1563,1158,1273,1274,2881,349296.624,3771671.622
Vegetation,2160,2513,2286,1545,1154,1213,1245,2381,349309.785,3771698.988
Vegetation,2302,2862,2590,1685,1153,1279,1284,3254,349370.664,3771704.740
Vegetation,2306,2628,2320,1618,1150,1274,1247,2723,349333.576,3771661.233
Vegetation,2250,2659,2403,1602,1147,1227,1245,2659,349353.084,3771687.592
Vegetation,2213,2558,2365,1582,1135,1294,1243,3217,349323.089,3771688.073
Vegetation,2228,2590,2394,1590,1165,1287,1274,3039,349332.714,3771680.964
Vegetation,2230,2705,2448,1622,1134,1288,1257,2879,349355.205,3771723.156
Vegetation,2379,2876,2591,1678,1185,1309,1306,3254,349377.773,3771651.725
Vegetation,2379,2876,2591,1678,1185,1309,1306,3254,349377.145,3771652.701
Vegetation,2211,2603,2410,1588,1119,1237,1206,2727,349331.537,3771694.192
Vegetation,2397,2779,2514,1673,1189,1297,1324,2795,349378.439,3771641.484
Vegetation,2306,2628,2320,1618,1150,1274,1247,2723,349339.127,3771660.017
Vegetation,2261,2807,2546,1659,1135,1245,1278,3184,349361.874,3771700.095
Vegetation,2179,2492,2265,1547,1154,1244,1255,2521,349307.126,3771684.715
Vegetation,2280,2803,2527,1631,1188,1300,1300,3252,349374.000,3771723.210
Vegetation,2207,2510,2243,1565,1109,1212,1226,2626,349302.602,3771636.052
Vegetation,2228,2692,2446,1610,1139,1241,1257,2997,349354.831,3771705.123
Vegetation,2179,2492,2265,1547,1154,1244,1255,2521,349306.881,3771686.928
Vegetation,2277,2666,2413,1652,1192,1298,1304,2798,349335.937,3771730.811
Vegetation,2337,2901,2549,1673,1148,1345,1322,3486,349367.327,3771661.704
Vegetation,2188,2578,2344,1563,1158,1273,1274,2881,349293.998,3771675.536
Vegetation,2188,2578,2344,1563,1158,1273,1274,2881,349291.991,3771675.530
Vegetation,2260,2792,2542,1648,1151,1270,1257,3007,349365.418,3771718.500
Vegetation,2351,2739,2484,1668,1189,1328,1338,2896,349355.509,3771659.991
Vegetation,2378,2650,2373,1649,1193,1335,1348,2916,349379.400,3771634.409
Vegetation,2288,2708,2410,1625,1159,1274,1268,2943,349350.954,3771673.695
Vegetation,2274,2705,2439,1656,1219,1354,1338,2933,349339.787,3771721.444
Vegetation,2321,2735,2437,1647,1184,1326,1338,3175,349356.529,3771664.495
Vegetation,2280,2803,2527,1631,1188,1300,1300,3252,349373.693,3771727.451
Vegetation,2213,2558,2365,1582,1135,1294,1243,3217,349323.643,3771685.613
Vegetation,2324,2943,2603,1666,1178,1345,1328,3483,349376.129,3771663.182
Vegetation,2206,2535,2313,1563,1177,1289,1283,2852,349299.912,3771663.738
Vegetation,2767,3200,2995,2079,1286,1449,1530,3193,347422.951,3771067.340
Vegetation,2674,3026,2756,2021,1266,1429,1422,3557,347439.249,3771029.075
Vegetation,2620,3004,2755,1887,1236,1350,1371,3222,347400.202,3771063.885
Vegetation,2767,3200,2995,2079,1286,1449,1530,3193,347428.342,3771065.484
Vegetation,2858,3135,2941,2232,1403,1656,1686,3487,347430.450,3771051.606
Vegetation,2701,2916,2658,1943,1217,1446,1380,3322,347384.612,3771008.431
Vegetation,2674,3026,2756,2021,1266,1429,1422,3557,347436.684,3771021.572
Vegetation,2801,2944,2696,1997,1387,1646,1706,2985,347389.534,3771023.094
Vegetation,2632,3087,2845,1917,1258,1425,1430,3388,347410.829,3771068.692
Vegetation,2960,3081,2976,2464,2122,2346,2662,3601,347442.972,3771058.260
Vegetation,2721,2936,2690,1973,1332,1396,1502,2773,347387.983,3771015.067
Vegetation,2636,2895,2704,1870,1268,1478,1380,2828,347400.259,3771027.743
Vegetation,2612,2769,2622,1882,1439,1585,1804,3012,347405.395,3771004.708
Vegetation,2871,3209,3060,2253,1558,1700,1936,3287,347433.784,3771060.282
Vegetation,2834,3122,2836,2082,1457,1720,1782,3864,347386.202,3771050.234
Vegetation,2801,2944,2696,1997,1387,1646,1706,2985,347381.156,3771022.360
Vegetation,2730,2951,2725,1990,1242,1421,1432,3040,347392.876,3771061.566
Vegetation,2751,3100,2827,2116,1282,1428,1493,3039,347433.619,3771038.912
Vegetation,2730,2951,2725,1990,1242,1421,1432,3040,347397.999,3771062.276
Vegetation,2626,3077,2779,1899,1173,1378,1330,3598,347414.372,3771051.846
Vegetation,2535,2818,2674,1814,1281,1366,1339,3443,347418.467,3771011.296
Vegetation,2892,3031,2931,2419,1924,2274,2372,3176,347457.698,3771057.825
Vegetation,2617,3045,2741,1881,1288,1430,1398,3342,347412.385,3771044.607
Vegetation,2686,2872,2651,1945,1418,1662,1818,3354,347390.602,3771007.644
Vegetation,2860,3149,2853,2080,1385,1596,1703,3786,347387.063,3771042.828
Vegetation,2960,3081,2976,2464,2122,2346,2662,3601,347443.002,3771052.985
Vegetation,2960,3081,2976,2464,2122,2346,2662,3601,347443.024,3771059.281
Vegetation,2626,3077,2779,1899,1173,1378,1330,3598,347414.922,3771050.751
Vegetation,2801,2944,2696,1997,1387,1646,1706,2985,347384.161,3771023.569
Vegetation,2653,2965,2722,1874,1302,1349,1411,2734,347405.895,3771033.713
Vegetation,2802,3120,2840,2034,1378,1576,1613,3585,347391.197,3771042.720
Vegetation,2647,3054,2753,1891,1266,1422,1373,3114,347403.242,3771049.558
Vegetation,2769,2935,2699,2038,1424,1544,1650,3094,347386.243,3771060.285
Vegetation,2960,3081,2976,2464,2122,2346,2662,3601,347448.276,3771055.025
Vegetation,2626,3077,2779,1899,1173,1378,1330,3598,347415.349,3771056.104
Vegetation,2632,3087,2845,1917,1258,1425,1430,3388,347410.884,3771062.825
Vegetation,2647,3054,2753,1891,1266,1422,1373,3114,347401.610,3771049.108
Vegetation,2653,2965,2722,1874,1302,1349,1411,2734,347402.445,3771034.227
Vegetation,2804,2997,2757,1999,1412,1645,1730,3415,347395.873,3771038.456
Vegetation,2600,2991,2728,1883,1298,1447,1415,3548,347420.064,3771025.873
Vegetation,2668,3075,2782,1960,1253,1414,1422,2994,347426.590,3771034.135
Vegetation,2612,2769,2622,1882,1439,1585,1804,3012,347400.258,3771007.560
Vegetation,2636,3067,2764,1895,1223,1388,1369,3243,347408.140,3771053.692
Vegetation,2580,2915,2708,1839,1214,1392,1302,3474,347410.139,3771026.789
Vegetation,2607,2991,2731,1861,1212,1334,1312,2870,347412.829,3771034.944
Vegetation,2804,2997,2757,1999,1412,1645,1730,3415,347392.994,3771036.786
Vegetation,2588,2874,2651,1903,1291,1368,1436,3416,347437.131,3771014.627
Vegetation,2730,2951,2725,1990,1242,1421,1432,3040,347394.400,3771065.051
Vegetation,2636,2895,2704,1870,1268,1478,1380,2828,347400.474,3771023.645
Vegetation,2804,2997,2757,1999,1412,1645,1730,3415,347393.500,3771030.193
Vegetation,2322,3074,2783,1797,1211,1367,1344,3293,346823.037,3771660.727
Vegetation,2390,3284,2989,1851,1224,1370,1379,3725,346778.675,3771669.889
Vegetation,2260,3111,2794,1713,1132,1288,1265,3376,346797.857,3771659.641
Vegetation,2243,3066,2760,1712,1140,1280,1277,3371,346787.114,3771646.857
Vegetation,2251,3055,2837,1764,1171,1326,1288,3568,346843.756,3771641.579
Vegetation,2291,3012,2728,1728,1165,1332,1280,3282,346811.330,3771654.104
Vegetation,2321,3012,2749,1776,1195,1366,1386,3265,346829.122,3771650.808
Vegetation,2390,3284,2989,1851,1224,1370,1379,3725,346777.769,3771663.565
Vegetation,2434,3162,2883,1853,1184,1367,1389,3279,346799.375,3771671.235
Vegetation,2308,2947,2720,1768,1191,1334,1313,3209,346839.317,3771640.301
Vegetation,2281,2936,2629,1716,1184,1332,1350,3191,346797.362,3771633.070
Vegetation,2335,3104,2785,1751,1161,1315,1267,3347,346809.343,3771664.018
Vegetation,2321,3012,2749,1776,1195,1366,1386,3265,346827.120,3771655.888
Vegetation,2335,3104,2785,1751,1161,1315,1267,3347,346806.246,3771667.930
Vegetation,2241,3036,2719,1697,1135,1261,1256,3162,346798.863,3771642.671
Vegetation,2335,3104,2785,1751,1161,1315,1267,3347,346809.401,3771664.473
Vegetation,2322,3074,2783,1797,1211,1367,1344,3293,346821.363,3771660.857
Vegetation,2321,3012,2749,1776,1195,1366,1386,3265,346828.966,3771653.877
Vegetation,2260,3111,2794,1713,1132,1288,1265,3376,346790.019,3771653.513
Vegetation,2320,2903,2656,1749,1164,1316,1318,3281,346821.245,3771647.015
Vegetation,2319,2806,2512,1703,1186,1344,1332,3080,346814.281,3771633.710
Vegetation,2349,3103,2795,1824,1207,1352,1329,3360,346825.563,3771674.624
Vegetation,2335,3104,2785,1751,1161,1315,1267,3347,346802.933,3771661.300
Vegetation,2330,3074,2762,1762,1197,1356,1336,3229,346819.638,3771663.197
Vegetation,2307,2869,2554,1702,1172,1326,1299,3097,346806.421,3771639.891
Vegetation,2303,3097,2799,1807,1192,1396,1340,3458,346839.853,3771671.055
Vegetation,2330,3074,2762,1762,1197,1356,1336,3229,346817.276,3771669.798
Vegetation,2241,3036,2719,1697,1135,1261,1256,3162,346790.778,3771642.673
Vegetation,2241,3036,2719,1697,1135,1261,1256,3162,346791.261,3771645.734
Vegetation,2321,3012,2749,1776,1195,1366,1386,3265,346822.326,3771659.718
Vegetation,2356,3222,2920,1798,1239,1369,1418,3514,346789.951,3771665.535
Vegetation,2288,2923,2645,1708,1162,1313,1284,3267,346813.961,3771640.355
Vegetation,2320,2747,2505,1718,1164,1297,1310,2921,346820.135,3771635.652
Vegetation,2335,3104,2785,1751,1161,1315,1267,3347,346809.732,3771666.596
Vegetation,2260,3111,2794,1713,1132,1288,1265,3376,346794.447,3771654.333
Vegetation,2275,3143,2835,1736,1126,1274,1267,3422,346782.383,3771659.508
Vegetation,2349,3103,2795,1824,1207,1352,1329,3360,346820.917,3771673.823
Vegetation,2281,2936,2629,1716,1184,1332,1350,3191,346790.113,3771639.979
Vegetation,2434,3162,2883,1853,1184,1367,1389,3279,346792.157,3771673.951
Vegetation,2400,3091,2782,1824,1232,1382,1398,3226,346818.852,3771674.552
Vegetation,2356,3222,2920,1798,1239,1369,1418,3514,346789.871,3771660.900
Vegetation,2291,3012,2728,1728,1165,1332,1280,3282,346811.274,3771652.222
Vegetation,2260,2993,2694,1726,1206,1374,1400,3158,346781.851,3771633.234
Vegetation,2321,3012,2749,1776,1195,1366,1386,3265,346825.586,3771659.322
Vegetation,2338,3162,2852,1765,1158,1306,1291,3577,346794.121,3771663.046
Vegetation,2307,2869,2554,1702,1172,1326,1299,3097,346801.966,3771632.608
Vegetation,2321,3012,2749,1776,1195,1366,1386,3265,346826.091,3771656.532
Vegetation,2356,3222,2920,1798,1239,1369,1418,3514,346781.095,3771667.242
Vegetation,2260,3111,2794,1713,1132,1288,1265,3376,346790.673,3771659.612
Vegetation,2434,3162,2883,1853,1184,1367,1389,3279,346791.888,3771670.593
Vegetation,1528,1885,1726,1308,1057,1249,1025,1686,350105.441,3773211.730
Vegetation,1606,2243,1980,1396,1196,1345,1201,3536,350115.678,3773204.220
Vegetation,1840,2085,1968,1336,1081,1140,1041,1903,350173.203,3773170.518
Vegetation,1652,2175,1962,1347,1238,1164,1086,2318,350125.704,3773194.614
Vegetation,1595,2274,1897,1316,1151,1118,1068,1793,350112.787,3773183.649
Vegetation,1588,1632,1654,1264,1161,1168,1161,1602,350147.882,3773248.940
Vegetation,1906,2170,2068,1404,1163,1125,1093,1959,350172.278,3773185.392
Vegetation,1522,1605,1497,1183,1074,1156,1022,1656,350088.543,3773201.685
Vegetation,1551,2195,1849,1269,1196,1147,1057,1866,350100.272,3773183.655
Vegetation,1637,2082,1847,1298,1188,1152,1052,1799,350125.610,3773189.498
Vegetation,1749,1998,1841,1354,1125,1209,1190,2520,350147.817,3773198.442
Vegetation,1580,1794,1623,1235,1112,1177,1102,1780,350132.982,3773174.870
Vegetation,2221,2929,2600,1711,1236,1279,1305,2779,350181.200,3773180.604
Vegetation,1906,2170,2068,1404,1163,1125,1093,1959,350172.278,3773187.045
Vegetation,1724,1780,1762,1267,1080,1119,1122,1768,350162.739,3773181.286
Vegetation,1710,1844,1831,1342,1204,1212,1188,1986,350141.957,3773234.834
Vegetation,2080,2823,2421,1635,1181,1258,1251,2754,350187.025,3773178.717
Vegetation,1906,2170,2068,1404,1163,1125,1093,1959,350177.665,3773183.436
Vegetation,1674,1760,1681,1300,1102,1157,1157,1623,350156.047,3773183.460
Vegetation,1651,1809,1686,1309,1165,1213,1149,2000,350147.180,3773186.261
Vegetation,1541,1725,1522,1167,1126,1137,1124,1891,350127.798,3773168.673
Vegetation,1563,2240,1904,1328,1213,1190,1131,2772,350108.184,3773192.979
Vegetation,1558,2061,1839,1344,1136,1206,1182,2415,350109.243,3773204.034
Vegetation,1632,2173,2014,1364,1238,1196,1130,2640,350122.551,3773205.762
Vegetation,1707,2173,2030,1363,1172,1141,1131,2276,350133.871,3773206.095
Vegetation,2142,2697,2363,1579,1233,1419,1286,2889,350160.584,3773218.988
Vegetation,1997,2370,2185,1495,1291,1228,1307,2500,350156.593,3773228.913
Vegetation,1538,1676,1650,1127,1097,1072,1010,1687,350137.072,3773133.738
Vegetation,1818,2058,1932,1316,1085,1175,1082,1910,350170.524,3773162.672
Vegetation,1606,2243,1980,1396,1196,1345,1201,3536,350119.978,3773209.368
Vegetation,1578,2043,1925,1344,1099,1106,1065,1776,350126.691,3773212.682
Vegetation,1658,1690,1682,1197,1081,1136,1084,1622,350166.371,3773161.514
Vegetation,1487,1625,1591,1207,1047,1209,1056,1817,350098.444,3773209.995
Vegetation,2107,2599,2328,1603,1361,1386,1331,3252,350164.038,3773233.022
Vegetation,1493,1544,1442,1149,1175,1080,1042,1594,350132.549,3773147.622
Vegetation,1491,1785,1696,1286,1041,1136,1057,1861,350127.821,3773224.557
Vegetation,1600,1852,1804,1324,1079,1102,1102,1734,350136.336,3773227.543
Vegetation,2192,2677,2401,1617,1234,1264,1272,2544,350178.529,3773208.590
Vegetation,2107,2599,2328,1603,1361,1386,1331,3252,350162.603,3773233.526
Vegetation,1567,1641,1585,1248,1195,1145,1144,1581,350158.920,3773171.891
Vegetation,1674,1760,1681,1300,1102,1157,1157,1623,350159.692,3773182.985
Vegetation,1997,2370,2185,1495,1291,1228,1307,2500,350155.706,3773224.779
Vegetation,1491,1785,1696,1286,1041,1136,1057,1861,350127.405,3773227.301
Vegetation,1588,1632,1654,1264,1161,1168,1161,1602,350149.054,3773240.567
Vegetation,1796,2054,1970,1388,1143,1154,1177,2059,350143.907,3773223.130
Vegetation,1538,1676,1650,1127,1097,1072,1010,1687,350136.790,3773133.801
Vegetation,2344,3002,2698,1776,1269,1331,1317,3013,350182.337,3773194.656
Vegetation,1528,1767,1550,1136,1143,1140,1110,1941,350116.687,3773166.248
Vegetation,1587,1895,1668,1217,1160,1152,1098,1811,350126.014,3773178.346
Vegetation,1818,2058,1932,1316,1085,1175,1082,1910,350170.994,3773166.535
Vegetation,1437,1631,1614,1220,1190,1170,1090,1799,349896.866,3772875.131
Vegetation,1404,1561,1549,1167,1136,1115,1079,1657,349872.620,3772865.500
Vegetation,1443,1648,1613,1211,1236,1194,1091,1805,349896.326,3772865.214
Vegetation,1415,1558,1463,1169,1163,1048,1038,1626,349857.078,3772860.048
Vegetation,1429,1529,1431,1153,1171,1162,1034,1628,349850.989,3772881.027
Vegetation,1426,1494,1467,1152,1129,1142,1047,1580,349866.712,3772897.270
Vegetation,1403,1598,1573,1172,1126,1148,1087,1657,349882.132,3772893.469
Vegetation,1444,1606,1600,1204,1119,1164,1090,1767,349881.518,3772863.199
Vegetation,1395,1650,1599,1176,1162,1113,1087,1695,349890.598,3772890.341
Vegetation,1420,1526,1533,1170,1140,1109,1072,1692,349877.701,3772871.924
Vegetation,1444,1606,1600,1204,1119,1164,1090,1767,349880.400,3772869.657
Vegetation,1396,1659,1563,1160,1077,1125,1088,1655,349891.434,3772903.308
Vegetation,1415,1511,1484,1152,1129,1156,1033,1627,349860.743,3772871.489
Vegetation,1433,1517,1397,1148,1143,1191,1035,1564,349849.415,3772892.542
Vegetation,1439,1554,1418,1159,1178,1214,1030,1613,349842.332,3772889.472
Vegetation,1437,1631,1614,1220,1190,1170,1090,1799,349890.942,3772876.800
Vegetation,1438,1476,1445,1142,1129,1156,1069,1586,349869.467,3772902.356
Vegetation,1429,1529,1431,1153,1171,1162,1034,1628,349853.730,3772882.617
Vegetation,1415,1590,1589,1192,1126,1107,1087,1709,349884.695,3772883.100
Vegetation,1443,1648,1613,1211,1236,1194,1091,1805,349897.513,3772862.906
Vegetation,1429,1504,1419,1144,1189,1148,1030,1601,349853.535,3772893.139
Vegetation,1415,1511,1484,1152,1129,1156,1033,1627,349862.469,3772876.750
Vegetation,1413,1527,1532,1169,1126,1089,1093,1677,349874.998,3772887.654
Vegetation,1403,1610,1490,1142,1126,1078,1083,1618,349883.725,3772912.397
Vegetation,1403,1610,1490,1142,1126,1078,1083,1618,349889.132,3772912.645
Vegetation,1431,1591,1452,1181,1101,1132,1039,1625,349841.884,3772869.196
Vegetation,1438,1534,1401,1163,1193,1191,1058,1565,349835.380,3772891.260
Vegetation,1429,1529,1431,1153,1171,1162,1034,1628,349850.367,3772888.022
Vegetation,1364,1630,1582,1160,1147,1109,1093,1637,349879.375,3772856.572
Vegetation,1415,1590,1589,1192,1126,1107,1087,1709,349881.073,3772884.800
Vegetation,1444,1606,1600,1204,1119,1164,1090,1767,349884.745,3772862.343
Vegetation,1404,1561,1549,1167,1136,1115,1079,1657,349878.834,3772860.104
Vegetation,1418,1506,1480,1156,1108,1142,1052,1628,349862.260,3772882.426
Vegetation,1437,1631,1614,1220,1190,1170,1090,1799,349890.645,3772875.197
Vegetation,1395,1650,1599,1176,1162,1113,1087,1695,349893.209,3772897.253
Vegetation,1393,1679,1598,1174,1218,1113,1087,1711,349907.795,3772892.281
Vegetation,1387,1595,1501,1186,1128,1210,1039,1630,349855.026,3772853.712
Vegetation,1394,1545,1504,1156,1147,1072,1039,1591,349868.163,3772866.483
Vegetation,1429,1536,1440,1158,1164,1181,1044,1614,349856.036,3772879.439
Vegetation,1404,1561,1549,1167,1136,1115,1079,1657,349878.529,3772863.589
Vegetation,1354,1608,1540,1166,1147,1115,1042,1556,349863.316,3772857.890
Vegetation,1444,1583,1586,1212,1119,1156,1096,1782,349886.936,3772870.475
Vegetation,1393,1679,1598,1174,1218,1113,1087,1711,349907.544,3772898.808
Vegetation,1442,1570,1434,1170,1163,1210,1039,1626,349848.875,3772879.410
Vegetation,1405,1715,1599,1174,1141,1151,1045,1708,349911.739,3772883.621
Vegetation,1432,1524,1489,1149,1084,1220,1087,1617,349879.616,3772904.107
Vegetation,1404,1561,1549,1167,1136,1115,1079,1657,349872.306,3772864.220
Vegetation,1435,1529,1441,1141,1182,1119,1083,1567,349879.442,3772911.805
Vegetation,1387,1595,1501,1186,1128,1210,1039,1630,349851.723,3772852.268
Vegetation,1413,1527,1532,1169,1126,1089,1093,1677,349875.266,3772880.884
Vegetation,1341,1623,1543,1096,1133,1027,1025,1647,349854.376,3772994.023
Vegetation,1326,1492,1520,1126,1125,1124,1018,1578,349828.424,3773022.215
Vegetation,1334,1522,1519,1106,1139,1104,1017,1580,349830.805,3773023.516
Vegetation,1334,1522,1519,1106,1139,1104,1017,1580,349830.040,3773026.291
Vegetation,1360,1531,1525,1098,1199,1136,1021,1509,349831.146,3773015.904
Vegetation,1317,1583,1465,1154,1118,1069,1015,1625,349819.506,3773018.089
Vegetation,1341,1623,1543,1096,1133,1027,1025,1647,349856.739,3772999.296
Vegetation,1363,1550,1486,1116,1157,1116,1027,1648,349822.895,3773007.923
Vegetation,1373,1532,1527,1096,1192,1159,1020,1583,349831.331,3773008.374
Vegetation,1363,1550,1486,1116,1157,1116,1027,1648,349829.100,3773003.452
Vegetation,1363,1550,1486,1116,1157,1116,1027,1648,349820.130,3773000.530
Vegetation,1350,1586,1544,1096,1101,1076,1021,1640,349846.117,3772999.644
Vegetation,1312,1479,1530,1127,1076,1147,1018,1602,349821.854,3773037.727
Vegetation,1373,1532,1527,1096,1192,1159,1020,1583,349838.188,3773005.609
Vegetation,1326,1492,1520,1126,1125,1124,1018,1578,349824.328,3773026.245
Vegetation,1373,1532,1527,1096,1192,1159,1020,1583,349837.264,3773009.703
Vegetation,1360,1531,1525,1098,1199,1136,1021,1509,349834.658,3773012.305
Vegetation,1312,1479,1530,1127,1076,1147,1018,1602,349821.694,3773032.280
Vegetation,1373,1532,1527,1096,1192,1159,1020,1583,349831.155,3773007.850
Vegetation,1334,1522,1519,1106,1139,1104,1017,1580,349830.194,3773027.468
Vegetation,1354,1528,1502,1123,1086,1104,1021,1575,349825.832,3773015.329
Vegetation,1327,1481,1503,1133,1186,1129,1019,1555,349813.994,3773046.835
Vegetation,1345,1635,1523,1100,1133,1093,1025,1671,349862.052,3772995.297
Vegetation,1355,1558,1473,1106,1150,1116,1015,1707,349829.343,3772994.229
Vegetation,1373,1524,1527,1099,1164,1099,1021,1664,349837.995,3772990.016
Vegetation,1326,1492,1520,1126,1125,1124,1018,1578,349825.615,3773027.825
Vegetation,1341,1623,1543,1096,1133,1027,1025,1647,349858.952,3772997.064
Vegetation,1335,1593,1534,1079,1070,1122,1021,1603,349847.508,3773011.454
Vegetation,1343,1588,1544,1080,1101,1122,1021,1609,349846.571,3773000.192
Vegetation,1360,1531,1525,1098,1199,1136,1021,1509,349839.884,3773016.628
Vegetation,1326,1492,1520,1126,1125,1124,1018,1578,349823.154,3773025.641
Vegetation,1306,1475,1529,1147,1110,1164,1018,1590,349814.673,3773039.223
Vegetation,1327,1481,1503,1133,1186,1129,1019,1555,349814.118,3773044.474
Vegetation,1360,1531,1525,1098,1199,1136,1021,1509,349837.490,3773012.840
Vegetation,1373,1524,1527,1099,1164,1099,1021,1664,349838.170,3772992.790
Vegetation,1312,1479,1530,1127,1076,1147,1018,1602,349820.181,3773039.704
Vegetation,1354,1528,1502,1123,1086,1104,1021,1575,349826.320,3773016.309
Vegetation,1326,1492,1520,1126,1125,1124,1018,1578,349823.066,3773020.549
Vegetation,1312,1479,1530,1127,1076,1147,1018,1602,349824.252,3773033.961
Vegetation,1354,1528,1502,1123,1086,1104,1021,1575,349823.258,3773014.392
Vegetation,1312,1479,1530,1127,1076,1147,1018,1602,349824.019,3773030.693
Vegetation,1335,1593,1534,1079,1070,1122,1021,1603,349841.419,3773014.994
Vegetation,1349,1563,1455,1116,1195,1104,1025,1609,349824.799,3772986.414
Vegetation,1341,1623,1543,1096,1133,1027,1025,1647,349853.291,3772996.239
Vegetation,1306,1475,1529,1147,1110,1164,1018,1590,349816.911,3773031.325
Vegetation,1363,1550,1486,1116,1157,1116,1027,1648,349822.001,3773008.638
Vegetation,1341,1623,1543,1096,1133,1027,1025,1647,349859.183,3772995.110
Vegetation,1360,1531,1525,1098,1199,1136,1021,1509,349837.692,3773013.368
Vegetation,1354,1528,1502,1123,1086,1104,1021,1575,349822.996,3773018.216
Vegetation,1343,1588,1544,1080,1101,1122,1021,1609,349841.568,3773009.886
