class,BAND_1,BAND_2,BAND_3,BAND_4,BAND_5,BAND_6,BAND_7,BAND_8,X,Y
Water,1030,1017,1029,1008,1154,1137,1045,1020,341090.744,3765528.768
Water,1031,1016,1021,1007,1161,1135,1045,1020,341092.089,3765532.476
Water,1034,1019,1022,1008,1175,1126,1045,1021,341084.009,3765532.680
Water,1033,1020,1029,1009,1183,1127,1045,1021,341082.578,3765529.287
Water,1034,1019,1022,1008,1175,1126,1045,1021,341083.718,3765530.318
Water,1034,1019,1022,1008,1175,1126,1045,1021,341086.448,3765536.354
Water,1034,1019,1022,1008,1175,1126,1045,1021,341088.492,3765537.636
Water,1033,1020,1029,1009,1183,1127,1045,1021,341084.166,3765528.035
Water,1034,1019,1022,1008,1175,1126,1045,1021,341082.156,3765530.759
Water,1034,1019,1022,1008,1175,1126,1045,1021,341089.690,3765533.139
Water,1034,1019,1022,1008,1175,1126,1045,1021,341083.212,3765533.418
Water,1034,1019,1022,1008,1175,1126,1045,1021,341089.611,3765533.626
Water,1034,1019,1022,1008,1175,1126,1045,1021,341082.658,3765534.918
Water,1034,1019,1022,1008,1175,1126,1045,1021,341087.526,3765536.178
Water,1033,1020,1029,1009,1183,1127,1045,1021,341084.522,3765528.889
Water,1034,1019,1022,1008,1175,1126,1045,1021,341081.509,3765530.774
Water,1034,1019,1022,1008,1175,1126,1045,1021,341081.500,3765530.652
Water,1034,1019,1022,1008,1175,1126,1045,1021,341086.745,3765536.615
Water,1034,1019,1022,1008,1175,1126,1045,1021,341087.999,3765534.519
Water,1031,1016,1021,1007,1161,1135,1045,1020,341090.579,3765538.333
Water,1033,1020,1029,1009,1183,1127,1045,1021,341088.371,3765529.746
Water,1033,1020,1029,1009,1183,1127,1045,1021,341088.410,3765529.205
Water,1034,1019,1022,1008,1175,1126,1045,1021,341085.898,3765539.192
Water,1034,1019,1022,1008,1175,1126,1045,1021,341084.965,3765535.478
Water,1034,1019,1022,1008,1175,1126,1045,1021,341082.645,3765534.142
Water,1034,1019,1022,1008,1175,1126,1045,1021,341084.820,3765539.152
Water,1030,1017,1029,1008,1154,1137,1045,1020,341092.696,3765529.228
Water,1033,1020,1029,1009,1183,1127,1045,1021,341086.601,3765528.666
Water,1034,1019,1022,1008,1175,1126,1045,1021,341081.722,3765530.359
Water,1034,1019,1022,1008,1175,1126,1045,1021,341088.980,3765531.369
Water,1031,1016,1021,1007,1161,1135,1045,1020,341091.177,3765531.723
Water,1031,1016,1021,1007,1161,1135,1045,1020,341090.601,3765539.181
Water,1034,1019,1022,1008,1175,1126,1045,1021,341084.373,3765530.938
Water,1033,1020,1029,1009,1183,1127,1045,1021,341084.456,3765528.401
Water,1034,1019,1022,1008,1175,1126,1045,1021,341084.514,3765533.128
Water,1034,1019,1022,1008,1175,1126,1045,1021,341089.258,3765530.377
Water,1034,1019,1022,1008,1175,1126,1045,1021,341088.259,3765533.664
Water,1034,1019,1022,1008,1175,1126,1045,1021,341085.106,3765537.525
Water,1033,1020,1029,1009,1183,1127,1045,1021,341081.874,3765529.104
Water,1034,1019,1022,1008,1175,1126,1045,1021,341082.994,3765537.441
Water,1034,1019,1022,1008,1175,1126,1045,1021,341085.491,3765535.650
Water,1034,1019,1022,1008,1175,1126,1045,1021,341081.660,3765536.568
Water,1031,1016,1021,1007,1161,1135,1045,1020,341090.027,3765539.390
Water,1034,1019,1022,1008,1175,1126,1045,1021,341082.570,3765532.369
Water,1034,1019,1022,1008,1175,1126,1045,1021,341084.069,3765537.886
Water,1034,1019,1022,1008,1175,1126,1045,1021,341088.061,3765539.062
Water,1034,1019,1022,1008,1175,1126,1045,1021,341082.704,3765534.196
Water,1034,1019,1022,1008,1175,1126,1045,1021,341085.794,3765530.882
Water,1033,1020,1029,1009,1183,1127,1045,1021,341083.573,3765528.890
Water,1034,1019,1022,1008,1175,1126,1045,1021,341081.792,3765538.516
Water,1035,1032,1020,1016,1168,1126,1046,1024,341322.757,3765463.374
Water,1035,1032,1020,1016,1168,1126,1046,1024,341327.318,3765462.626
Water,1039,1035,1020,1017,1156,1134,1044,1034,341327.270,3765458.830
Water,1039,1035,1020,1017,1156,1134,1044,1034,341329.684,3765459.487
Water,1035,1032,1019,1017,1154,1108,1039,1015,341319.199,3765455.622
Water,1031,1031,1020,1016,1155,1148,1046,1018,341318.893,3765460.034
Water,1035,1032,1020,1016,1168,1126,1046,1024,341322.456,3765461.289
Water,1035,1032,1020,1016,1168,1126,1046,1024,341326.058,3765465.933
Water,1031,1031,1020,1016,1155,1148,1046,1018,341317.136,3765463.703
Water,1035,1032,1019,1017,1154,1108,1039,1015,341317.609,3765459.689
Water,1039,1037,1020,1016,1181,1126,1046,1022,341331.450,3765455.930
Water,1039,1035,1020,1017,1156,1134,1044,1034,341324.298,3765453.447
Water,1031,1031,1020,1016,1155,1148,1046,1018,341318.030,3765464.358
Water,1039,1035,1020,1017,1156,1134,1044,1034,341324.968,3765459.980
Water,1031,1031,1020,1016,1155,1148,1046,1018,341317.139,3765460.937
Water,1039,1035,1020,1017,1156,1134,1044,1034,341329.375,3765456.291
Water,1039,1035,1020,1017,1156,1134,1044,1034,341326.584,3765454.564
Water,1035,1032,1020,1016,1168,1126,1046,1024,341320.737,3765463.520
Water,1039,1035,1020,1017,1156,1134,1044,1034,341320.672,3765458.837
Water,1039,1035,1020,1017,1156,1134,1044,1034,341327.928,3765459.502
Water,1039,1035,1020,1017,1156,1134,1044,1034,341325.316,3765453.374
Water,1039,1035,1020,1017,1156,1134,1044,1034,341326.178,3765456.640
Water,1039,1035,1020,1017,1156,1134,1044,1034,341325.601,3765459.834
Water,1035,1032,1019,1017,1154,1108,1039,1015,341317.859,3765458.935
Water,1039,1035,1020,1017,1156,1134,1044,1034,341329.953,3765455.340
Water,1035,1032,1020,1016,1168,1126,1046,1024,341328.798,3765462.293
Water,1035,1032,1020,1016,1168,1126,1046,1024,341327.262,3765466.224
Water,1035,1032,1020,1016,1168,1126,1046,1024,341326.410,3765465.647
Water,1035,1032,1020,1016,1168,1126,1046,1024,341322.815,3765462.385
Water,1039,1035,1020,1017,1156,1134,1044,1034,341327.958,3765459.262
Water,1035,1032,1019,1017,1154,1108,1039,1015,341318.243,3765454.168
Water,1031,1031,1020,1016,1155,1148,1046,1018,341317.319,3765463.052
Water,1039,1035,1020,1017,1156,1134,1044,1034,341324.772,3765455.962
Water,1035,1032,1020,1016,1168,1126,1046,1024,341320.888,3765465.085
Water,1039,1035,1020,1017,1156,1134,1044,1034,341323.455,3765453.500
Water,1039,1035,1020,1017,1156,1134,1044,1034,341328.369,3765459.431
Water,1031,1031,1020,1016,1155,1148,1046,1018,341318.267,3765460.708
Water,1035,1032,1020,1016,1168,1126,1046,1024,341329.479,3765460.917
Water,1039,1037,1020,1016,1181,1126,1046,1022,341330.559,3765458.721
Water,1035,1032,1020,1016,1168,1126,1046,1024,341325.687,3765461.581
Water,1035,1032,1020,1016,1168,1126,1046,1024,341321.949,3765464.377
Water,1031,1031,1020,1016,1155,1148,1046,1018,341317.299,3765460.003
Water,1035,1032,1020,1016,1168,1126,1046,1024,341326.654,3765461.261
Water,1035,1032,1019,1017,1154,1108,1039,1015,341319.848,3765451.835
Water,1039,1035,1020,1017,1156,1134,1044,1034,341324.865,3765458.038
Water,1035,1032,1020,1016,1168,1126,1046,1024,341325.068,3765461.225
Water,1039,1035,1020,1017,1156,1134,1044,1034,341326.612,3765454.063
Water,1035,1032,1020,1016,1168,1126,1046,1024,341327.665,3765462.538
Water,1035,1032,1020,1016,1168,1126,1046,1024,341327.437,3765460.602
Water,1035,1032,1020,1016,1168,1126,1046,1024,341326.170,3765465.034
Water,1037,1031,1009,1008,1179,1116,1055,1025,343246.399,3765758.940
Water,1036,1028,1008,1008,1162,1112,1041,1011,343241.835,3765762.167
Water,1033,1023,1011,1008,1164,1121,1038,1025,343235.048,3765756.880
Water,1026,1026,1016,1004,1150,1087,1036,1016,343246.442,3765780.242
Water,1033,1026,1011,1007,1191,1093,1037,1016,343249.100,3765773.114
Water,1028,1016,1019,1011,1160,1120,1030,1018,343215.183,3765781.147
Water,1026,1026,1016,1004,1150,1087,1036,1016,343242.787,3765788.159
Water,1033,1023,1011,1008,1164,1121,1038,1025,343233.090,3765755.747
Water,1029,1015,1019,1008,1157,1096,1031,1022,343237.250,3765780.229
Water,1026,1026,1016,1004,1150,1087,1036,1016,343247.989,3765782.867
Water,1026,1026,1016,1004,1150,1087,1036,1016,343243.944,3765782.057
Water,1023,1033,1015,1005,1174,1137,1033,1015,343255.547,3765797.691
Water,1029,1012,1020,1010,1165,1123,1038,1023,343223.705,3765785.644
Water,1023,1032,1007,1011,1180,1104,1041,996,343265.084,3765777.378
Water,1030,1020,1014,1010,1157,1092,1025,1012,343233.507,3765776.423
Water,1035,1033,1006,1009,1180,1127,1043,1020,343250.189,3765744.350
Water,1023,1032,1007,1011,1180,1104,1041,996,343261.481,3765776.690
Water,1023,1032,1007,1011,1180,1104,1041,996,343260.814,3765775.377
Water,1034,1031,1006,1008,1155,1128,1045,1011,343257.948,3765769.931
Water,1029,1017,1016,1010,1175,1099,1038,1020,343229.037,3765763.574
Water,1028,1014,1022,1005,1188,1128,1030,1011,343230.261,3765792.847
Water,1035,1020,1011,1006,1130,1122,1045,1013,343234.545,3765746.351
Water,1024,1033,1012,1006,1175,1114,1046,1023,343254.220,3765785.044
Water,1028,1012,1022,1010,1170,1098,1047,1012,343216.260,3765765.960
Water,1033,1023,1011,1008,1164,1121,1038,1025,343230.792,3765759.111
Water,1032,1016,1014,1006,1179,1110,1026,1012,343228.323,3765743.008
Water,1029,1012,1021,1007,1179,1123,1034,1027,343222.750,3765795.809
Water,1029,1015,1018,1011,1139,1109,1044,1007,343222.206,3765771.679
Water,1024,1037,1008,1014,1160,1129,1044,1015,343264.814,3765797.400
Water,1027,1018,1022,1001,1176,1126,1039,1006,343231.721,3765800.582
Water,1030,1020,1014,1010,1157,1092,1025,1012,343231.244,3765772.409
Water,1028,1016,1022,1003,1169,1118,1044,1015,343221.038,3765801.762
Water,1024,1033,1012,1006,1175,1114,1046,1023,343257.979,3765784.396
Water,1029,1012,1021,1007,1179,1123,1034,1027,343228.860,3765791.343
Water,1034,1031,1006,1008,1155,1128,1045,1011,343259.426,3765768.854
Water,1029,1017,1016,1010,1175,1099,1038,1020,343229.585,3765764.763
Water,1026,1026,1016,1004,1150,1087,1036,1016,343246.999,3765787.568
Water,1029,1012,1021,1007,1179,1123,1034,1027,343221.460,3765799.201
Water,1023,1035,1008,1014,1178,1116,1044,1006,343261.829,3765789.352
Water,1029,1015,1018,1011,1139,1109,1044,1007,343225.210,3765774.650
Water,1023,1033,1015,1005,1174,1137,1033,1015,343255.102,3765798.022
Water,1032,1016,1014,1006,1179,1110,1026,1012,343227.051,3765744.646
Water,1024,1033,1012,1006,1175,1114,1046,1023,343257.729,3765787.106
Water,1023,1032,1007,1011,1180,1104,1041,996,343260.718,3765771.282
Water,1026,1037,1009,1011,1158,1104,1055,1027,343267.468,3765802.561
Water,1023,1033,1015,1005,1174,1137,1033,1015,343250.647,3765799.726
Water,1028,1012,1022,1010,1170,1098,1047,1012,343213.146,3765764.552
Water,1023,1033,1015,1005,1174,1137,1033,1015,343257.016,3765794.363
Water,1030,1031,1008,1007,1184,1131,1046,1016,343259.545,3765771.879
Water,1023,1032,1007,1011,1180,1104,1041,996,343262.240,3765773.304
Water,1024,1023,1023,1010,1190,1106,1036,1005,344247.825,3765306.959
Water,1021,1013,1028,1011,1186,1102,1031,1012,344238.158,3765306.443
Water,1028,1014,1026,1015,1170,1094,1020,1006,344202.888,3765329.837
Water,1025,1023,1023,1010,1182,1102,1035,1010,344247.084,3765310.404
Water,1030,1022,1030,1011,1180,1104,1047,1015,344233.473,3765336.842
Water,1030,1022,1030,1011,1180,1104,1047,1015,344235.732,3765336.847
Water,1026,1022,1024,1014,1165,1109,1038,1010,344214.767,3765318.718
Water,1021,1013,1028,1011,1186,1102,1031,1012,344232.820,3765304.682
Water,1024,1023,1023,1010,1190,1106,1036,1005,344243.603,3765301.203
Water,1029,1024,1025,1008,1162,1102,1025,1022,344196.832,3765299.765
Water,1020,1016,1028,1009,1165,1099,1045,1023,344235.484,3765290.274
Water,1026,1020,1022,1010,1170,1105,1022,999,344244.433,3765287.536
Water,1027,1019,1018,1010,1167,1117,1031,1024,344244.316,3765279.194
Water,1027,1027,1023,1010,1180,1092,1026,1018,344208.205,3765307.441
Water,1028,1013,1032,1010,1192,1115,1036,1016,344199.112,3765330.941
Water,1021,1013,1028,1011,1186,1102,1031,1012,344236.380,3765303.828
Water,1030,1014,1025,1016,1150,1097,1032,1023,344210.593,3765333.814
Water,1028,1018,1028,1009,1132,1094,1042,1020,344193.167,3765309.069
Water,1025,1026,1023,1011,1160,1107,1026,1005,344213.262,3765308.001
Water,1029,1020,1025,1009,1178,1115,1032,1014,344249.780,3765330.489
Water,1027,1022,1024,1012,1167,1109,1028,1013,344204.686,3765319.593
Water,1021,1013,1028,1011,1186,1102,1031,1012,344237.499,3765305.853
Water,1020,1016,1028,1009,1165,1099,1045,1023,344238.582,3765298.248
Water,1030,1014,1025,1016,1150,1097,1032,1023,344219.900,3765333.322
Water,1024,1015,1029,1014,1186,1104,1020,1009,344225.505,3765313.077
Water,1028,1013,1032,1010,1192,1115,1036,1016,344199.861,3765332.489
Water,1024,1023,1023,1010,1190,1106,1036,1005,344245.651,3765305.420
Water,1026,1025,1018,1008,1184,1105,1027,1008,344212.264,3765285.389
Water,1031,1025,1022,1008,1138,1089,1048,1020,344198.738,3765287.899
Water,1029,1024,1025,1008,1162,1102,1025,1022,344194.357,3765298.457
Water,1026,1025,1018,1008,1184,1105,1027,1008,344218.494,3765280.762
Water,1024,1015,1029,1013,1175,1103,1020,1008,344235.751,3765316.073
Water,1025,1023,1023,1010,1182,1102,1035,1010,344242.961,3765313.635
Water,1021,1019,1021,1007,1187,1103,1039,1023,344226.863,3765288.057
Water,1021,1019,1021,1007,1187,1103,1039,1023,344228.613,3765287.865
Water,1024,1015,1029,1014,1186,1104,1020,1009,344221.190,3765312.397
Water,1028,1028,1022,1008,1194,1092,1043,1023,344207.553,3765291.957
Water,1022,1014,1029,1012,1197,1102,1015,1016,344229.872,3765301.696
Water,1028,1022,1024,1011,1173,1110,1031,1009,344245.945,3765324.760
Water,1031,1023,1012,1010,1150,1102,1031,1014,344210.000,3765278.873
Water,1024,1017,1012,1007,1182,1097,1040,1012,344237.658,3765278.272
Water,1030,1014,1025,1016,1150,1097,1032,1023,344213.668,3765335.573
Water,1029,1019,1030,1016,1175,1092,1034,1010,344220.299,3765321.361
Water,1029,1011,1026,1015,1172,1089,1043,1027,344205.623,3765331.238
Water,1025,1021,1024,1010,1165,1103,1034,1003,344243.385,3765296.894
Water,1021,1018,1028,1009,1140,1099,1030,1019,344221.545,3765299.498
Water,1021,1019,1021,1007,1187,1103,1039,1023,344225.368,3765287.310
Water,1024,1017,1012,1007,1182,1097,1040,1012,344236.945,3765278.749
Water,1024,1015,1029,1013,1175,1103,1020,1008,344231.040,3765311.056
Water,1028,1028,1022,1008,1194,1092,1043,1023,344200.985,3765292.950
Water,1030,1018,1029,1001,1158,1160,1043,1005,346026.507,3766551.198
Water,1035,1017,1032,1003,1136,1145,1043,1014,346031.558,3766542.762
Water,1030,1016,1028,1002,1166,1146,1043,1014,346032.065,3766552.536
Water,1030,1018,1029,1001,1158,1160,1043,1005,346024.765,3766554.287
Water,1030,1018,1029,1001,1158,1160,1043,1005,346029.302,3766554.658
Water,1035,1020,1031,1003,1139,1167,1033,1018,346026.986,3766543.593
Water,1035,1020,1031,1003,1139,1167,1033,1018,346029.262,3766541.198
Water,1030,1016,1028,1002,1166,1146,1043,1014,346031.922,3766555.745
Water,1030,1016,1028,1002,1166,1146,1043,1014,346034.013,3766555.593
Water,1035,1020,1031,1003,1139,1167,1033,1018,346024.320,3766544.049
Water,1035,1020,1031,1003,1139,1167,1033,1018,346028.050,3766548.348
Water,1030,1016,1028,1002,1166,1146,1043,1014,346031.195,3766554.919
Water,1035,1020,1031,1003,1139,1167,1033,1018,346029.646,3766549.598
Water,1030,1016,1028,1002,1166,1146,1043,1014,346032.742,3766554.875
Water,1035,1020,1031,1003,1139,1167,1033,1018,346027.680,3766542.150
Water,1035,1020,1031,1003,1139,1167,1033,1018,346029.509,3766545.451
Water,1035,1017,1032,1003,1136,1145,1043,1014,346032.259,3766549.841
Water,1035,1017,1032,1003,1136,1145,1043,1014,346030.747,3766548.843
Water,1030,1018,1029,1001,1158,1160,1043,1005,346027.006,3766554.292
Water,1030,1016,1028,1002,1166,1146,1043,1014,346031.696,3766552.257
Water,1030,1018,1029,1001,1158,1160,1043,1005,346024.387,3766551.007
Water,1030,1018,1029,1001,1158,1160,1043,1005,346023.750,3766554.072
Water,1039,1023,1025,1006,1164,1157,1040,1034,346027.859,3766539.732
Water,1039,1023,1025,1006,1164,1157,1040,1034,346022.954,3766535.287
Water,1035,1020,1031,1003,1139,1167,1033,1018,346023.265,3766548.798
Water,1035,1020,1031,1003,1139,1167,1033,1018,346028.665,3766549.523
Water,1035,1020,1031,1003,1139,1167,1033,1018,346025.416,3766545.854
Water,1035,1020,1031,1003,1139,1167,1033,1018,346022.901,3766544.364
Water,1035,1017,1032,1003,1136,1145,1043,1014,346033.297,3766545.499
Water,1035,1020,1031,1003,1139,1167,1033,1018,346025.879,3766544.795
Water,1030,1016,1028,1002,1166,1146,1043,1014,346033.000,3766553.781
Water,1035,1017,1032,1003,1136,1145,1043,1014,346032.719,3766547.020
Water,1030,1018,1029,1001,1158,1160,1043,1005,346027.200,3766552.754
Water,1030,1016,1028,1002,1166,1146,1043,1014,346031.183,3766552.296
Water,1035,1020,1031,1003,1139,1167,1033,1018,346027.116,3766545.571
Water,1035,1020,1031,1003,1139,1167,1033,1018,346023.819,3766543.103
Water,1035,1020,1031,1003,1139,1167,1033,1018,346021.980,3766541.257
Water,1030,1018,1029,1001,1158,1160,1043,1005,346027.051,3766551.684
Water,1039,1023,1025,1006,1164,1157,1040,1034,346026.781,3766539.657
Water,1039,1023,1025,1006,1164,1157,1040,1034,346027.938,3766538.629
Water,1035,1020,1031,1003,1139,1167,1033,1018,346026.628,3766547.049
Water,1041,1021,1032,1007,1159,1134,1037,1007,346031.828,3766537.926
Water,1030,1018,1029,1001,1158,1160,1043,1005,346028.854,3766554.922
Water,1035,1020,1031,1003,1139,1167,1033,1018,346027.533,3766542.519
Water,1030,1018,1029,1001,1158,1160,1043,1005,346023.665,3766553.430
Water,1035,1020,1031,1003,1139,1167,1033,1018,346023.247,3766546.903
Water,1030,1016,1028,1002,1166,1146,1043,1014,346032.445,3766552.383
Water,1030,1018,1029,1001,1158,1160,1043,1005,346024.263,3766551.058
Water,1041,1021,1032,1007,1159,1134,1037,1007,346032.953,3766538.979
Water,1030,1018,1029,1001,1158,1160,1043,1005,346029.586,3766550.352
Water,1029,1020,1025,1010,1153,1126,1033,1022,347913.036,3764826.417
Water,1028,1018,1029,1011,1157,1109,1033,1020,347894.611,3764874.304
Water,1024,1032,1018,1004,1170,1127,1032,1026,347801.272,3764855.786
Water,1032,1019,1021,1007,1152,1130,1035,1020,347845.037,3764897.663
Water,1029,1014,1033,1010,1157,1117,1036,1015,347886.277,3764904.753
Water,1037,1029,1028,1006,1167,1118,1043,1013,347831.426,3764882.343
Water,1024,1019,1024,1009,1200,1135,1046,1038,347881.487,3764852.959
Water,1037,1018,1019,1010,1163,1114,1040,1043,347834.735,3764844.425
Water,1023,1026,1018,1007,1156,1139,1036,1027,347895.518,3764851.681
Water,1031,1010,1027,1003,1152,1109,1040,1014,347898.726,3764938.978
Water,1037,1027,1017,1004,1154,1133,1041,1027,347860.048,3764961.318
Water,1031,1017,1035,1014,1157,1107,1032,1021,347881.151,3764884.349
Water,1039,1029,1021,1006,1185,1126,1036,1012,347799.836,3764842.288
Water,1029,1026,1021,1007,1167,1102,1020,1020,347843.887,3764828.497
Water,1028,1025,1027,1009,1180,1126,1031,1014,347805.953,3764901.121
Water,1034,1023,1020,1013,1177,1130,1033,1010,347940.516,3764877.954
Water,1029,1017,1021,1013,1178,1121,1032,1031,347915.829,3764964.326
Water,1035,1028,1021,1003,1163,1112,1049,1022,347944.675,3764857.577
Water,1029,1021,1021,1008,1168,1101,1041,1022,347809.019,3764955.224
Water,1034,1025,1020,1009,1175,1123,1032,1018,347947.764,3764867.177
Water,1022,1017,1013,1008,1177,1127,1033,1023,347926.393,3764925.406
Water,1030,1016,1033,1008,1156,1138,1036,1009,347874.896,3764897.348
Water,1040,1015,1024,1009,1190,1126,1045,1039,347844.090,3764841.803
Water,1029,1014,1033,1010,1157,1117,1036,1015,347881.789,3764901.091
Water,1027,1015,1029,1009,1173,1114,1045,1010,347881.820,3764869.040
Water,1029,1019,1019,1008,1130,1123,1040,1023,347917.355,3764945.780
Water,1024,1018,1012,1009,1170,1118,1035,1011,347934.678,3764914.016
Water,1030,1026,1019,1010,1160,1107,1058,1019,347829.984,3764850.095
Water,1030,1018,1023,1011,1154,1109,1032,1018,347901.129,3764958.833
Water,1039,1030,1018,1006,1172,1130,1032,1011,347922.531,3764859.884
Water,1024,1018,1012,1009,1170,1118,1035,1011,347935.430,3764915.188
Water,1028,1008,1031,1006,1157,1115,1015,1005,347874.975,3764914.559
Water,1032,1026,1021,1006,1202,1127,1043,1001,347949.070,3764832.284
Water,1043,1028,1020,1005,1153,1123,1035,1010,347933.706,3764846.417
Water,1025,1027,1016,1008,1160,1109,1054,1037,347907.372,3764866.732
Water,1029,1016,1021,1009,1143,1130,1040,1009,347851.177,3764922.473
Water,1037,1024,1029,1014,1180,1132,1029,1022,347868.340,3764835.386
Water,1042,1015,1026,1011,1205,1136,1041,1018,347846.559,3764857.711
Water,1030,1016,1027,1010,1157,1098,1029,1010,347896.301,3764953.361
Water,1035,1030,1030,1013,1175,1129,1036,1013,347833.509,3764868.838
Water,1022,1018,1014,1010,1134,1124,1031,1016,347932.124,3764928.955
Water,1029,1017,1022,1009,1182,1106,1040,1022,347923.982,3764955.583
Water,1033,1015,1032,1011,1180,1114,1027,1014,347869.999,3764859.942
Water,1037,1020,1023,1012,1187,1121,1038,1023,347833.134,3764859.105
Water,1025,1008,1028,1011,1183,1120,1032,1000,347869.453,3764927.514
Water,1032,1026,1021,1006,1202,1127,1043,1001,347946.034,3764834.920
Water,1021,1024,1032,1008,1163,1134,1037,1033,347795.652,3764891.278
Water,1028,1021,1027,1003,1173,1115,1045,1020,347826.173,3764954.159
Water,1031,1023,1021,1006,1195,1123,1050,1028,347959.735,3764834.270
Water,1029,1011,1033,1008,1172,1110,1035,1011,347876.351,3764876.784
Water,1033,1023,1011,1018,1167,1134,1057,1017,349760.925,3766848.999
Water,1038,1026,1005,1023,1147,1116,1047,1009,349782.169,3766875.234
Water,1037,1019,1018,1022,1162,1144,1042,1011,349802.885,3766911.006
Water,1042,1028,1008,1014,1133,1127,1054,1008,349814.071,3766855.042
Water,1037,1027,1008,1020,1142,1152,1053,1030,349749.430,3766885.165
Water,1042,1016,1022,1020,1166,1144,1047,1010,349792.291,3766909.905
Water,1034,1028,1005,1021,1132,1138,1058,1001,349788.246,3766865.808
Water,1033,1032,1012,1023,1143,1153,1043,1010,349772.775,3766867.342
Water,1042,1016,1022,1020,1166,1144,1047,1010,349791.958,3766906.747
Water,1041,1036,1010,1024,1140,1157,1053,1018,349771.730,3766882.353
Water,1047,1021,1007,1016,1150,1132,1039,1027,349821.171,3766868.643
Water,1038,1020,1020,1020,1136,1158,1037,1010,349802.275,3766909.134
Water,1043,1023,1010,1022,1144,1112,1050,1022,349786.891,3766888.219
Water,1038,1026,1005,1023,1147,1116,1047,1009,349788.963,3766875.206
Water,1039,1032,1008,1012,1165,1135,1021,1014,349807.629,3766852.380
Water,1032,1029,1011,1016,1138,1128,1042,1009,349789.869,3766855.693
Water,1037,1028,1021,1023,1154,1131,1052,1005,349778.150,3766908.545
Water,1043,1029,1014,1017,1153,1136,1045,1025,349756.058,3766862.658
Water,1030,1025,1013,1018,1182,1140,1044,1030,349773.903,3766849.586
Water,1038,1026,1005,1023,1147,1116,1047,1009,349789.322,3766870.878
Water,1038,1028,1002,1017,1122,1121,1044,1006,349791.177,3766862.132
Water,1043,1019,1016,1018,1146,1164,1031,1011,349804.221,3766894.095
Water,1039,1032,1008,1012,1165,1135,1021,1014,349805.766,3766859.480
Water,1032,1029,1011,1016,1138,1128,1042,1009,349780.808,3766856.991
Water,1048,1027,1005,1012,1162,1107,1033,1013,349811.651,3766876.539
Water,1039,1032,1008,1012,1165,1135,1021,1014,349809.268,3766854.857
Water,1047,1029,1004,1012,1162,1130,1054,1005,349811.374,3766866.589
Water,1047,1021,1007,1016,1150,1132,1039,1027,349822.571,3766866.041
Water,1033,1032,1012,1023,1143,1153,1043,1010,349775.652,3766862.617
Water,1034,1028,1005,1021,1132,1138,1058,1001,349789.729,3766864.365
Water,1033,1026,1014,1019,1118,1136,1050,1008,349763.335,3766852.865
Water,1046,1021,1011,1016,1123,1144,1031,1012,349808.341,3766888.959
Water,1041,1036,1010,1024,1140,1157,1053,1018,349777.045,3766887.213
Water,1043,1031,1003,1013,1147,1133,1038,1011,349808.029,3766860.662
Water,1038,1028,1002,1017,1122,1121,1044,1006,349791.330,3766863.736
Water,1045,1016,1017,1020,1159,1143,1044,1006,349791.817,3766894.550
Water,1032,1029,1011,1016,1138,1128,1042,1009,349780.176,3766859.315
Water,1042,1032,1014,1019,1159,1130,1030,1012,349753.381,3766874.688
Water,1039,1038,1011,1023,1138,1143,1053,1019,349769.076,3766898.313
Water,1043,1029,1014,1017,1153,1136,1045,1025,349750.885,3766860.416
Water,1032,1029,1011,1016,1138,1128,1042,1009,349789.887,3766857.205
Water,1042,1016,1022,1020,1166,1144,1047,1010,349798.118,3766909.780
Water,1041,1019,1022,1021,1167,1150,1054,1012,349785.695,3766907.317
Water,1036,1032,1015,1022,1148,1133,1055,1018,349765.691,3766869.269
Water,1039,1032,1008,1012,1165,1135,1021,1014,349804.129,3766853.958
Water,1041,1014,1021,1020,1171,1144,1050,1012,349792.721,3766916.530
Water,1039,1038,1011,1023,1138,1143,1053,1019,349762.065,3766890.755
Water,1045,1016,1017,1020,1159,1143,1044,1006,349794.431,3766893.001
Water,1046,1022,1011,1014,1161,1128,1045,1009,349812.455,3766888.127
Water,1041,1023,1008,1014,1148,1158,1042,1022,349757.293,3766840.513
Water,1045,1021,1026,1008,1157,1109,1054,1032,352932.315,3765569.655
Water,1043,1023,1026,1008,1144,1115,1056,1038,352941.750,3765557.062
Water,1040,1020,1029,1006,1144,1123,1038,1033,352939.662,3765578.422
Water,1038,1018,1029,1007,1132,1123,1045,1022,352924.497,3765575.430
Water,1028,1023,1033,1005,1158,1129,1051,1035,352929.401,3765580.310
Water,1045,1021,1026,1008,1157,1109,1054,1032,352930.258,3765564.318
Water,1044,1025,1029,1004,1173,1103,1055,1025,352942.817,3765576.645
Water,1045,1021,1026,1008,1157,1109,1054,1032,352931.340,3765561.872
Water,1044,1026,1023,1009,1161,1098,1041,1035,352933.868,3765557.229
Water,1044,1020,1025,1008,1145,1107,1046,1029,352929.808,3765569.797
Water,1038,1018,1029,1007,1132,1123,1045,1022,352926.728,3765574.101
Water,1044,1026,1023,1009,1161,1098,1041,1035,352935.702,3765557.585
Water,1033,1029,1032,1003,1149,1107,1051,1025,352945.672,3765596.405
Water,1040,1020,1029,1006,1144,1123,1038,1033,352935.526,3765576.468
Water,1034,1028,1031,1003,1140,1120,1042,1030,352943.141,3765585.001
Water,1029,1024,1032,1005,1160,1139,1045,1032,352937.186,3765586.648
Water,1044,1020,1025,1008,1145,1107,1046,1029,352929.724,3765567.023
Water,1038,1018,1029,1007,1132,1123,1045,1022,352925.405,3765571.563
Water,1045,1021,1026,1008,1157,1109,1054,1032,352931.269,3765566.818
Water,1044,1028,1022,1009,1158,1106,1039,1033,352928.415,3765552.172
Water,1034,1028,1031,1003,1140,1120,1042,1030,352945.736,3765585.053
Water,1038,1018,1029,1007,1132,1123,1045,1022,352927.209,3765577.832
Water,1044,1020,1025,1008,1145,1107,1046,1029,352927.744,3765566.854
Water,1040,1020,1029,1006,1144,1123,1038,1033,352932.424,3765573.409
Water,1045,1021,1026,1008,1157,1109,1054,1032,352934.317,3765566.309
Water,1047,1024,1027,1006,1164,1107,1055,1015,352941.640,3765569.686
Water,1045,1021,1026,1008,1157,1109,1054,1032,352939.076,3765563.566
Water,1044,1020,1025,1008,1145,1107,1046,1029,352925.078,3765566.990
Water,1044,1025,1029,1004,1173,1103,1055,1025,352944.184,3765570.928
Water,1033,1029,1032,1003,1149,1107,1051,1025,352945.200,3765592.884
Water,1047,1024,1027,1006,1164,1107,1055,1015,352940.218,3765565.732
Water,1045,1021,1026,1008,1157,1109,1054,1032,352938.581,3765563.424
Water,1044,1028,1022,1009,1158,1106,1039,1033,352927.664,3765556.454
Water,1034,1028,1031,1003,1140,1120,1042,1030,352946.341,3765582.518
Water,1047,1024,1027,1006,1164,1107,1055,1015,352943.709,3765561.833
Water,1029,1024,1032,1005,1160,1139,1045,1032,352939.644,3765583.857
Water,1040,1020,1029,1006,1144,1123,1038,1033,352933.569,3765576.864
Water,1040,1020,1029,1006,1144,1123,1038,1033,352937.937,3765572.553
Water,1040,1020,1029,1006,1144,1123,1038,1033,352936.616,3765579.920
Water,1038,1018,1029,1007,1132,1123,1045,1022,352927.073,3765571.414
Water,1032,1031,1032,1005,1135,1120,1043,1012,352950.075,3765590.891
Water,1028,1027,1034,1004,1152,1117,1053,1040,352939.064,3765590.698
Water,1034,1028,1031,1003,1140,1120,1042,1030,352942.008,3765588.659
Water,1044,1020,1025,1008,1145,1107,1046,1029,352925.707,3765569.113
Water,1044,1026,1023,1009,1161,1098,1041,1035,352934.849,3765555.437
Water,1047,1024,1027,1006,1164,1107,1055,1015,352940.597,3765569.436
Water,1044,1028,1022,1009,1158,1106,1039,1033,352927.405,3765552.904
Water,1045,1021,1026,1008,1157,1109,1054,1032,352937.042,3765563.016
Water,1044,1020,1025,1008,1145,1107,1046,1029,352927.491,3765564.517
Water,1033,1029,1032,1003,1149,1107,1051,1025,352946.114,3765591.273
Water,1054,1028,1031,1010,1206,1216,1064,1036,354769.426,3766758.211
Water,1054,1028,1031,1010,1206,1216,1064,1036,354768.266,3766757.082
Water,1054,1028,1031,1010,1206,1216,1064,1036,354768.947,3766758.519
Water,1055,1027,1032,1011,1208,1222,1071,1040,354770.497,3766757.409
Water,1055,1027,1032,1011,1208,1222,1071,1040,354770.355,3766756.951
Water,1055,1027,1032,1011,1208,1222,1071,1040,354770.612,3766759.809
Water,1054,1028,1031,1010,1206,1216,1064,1036,354769.279,3766759.182
Water,1054,1028,1031,1010,1206,1216,1064,1036,354768.876,3766757.571
Water,1054,1028,1031,1010,1206,1216,1064,1036,354769.712,3766758.003
Water,1055,1027,1032,1011,1208,1222,1071,1040,354770.690,3766759.075
Water,1054,1028,1031,1010,1206,1216,1064,1036,354768.101,3766758.085
Water,1054,1028,1031,1010,1206,1216,1064,1036,354769.483,3766758.348
Water,1054,1028,1031,1010,1206,1216,1064,1036,354768.423,3766757.703
Water,1054,1028,1031,1010,1206,1216,1064,1036,354769.740,3766757.088
Water,1055,1027,1032,1011,1208,1222,1071,1040,354770.969,3766759.314
Water,1054,1028,1031,1010,1206,1216,1064,1036,354769.057,3766758.115
Water,1055,1027,1032,1011,1208,1222,1071,1040,354771.126,3766756.604
Water,1055,1027,1032,1011,1208,1222,1071,1040,354770.592,3766757.541
Water,1054,1028,1031,1010,1206,1216,1064,1036,354769.884,3766758.606
Water,1055,1027,1032,1011,1208,1222,1071,1040,354770.037,3766756.250
Water,1054,1028,1031,1010,1206,1216,1064,1036,354769.132,3766756.906
Water,1054,1028,1031,1010,1206,1216,1064,1036,354768.351,3766756.984
Water,1055,1027,1032,1011,1208,1222,1071,1040,354770.754,3766758.547
Water,1054,1028,1031,1010,1206,1216,1064,1036,354768.574,3766756.828
Water,1054,1028,1031,1010,1206,1216,1064,1036,354769.281,3766759.242
Water,1054,1028,1031,1010,1206,1216,1064,1036,354769.017,3766756.900
Water,1054,1028,1031,1010,1206,1216,1064,1036,354769.468,3766757.408
Water,1055,1027,1032,1011,1208,1222,1071,1040,354770.801,3766759.736
Water,1054,1028,1031,1010,1206,1216,1064,1036,354769.795,3766758.299
Water,1055,1027,1032,1011,1208,1222,1071,1040,354771.022,3766758.247
Water,1054,1028,1031,1010,1206,1216,1064,1036,354768.834,3766757.057
Water,1055,1027,1032,1011,1208,1222,1071,1040,354770.026,3766756.097
Water,1054,1028,1031,1010,1206,1216,1064,1036,354769.667,3766757.643
Water,1055,1027,1032,1011,1208,1222,1071,1040,354770.862,3766758.643
Water,1055,1027,1032,1011,1208,1222,1071,1040,354770.562,3766759.234
Water,1055,1027,1032,1011,1208,1222,1071,1040,354770.668,3766756.907
Water,1054,1028,1031,1010,1206,1216,1064,1036,354768.714,3766756.844
Water,1054,1028,1031,1010,1206,1216,1064,1036,354768.603,3766757.842
Water,1055,1027,1032,1011,1208,1222,1071,1040,354770.808,3766756.361
Water,1055,1027,1032,1011,1208,1222,1071,1040,354770.215,3766757.988
Water,1054,1028,1031,1010,1206,1216,1064,1036,354769.708,3766758.671
Water,1055,1027,1032,1011,1208,1222,1071,1040,354770.129,3766757.958
Water,1055,1027,1032,1011,1208,1222,1071,1040,354770.615,3766756.662
Water,1054,1028,1031,1010,1206,1216,1064,1036,354769.984,3766758.168
Water,1055,1027,1032,1011,1208,1222,1071,1040,354770.972,3766757.977
Water,1054,1028,1031,1010,1206,1216,1064,1036,354769.312,3766756.984
Water,1054,1028,1031,1010,1206,1216,1064,1036,354768.791,3766757.026
Water,1054,1028,1031,1010,1206,1216,1064,1036,354769.505,3766756.777
Water,1055,1027,1032,1011,1208,1222,1071,1040,354770.766,3766759.264
Water,1055,1027,1032,1011,1208,1222,1071,1040,354770.388,3766756.744
Water,1055,1024,1030,1015,1182,1209,1055,1030,354406.395,3766935.986
Water,1055,1024,1030,1015,1182,1209,1055,1030,354406.384,3766935.969
Water,1055,1024,1030,1015,1182,1209,1055,1030,354406.391,3766935.981
Water,1055,1024,1030,1015,1182,1209,1055,1030,354406.401,3766935.976
Water,1055,1024,1030,1015,1182,1209,1055,1030,354406.402,3766935.961
Water,1055,1024,1030,1015,1182,1209,1055,1030,354406.405,3766935.976
Water,1055,1024,1030,1015,1182,1209,1055,1030,354406.395,3766935.986
Water,1055,1024,1030,1015,1182,1209,1055,1030,354406.390,3766935.939
Water,1055,1024,1030,1015,1182,1209,1055,1030,354406.380,3766935.944
Water,1055,1024,1030,1015,1182,1209,1055,1030,354406.378,3766935.951
Water,1055,1024,1030,1015,1182,1209,1055,1030,354406.375,3766935.927
Water,1055,1024,1030,1015,1182,1209,1055,1030,354406.379,3766935.961
Water,1055,1024,1030,1015,1182,1209,1055,1030,354406.401,3766935.962
Water,1055,1024,1030,1015,1182,1209,1055,1030,354406.402,3766935.944
Water,1055,1024,1030,1015,1182,1209,1055,1030,354406.389,3766935.957
Water,1055,1024,1030,1015,1182,1209,1055,1030,354406.392,3766935.939
Water,1055,1024,1030,1015,1182,1209,1055,1030,354406.383,3766935.985
Water,1055,1024,1030,1015,1182,1209,1055,1030,354406.389,3766935.953
Water,1055,1024,1030,1015,1182,1209,1055,1030,354406.398,3766935.945
Water,1055,1024,1030,1015,1182,1209,1055,1030,354406.377,3766935.985
Water,1055,1024,1030,1015,1182,1209,1055,1030,354406.384,3766935.957
Water,1055,1024,1030,1015,1182,1209,1055,1030,354406.400,3766935.972
Water,1055,1024,1030,1015,1182,1209,1055,1030,354406.400,3766935.987
Water,1055,1024,1030,1015,1182,1209,1055,1030,354406.394,3766935.967
Water,1055,1024,1030,1015,1182,1209,1055,1030,354406.400,3766935.947
Water,1055,1024,1030,1015,1182,1209,1055,1030,354406.389,3766935.984
Water,1055,1024,1030,1015,1182,1209,1055,1030,354406.380,3766935.978
Water,1055,1024,1030,1015,1182,1209,1055,1030,354406.395,3766935.986
Water,1055,1024,1030,1015,1182,1209,1055,1030,354406.380,3766935.944
Water,1055,1024,1030,1015,1182,1209,1055,1030,354406.405,3766935.997
Water,1055,1024,1030,1015,1182,1209,1055,1030,354406.381,3766935.982
Water,1055,1024,1030,1015,1182,1209,1055,1030,354406.385,3766935.967
Water,1055,1024,1030,1015,1182,1209,1055,1030,354406.381,3766935.967
Water,1055,1024,1030,1015,1182,1209,1055,1030,354406.399,3766935.945
Water,1055,1024,1030,1015,1182,1209,1055,1030,354406.401,3766935.954
Water,1055,1024,1030,1015,1182,1209,1055,1030,354406.379,3766935.963
Water,1055,1024,1030,1015,1182,1209,1055,1030,354406.401,3766935.970
Water,1055,1024,1030,1015,1182,1209,1055,1030,354406.384,3766935.981
Water,1055,1024,1030,1015,1182,1209,1055,1030,354406.382,3766935.951
Water,1055,1024,1030,1015,1182,1209,1055,1030,354406.379,3766935.955
Water,1055,1024,1030,1015,1182,1209,1055,1030,354406.395,3766935.980
Water,1055,1024,1030,1015,1182,1209,1055,1030,354406.380,3766935.968
Water,1055,1024,1030,1015,1182,1209,1055,1030,354406.402,3766935.960
Water,1055,1024,1030,1015,1182,1209,1055,1030,354406.406,3766935.998
Water,1055,1024,1030,1015,1182,1209,1055,1030,354406.406,3766935.950
Water,1055,1024,1030,1015,1182,1209,1055,1030,354406.394,3766935.967
Water,1055,1024,1030,1015,1182,1209,1055,1030,354406.388,3766935.985
Water,1055,1024,1030,1015,1182,1209,1055,1030,354406.388,3766935.988
Water,1055,1024,1030,1015,1182,1209,1055,1030,354406.402,3766935.943
Water,1055,1024,1030,1015,1182,1209,1055,1030,354406.385,3766935.937
Vegetation,2190,4191,4974,3215,1424,1714,1448,5380,360797.259,3767832.603
Vegetation,2282,3918,4392,3379,1429,1770,1742,4283,360814.395,3767813.888
Vegetation,2190,4191,4974,3215,1424,1714,1448,5380,360793.192,3767834.959
Vegetation,2307,4201,4754,3360,1505,1966,1790,4978,360821.048,3767803.930
Vegetation,2315,4311,4920,3314,1483,1894,1662,5588,360801.695,3767842.089
Vegetation,2368,4139,4669,3371,1329,1790,1514,5308,360813.300,3767848.960
Vegetation,2327,4325,4996,3321,1502,1879,1617,5289,360812.114,3767794.089
Vegetation,2321,4143,4685,3369,1413,1806,1511,5101,360835.089,3767815.972
Vegetation,2190,4191,4974,3215,1424,1714,1448,5380,360794.005,3767831.540
Vegetation,2307,4201,4754,3360,1505,1966,1790,4978,360826.500,3767800.133
Vegetation,2190,4191,4974,3215,1424,1714,1448,5380,360790.429,3767831.084
Vegetation,2335,3934,4440,3373,1390,1786,1646,4544,360812.364,3767832.023
Vegetation,2324,3756,4337,3397,1360,1678,1628,4186,360821.428,3767822.792
Vegetation,2190,4191,4974,3215,1424,1714,1448,5380,360795.607,3767830.057
Vegetation,2360,4482,5149,3358,1582,2026,1834,5853,360843.195,3767818.911
Vegetation,2266,4051,4659,3325,1404,1814,1696,4825,360804.995,3767803.960
Vegetation,2315,4311,4920,3314,1483,1894,1662,5588,360809.695,3767840.539
Vegetation,2307,4201,4754,3360,1505,1966,1790,4978,360825.363,3767802.607
Vegetation,2353,4475,5209,3304,1568,1848,1645,4803,360809.256,3767783.028
Vegetation,2189,4097,4869,3211,1450,1794,1532,5544,360795.685,3767820.629
Vegetation,2351,3780,4445,3420,1425,1830,1759,4877,360837.491,3767837.148
Vegetation,2337,3903,4568,3396,1307,1748,1463,5404,360833.650,3767828.560
Vegetation,2327,4386,5010,3356,1602,1947,1828,5018,360836.732,3767803.863
Vegetation,2368,4139,4669,3371,1329,1790,1514,5308,360819.390,3767846.371
Vegetation,2347,3715,4325,3413,1480,1808,1810,4257,360827.219,3767831.361
Vegetation,2363,3773,4317,3440,1473,1814,1896,4159,360838.022,3767841.327
Vegetation,2318,4740,5714,3341,1328,1907,1528,6500,360843.297,3767795.094
Vegetation,2354,4632,5541,3358,1389,1874,1571,6023,360838.689,3767793.965
Vegetation,2289,4073,4608,3361,1392,1848,1653,4988,360810.498,3767808.699
Vegetation,2318,4740,5714,3341,1328,1907,1528,6500,360840.282,3767796.265
Vegetation,2266,4051,4659,3325,1404,1814,1696,4825,360800.074,3767806.725
Vegetation,2261,3974,4525,3313,1411,1832,1656,5071,360808.888,3767827.406
Vegetation,2373,4584,5319,3337,1461,1946,1594,5944,360852.161,3767804.459
Vegetation,2347,3715,4325,3413,1480,1808,1810,4257,360825.439,3767834.570
Vegetation,2307,4201,4754,3360,1505,1966,1790,4978,360821.972,3767806.871
Vegetation,2372,4700,5679,3351,1327,1819,1432,6540,360821.839,3767787.824
Vegetation,2324,3756,4337,3397,1360,1678,1628,4186,360821.583,3767826.477
Vegetation,2252,3955,4525,3333,1428,1872,1704,4868,360804.096,3767813.028
Vegetation,2282,3918,4392,3379,1429,1770,1742,4283,360814.465,3767819.533
Vegetation,2327,4325,4996,3321,1502,1879,1617,5289,360817.954,3767798.704
Vegetation,2206,4349,5147,3250,1388,1736,1462,5539,360794.641,3767841.346
Vegetation,2337,3903,4568,3396,1307,1748,1463,5404,360837.898,3767821.921
Vegetation,2282,4093,4657,3307,1338,1766,1504,5416,360801.376,3767832.927
Vegetation,2351,3780,4445,3420,1425,1830,1759,4877,360835.640,3767830.211
Vegetation,2360,4482,5149,3358,1582,2026,1834,5853,360847.634,3767818.582
Vegetation,2321,4143,4685,3369,1413,1806,1511,5101,360832.033,3767817.735
Vegetation,2372,4700,5679,3351,1327,1819,1432,6540,360822.923,3767787.222
Vegetation,2353,4475,5209,3304,1568,1848,1645,4803,360808.065,3767787.194
Vegetation,2252,3955,4525,3333,1428,1872,1704,4868,360806.282,3767815.711
Vegetation,2327,4325,4996,3321,1502,1879,1617,5289,360813.558,3767797.536
Vegetation,2099,4704,5709,3157,1273,1691,1342,6717,361012.487,3768025.771
Vegetation,2070,4803,5966,3069,1278,1672,1309,7040,360993.583,3768001.708
Vegetation,2101,4932,6141,3109,1253,1702,1335,6912,361001.979,3768003.080
Vegetation,2099,4704,5709,3157,1273,1691,1342,6717,361017.543,3768021.466
Vegetation,2140,5035,6229,3160,1292,1774,1356,6891,361016.845,3768006.614
Vegetation,2046,4590,5666,3029,1306,1664,1377,6472,360986.318,3768008.396
Vegetation,2085,4926,6049,3099,1304,1744,1350,6612,360998.925,3767998.854
Vegetation,2048,4141,4880,3094,1358,1662,1502,5124,361009.357,3768031.426
Vegetation,2187,5110,6230,3219,1300,1778,1346,6959,361021.331,3768008.048
Vegetation,2251,4908,6042,3315,1270,1680,1333,7191,361022.529,3768021.653
Vegetation,2251,4908,6042,3315,1270,1680,1333,7191,361021.449,3768021.631
Vegetation,2070,4630,5681,3003,1251,1624,1313,6757,360979.959,3767994.089
Vegetation,2251,4908,6042,3315,1270,1680,1333,7191,361022.477,3768020.698
Vegetation,2059,4731,5856,3089,1225,1614,1315,6596,361003.894,3768015.412
Vegetation,2121,4950,6122,3176,1241,1700,1270,7209,361019.776,3768017.956
Vegetation,2048,4141,4880,3094,1358,1662,1502,5124,361001.370,3768031.129
Vegetation,2046,4590,5666,3029,1306,1664,1377,6472,360987.256,3768009.910
Vegetation,2228,5137,6327,3300,1217,1658,1268,7056,361025.806,3768012.575
Vegetation,2013,3671,4335,3013,1333,1680,1426,4991,360984.364,3768026.434
Vegetation,2013,3671,4335,3013,1333,1680,1426,4991,360980.682,3768027.558
Vegetation,2031,4212,5145,3013,1358,1728,1505,5384,360985.294,3768018.150
Vegetation,2046,4590,5666,3029,1306,1664,1377,6472,360984.456,3768003.146
Vegetation,2013,3671,4335,3013,1333,1680,1426,4991,360980.692,3768023.888
Vegetation,2031,4212,5145,3013,1358,1728,1505,5384,360987.086,3768015.023
Vegetation,2140,5035,6229,3160,1292,1774,1356,6891,361019.700,3768002.196
Vegetation,2022,3608,4257,3035,1110,1348,1233,3535,360997.554,3768030.522
Vegetation,2131,4526,5387,3195,1549,1906,1684,5833,361019.377,3768032.451
Vegetation,2000,3961,4736,3002,1306,1558,1385,4415,360996.267,3768027.759
Vegetation,2144,4991,6128,3115,1302,1752,1364,6744,361008.704,3767999.507
Vegetation,2101,4932,6141,3109,1253,1702,1335,6912,361004.313,3768005.792
Vegetation,2016,4388,5273,3053,1388,1711,1465,5559,361007.144,3768025.298
Vegetation,2031,4212,5145,3013,1358,1728,1505,5384,360983.158,3768015.161
Vegetation,2016,4388,5273,3053,1388,1711,1465,5559,361004.346,3768026.073
Vegetation,2144,4991,6128,3115,1302,1752,1364,6744,361004.306,3767998.252
Vegetation,2016,4388,5273,3053,1388,1711,1465,5559,361005.718,3768025.275
Vegetation,2000,3961,4736,3002,1306,1558,1385,4415,360997.568,3768025.002
Vegetation,2016,4388,5273,3053,1388,1711,1465,5559,361003.848,3768029.723
Vegetation,2000,3961,4736,3002,1306,1558,1385,4415,360993.484,3768023.175
Vegetation,2027,3925,4705,3018,1282,1626,1455,5083,360977.871,3768011.121
Vegetation,2046,4590,5666,3029,1306,1664,1377,6472,360980.499,3768006.413
Vegetation,2070,4803,5966,3069,1278,1672,1309,7040,360991.636,3768009.868
Vegetation,2016,4388,5273,3053,1388,1711,1465,5559,361005.008,3768024.022
Vegetation,2000,3961,4736,3002,1306,1558,1385,4415,360999.043,3768022.312
Vegetation,2140,5035,6229,3160,1292,1774,1356,6891,361013.480,3768007.411
Vegetation,2027,3925,4705,3018,1282,1626,1455,5083,360977.827,3768013.676
Vegetation,2140,5035,6229,3160,1292,1774,1356,6891,361010.267,3768003.866
Vegetation,2228,5137,6327,3300,1217,1658,1268,7056,361024.916,3768016.631
Vegetation,2031,4212,5145,3013,1358,1728,1505,5384,360989.831,3768016.419
Vegetation,2121,4950,6122,3176,1241,1700,1270,7209,361015.826,3768013.380
Vegetation,2059,4731,5856,3089,1225,1614,1315,6596,361001.292,3768018.676
Vegetation,2478,4744,5646,3711,1305,1848,1331,6313,361277.195,3767973.527
Vegetation,2478,4744,5646,3711,1305,1848,1331,6313,361278.497,3767976.202
Vegetation,2325,4763,5731,3436,1284,1810,1380,6248,361249.516,3767951.799
Vegetation,2321,4743,5728,3395,1290,1767,1371,6172,361236.283,3767944.903
Vegetation,2422,4724,5622,3581,1311,1755,1364,6016,361259.166,3767954.421
Vegetation,2307,4646,5599,3426,1278,1794,1405,6312,361247.969,3767966.573
Vegetation,2380,4648,5622,3522,1703,2104,1976,5500,361261.243,3767989.221
Vegetation,2360,4319,5154,3406,1359,1758,1530,5810,361234.280,3767979.329
Vegetation,2325,4763,5731,3436,1284,1810,1380,6248,361240.706,3767953.411
Vegetation,2371,4586,5511,3506,1648,2042,1786,5795,361252.324,3767979.898
Vegetation,2568,4901,5849,3775,1420,1940,1519,6480,361284.466,3767986.454
Vegetation,2325,4763,5731,3436,1284,1810,1380,6248,361240.624,3767951.578
Vegetation,2501,4422,5279,3546,1652,2080,1794,5739,361250.337,3767989.977
Vegetation,2529,4573,5354,3749,1354,1852,1502,5784,361263.751,3767959.140
Vegetation,2403,4807,5812,3598,1355,1894,1426,6528,361272.313,3767989.330
Vegetation,2538,4191,4949,3532,1486,1928,1779,5633,361248.319,3767986.694
Vegetation,2902,4424,5022,4113,1768,2226,2258,5432,361284.004,3767968.229
Vegetation,2380,4648,5622,3522,1703,2104,1976,5500,361263.131,3767983.468
Vegetation,2574,4599,5381,3824,1346,1874,1462,5999,361272.538,3767966.342
Vegetation,2339,4711,5671,3549,1610,2028,1702,5549,361265.581,3767972.507
Vegetation,2529,4573,5354,3749,1354,1852,1502,5784,361269.529,3767952.731
Vegetation,2861,3996,4476,4089,1858,2274,2414,4328,361288.687,3767949.954
Vegetation,2422,4724,5622,3581,1311,1755,1364,6016,361251.215,3767957.013
Vegetation,2782,4181,4734,4009,1760,2226,2294,4791,361278.464,3767948.683
Vegetation,2915,4120,4605,4143,1980,2488,2568,5053,361281.586,3767955.611
Vegetation,2344,4444,5350,3409,1424,1817,1581,6125,361267.249,3767998.871
Vegetation,2581,4628,5437,3735,1412,1946,1529,6149,361252.139,3767946.884
Vegetation,2403,4807,5812,3598,1355,1894,1426,6528,361276.360,3767980.282
Vegetation,2378,4455,5338,3458,1326,1769,1461,6168,361240.709,3767979.021
Vegetation,2236,4688,5683,3312,1250,1766,1311,6153,361239.649,3767953.380
Vegetation,2325,4763,5731,3436,1284,1810,1380,6248,361240.600,3767955.420
Vegetation,2971,4473,5109,4200,2256,2740,2788,5119,361290.959,3767978.665
Vegetation,2380,4648,5622,3522,1703,2104,1976,5500,361269.884,3767982.123
Vegetation,2529,4573,5354,3749,1354,1852,1502,5784,361269.738,3767951.551
Vegetation,2861,3996,4476,4089,1858,2274,2414,4328,361284.116,3767946.061
Vegetation,2299,4704,5713,3430,1359,1850,1404,6704,361276.731,3767991.635
Vegetation,2168,4433,5350,3206,1334,1767,1449,6581,361272.638,3768000.100
Vegetation,2378,4455,5338,3458,1326,1769,1461,6168,361249.914,3767979.437
Vegetation,2459,4745,5662,3570,1331,1906,1441,6216,361241.732,3767942.041
Vegetation,2299,4704,5713,3430,1359,1850,1404,6704,361272.655,3767995.702
Vegetation,2371,4586,5511,3506,1648,2042,1786,5795,361251.218,3767977.355
Vegetation,2276,4563,5505,3351,1258,1672,1315,6125,361239.483,3767960.214
Vegetation,2971,4473,5109,4200,2256,2740,2788,5119,361290.844,3767977.261
Vegetation,2693,4372,5015,3936,1564,2096,1975,5589,361279.225,3767951.977
Vegetation,2378,4455,5338,3458,1326,1769,1461,6168,361246.088,3767976.536
Vegetation,2915,4120,4605,4143,1980,2488,2568,5053,361280.170,3767959.601
Vegetation,2538,4191,4949,3532,1486,1928,1779,5633,361249.509,3767987.535
Vegetation,2339,4711,5671,3549,1610,2028,1702,5549,361269.275,3767972.229
Vegetation,2325,4763,5731,3436,1284,1810,1380,6248,361241.167,3767956.439
Vegetation,2321,4743,5728,3395,1290,1767,1371,6172,361239.657,3767943.987
Vegetation,2133,4612,5659,3257,1267,1704,1314,5991,361397.678,3768453.041
Vegetation,2113,4530,5486,3202,1297,1714,1343,6059,361370.395,3768409.938
Vegetation,2202,4266,5153,3264,1268,1754,1453,5385,361378.328,3768454.721
Vegetation,2071,4673,5720,3162,1234,1682,1269,5991,361385.670,3768435.871
Vegetation,2071,4662,5645,3167,1278,1692,1310,6071,361369.175,3768418.876
Vegetation,2165,4382,5304,3256,1355,1772,1500,5576,361375.648,3768390.520
Vegetation,2109,4686,5747,3189,1269,1740,1320,6292,361380.490,3768412.196
Vegetation,2104,4570,5571,3205,1229,1682,1298,5852,361382.078,3768445.212
Vegetation,2104,4570,5571,3205,1229,1682,1298,5852,361381.903,3768449.022
Vegetation,2136,4454,5426,3252,1216,1630,1344,5676,361384.817,3768457.099
Vegetation,2104,4728,5793,3187,1267,1764,1310,6247,361391.467,3768431.824
Vegetation,2164,4457,5412,3214,1282,1741,1384,5997,361372.292,3768447.990
Vegetation,2101,4636,5654,3165,1216,1700,1281,6197,361374.630,3768432.548
Vegetation,2193,4742,5851,3277,1289,1790,1347,6456,361402.399,3768450.059
Vegetation,2207,4766,5809,3272,1271,1804,1361,6383,361391.616,3768407.793
Vegetation,2154,4662,5682,3235,1264,1746,1336,6204,361388.821,3768405.608
Vegetation,2136,4454,5426,3252,1216,1630,1344,5676,361389.749,3768457.253
Vegetation,2136,4454,5426,3252,1216,1630,1344,5676,361389.272,3768450.865
Vegetation,2073,4712,5779,3156,1251,1712,1321,6152,361385.023,3768424.190
Vegetation,2083,4634,5627,3166,1248,1687,1290,6193,361373.535,3768411.480
Vegetation,2104,4570,5571,3205,1229,1682,1298,5852,361382.945,3768444.233
Vegetation,2109,4670,5719,3214,1282,1771,1292,6180,361399.408,3768449.356
Vegetation,2164,4457,5412,3214,1282,1741,1384,5997,361379.341,3768444.243
Vegetation,2165,4382,5304,3256,1355,1772,1500,5576,361379.290,3768393.726
Vegetation,2101,4636,5654,3165,1216,1700,1281,6197,361374.628,3768432.242
Vegetation,2073,4712,5779,3156,1251,1712,1321,6152,361384.486,3768428.818
Vegetation,2202,4266,5153,3264,1268,1754,1453,5385,361370.927,3768450.577
Vegetation,2113,4530,5486,3202,1297,1714,1343,6059,361370.140,3768409.180
Vegetation,2071,4673,5720,3162,1234,1682,1269,5991,361383.805,3768436.486
Vegetation,2113,4530,5486,3202,1297,1714,1343,6059,361379.995,3768401.330
Vegetation,2073,4712,5779,3156,1251,1712,1321,6152,361383.248,3768422.887
Vegetation,2083,4634,5627,3166,1248,1687,1290,6193,361376.686,3768415.408
Vegetation,2104,4570,5571,3205,1229,1682,1298,5852,361388.366,3768445.998
Vegetation,2071,4673,5720,3162,1234,1682,1269,5991,361380.262,3768434.216
Vegetation,2122,4754,5829,3192,1236,1792,1311,6332,361391.742,3768424.737
Vegetation,2122,4754,5829,3192,1236,1792,1311,6332,361391.403,3768429.652
Vegetation,2109,4686,5747,3189,1269,1740,1320,6292,361384.001,3768412.060
Vegetation,2206,4640,5584,3294,1266,1804,1343,5876,361383.901,3768399.246
Vegetation,2136,4454,5426,3252,1216,1630,1344,5676,361387.797,3768452.633
Vegetation,2136,4454,5426,3252,1216,1630,1344,5676,361387.926,3768456.828
Vegetation,2113,4530,5486,3202,1297,1714,1343,6059,361370.752,3768400.109
Vegetation,2104,4728,5793,3187,1267,1764,1310,6247,361399.401,3768431.219
Vegetation,2121,4614,5620,3201,1226,1703,1324,6296,361368.751,3768434.616
Vegetation,2136,4454,5426,3252,1216,1630,1344,5676,361386.463,3768452.389
Vegetation,2177,4554,5612,3314,1405,1907,1484,6018,361394.594,3768461.395
Vegetation,2113,4530,5486,3202,1297,1714,1343,6059,361377.158,3768403.229
Vegetation,2101,4636,5654,3165,1216,1700,1281,6197,361375.775,3768439.498
Vegetation,2071,4673,5720,3162,1234,1682,1269,5991,361384.934,3768435.136
Vegetation,2109,4686,5747,3189,1269,1740,1320,6292,361383.041,3768418.173
Vegetation,2136,4454,5426,3252,1216,1630,1344,5676,361384.317,3768454.733
Vegetation,2367,4503,5295,3168,1493,1984,1767,5240,361664.248,3768362.029
Vegetation,1877,3394,3927,2348,1285,1511,1419,3866,361699.215,3768414.462
Vegetation,2254,4348,5138,2960,1494,1727,1630,5544,361704.762,3768397.762
Vegetation,2328,4627,5561,3217,1359,1908,1462,6140,361646.537,3768388.584
Vegetation,2219,4116,4736,2796,1308,1646,1495,4543,361698.953,3768397.720
Vegetation,2382,4689,5484,3285,1371,1902,1535,6044,361660.629,3768350.389
Vegetation,2260,4438,5287,3063,1321,1812,1418,5908,361650.568,3768387.606
Vegetation,2172,4053,4772,2762,1402,1785,1618,5232,361701.210,3768407.949
Vegetation,2350,4756,5702,3276,1478,1848,1588,5564,361693.079,3768365.428
Vegetation,2186,4251,5002,2884,1327,1672,1500,5452,361663.139,3768388.241
Vegetation,2186,4186,4880,2824,1434,1906,1742,5495,361674.946,3768385.226
Vegetation,1840,3333,4029,2399,1152,1444,1259,4528,361679.046,3768409.335
Vegetation,1950,3558,4120,2447,1229,1607,1397,4856,361689.822,3768409.526
Vegetation,2041,3733,4360,2544,1428,1800,1716,5377,361700.032,3768412.389
Vegetation,1950,3558,4120,2447,1229,1607,1397,4856,361684.229,3768409.095
Vegetation,2287,4356,5162,3010,1464,1904,1783,5423,361673.841,3768370.400
Vegetation,2331,4445,5226,3120,1327,1860,1435,5798,361656.887,3768375.245
Vegetation,2445,4831,5659,3461,1370,1888,1530,6524,361668.601,3768347.860
Vegetation,2445,4831,5659,3461,1370,1888,1530,6524,361664.868,3768347.373
Vegetation,2369,4728,5523,3318,1301,1794,1435,6049,361679.497,3768350.773
Vegetation,2037,3845,4503,2620,1236,1636,1466,5408,361671.398,3768391.781
Vegetation,2033,3931,4683,2701,1179,1511,1312,4584,361669.452,3768398.533
Vegetation,2382,4689,5484,3285,1371,1902,1535,6044,361666.146,3768352.230
Vegetation,1840,3333,4029,2399,1152,1444,1259,4528,361675.297,3768401.649
Vegetation,1877,3394,3927,2348,1285,1511,1419,3866,361691.590,3768411.521
Vegetation,2301,4611,5508,3134,1421,1900,1538,5864,361692.509,3768377.238
Vegetation,2301,4611,5508,3134,1421,1900,1538,5864,361699.897,3768376.214
Vegetation,2259,4243,4920,2883,1532,1783,1752,5127,361683.765,3768382.039
Vegetation,2395,4712,5556,3361,1272,1703,1388,5267,361683.867,3768355.423
Vegetation,2308,4619,5468,3130,1536,1879,1656,5747,361701.752,3768382.246
Vegetation,2041,3733,4360,2544,1428,1800,1716,5377,361700.348,3768415.203
Vegetation,1950,3558,4120,2447,1229,1607,1397,4856,361684.903,3768407.649
Vegetation,2136,4206,5065,2924,1331,1771,1377,5908,361652.947,3768398.841
Vegetation,2286,4441,5308,3046,1345,1718,1485,5961,361683.727,3768374.274
Vegetation,2328,4627,5561,3217,1359,1908,1462,6140,361646.618,3768385.066
Vegetation,1950,3558,4120,2447,1229,1607,1397,4856,361686.464,3768407.930
Vegetation,2260,4438,5287,3063,1321,1812,1418,5908,361655.215,3768383.778
Vegetation,2348,4537,5376,3174,1336,1760,1514,5849,361679.865,3768364.855
Vegetation,2367,4503,5295,3168,1493,1984,1767,5240,361663.627,3768364.188
Vegetation,2219,4116,4736,2796,1308,1646,1495,4543,361696.834,3768395.086
Vegetation,2230,4512,5458,3121,1396,1993,1436,6460,361645.786,3768397.228
Vegetation,2287,4356,5162,3010,1464,1904,1783,5423,361677.745,3768379.445
Vegetation,2382,4689,5484,3285,1371,1902,1535,6044,361669.259,3768359.946
Vegetation,2230,4512,5458,3121,1396,1993,1436,6460,361645.461,3768398.966
Vegetation,1877,3394,3927,2348,1285,1511,1419,3866,361696.454,3768417.068
Vegetation,1960,3748,4561,2703,1231,1570,1256,4504,361656.032,3768401.195
Vegetation,2230,4512,5458,3121,1396,1993,1436,6460,361648.081,3768397.501
Vegetation,2061,3798,4368,2568,1334,1607,1549,3953,361694.468,3768401.735
Vegetation,2367,4503,5295,3168,1493,1984,1767,5240,361667.357,3768364.700
Vegetation,2219,4116,4736,2796,1308,1646,1495,4543,361694.987,3768392.175
Vegetation,2487,4969,5707,3599,1388,1940,1547,6419,363003.224,3768457.448
Vegetation,2748,5137,5794,3827,1807,2528,2240,5946,363029.146,3768492.231
Vegetation,2550,4661,5264,3621,1544,1991,1700,6148,362999.714,3768508.539
Vegetation,2671,4786,5468,3803,1848,2244,2088,5724,362998.139,3768490.017
Vegetation,2349,4678,5432,3445,1403,1952,1548,6572,362992.579,3768452.881
Vegetation,2404,4234,4785,3491,1406,1886,1615,5581,362979.231,3768481.302
Vegetation,2641,5012,5659,3818,1618,2050,1861,6000,362997.771,3768470.881
Vegetation,2556,4073,4677,3637,1689,2266,2316,4672,363042.398,3768524.261
Vegetation,2618,4698,5387,3744,1612,2180,2018,5740,363046.712,3768519.463
Vegetation,2305,4029,4547,3335,1396,1798,1592,5119,362984.941,3768511.832
Vegetation,2792,5070,5731,3924,1739,2238,2113,6216,363012.696,3768481.961
Vegetation,2663,5000,5632,3758,1508,2044,1740,6709,363025.306,3768502.256
Vegetation,2479,4921,5626,3568,1443,1995,1725,6048,363014.084,3768445.435
Vegetation,2120,3925,4606,3172,1262,1591,1447,4723,362998.524,3768439.156
Vegetation,2733,5277,6078,3802,1469,2128,1715,6516,363027.738,3768479.904
Vegetation,2523,4937,5603,3676,1600,2156,1881,6460,362990.948,3768466.370
Vegetation,2711,5297,6012,3781,1510,2118,1668,6714,363037.291,3768492.564
Vegetation,2174,4038,4845,3214,1181,1438,1338,4445,362977.385,3768444.027
Vegetation,2737,4808,5433,3857,1797,2578,2188,5725,363008.614,3768495.164
Vegetation,2769,4962,5617,3933,1564,2094,1822,6180,363004.999,3768484.338
Vegetation,2072,3800,4472,3086,1139,1320,1330,4257,362984.269,3768437.592
Vegetation,2329,4035,4560,3397,1415,1918,1624,5742,362970.627,3768495.422
Vegetation,2463,4417,4946,3523,1368,1792,1552,5413,363015.242,3768519.319
Vegetation,2266,4405,5183,3347,1316,1805,1438,5836,362982.817,3768454.217
Vegetation,2714,5369,6136,3760,1552,2148,1757,6489,363034.697,3768484.798
Vegetation,2487,4969,5707,3599,1388,1940,1547,6419,363002.790,3768457.515
Vegetation,2517,4616,5170,3619,1477,2030,1708,6065,363027.581,3768514.354
Vegetation,2704,5125,5785,3900,1496,2140,1795,6400,363000.664,3768474.796
Vegetation,2664,5122,5811,3776,1416,1977,1584,6892,363036.482,3768505.566
Vegetation,2610,4663,5233,3671,1552,2108,1872,5941,363000.863,3768508.997
Vegetation,2701,4903,5599,3869,1574,1962,1735,5516,362991.160,3768488.946
Vegetation,2671,4786,5468,3803,1848,2244,2088,5724,362999.614,3768497.740
Vegetation,2610,4663,5233,3671,1552,2108,1872,5941,363007.635,3768509.303
Vegetation,2641,5012,5659,3818,1618,2050,1861,6000,362991.888,3768471.832
Vegetation,2408,4286,4819,3460,1443,1965,1678,5609,362998.339,3768516.831
Vegetation,2664,5122,5811,3776,1416,1977,1584,6892,363039.036,3768504.826
Vegetation,2266,4405,5183,3347,1316,1805,1438,5836,362984.807,3768459.967
Vegetation,2266,4405,5183,3347,1316,1805,1438,5836,362988.855,3768459.451
Vegetation,2733,5277,6078,3802,1469,2128,1715,6516,363027.785,3768479.700
Vegetation,2486,4930,5571,3555,1451,2014,1740,5884,363029.676,3768446.098
Vegetation,2349,4678,5432,3445,1403,1952,1548,6572,362997.303,3768458.136
Vegetation,2714,5369,6136,3760,1552,2148,1757,6489,363033.419,3768488.684
Vegetation,2641,5012,5659,3818,1618,2050,1861,6000,362992.436,3768479.583
Vegetation,2477,3656,4160,3523,1670,2068,2138,4728,363044.347,3768530.185
Vegetation,2239,4150,4961,3306,1205,1467,1388,4342,362973.575,3768454.401
Vegetation,2117,3537,4015,3094,1272,1543,1417,3931,362976.981,3768512.586
Vegetation,2328,3590,3963,3438,1570,1888,2002,3785,363035.882,3768531.931
Vegetation,2487,4969,5707,3599,1388,1940,1547,6419,363001.607,3768452.944
Vegetation,2562,5112,5848,3662,1451,2058,1609,6550,363013.008,3768454.067
Vegetation,2556,4073,4677,3637,1689,2266,2316,4672,363044.998,3768524.170
Vegetation,2365,4591,5393,3656,1363,1814,1535,6028,363105.914,3768300.695
Vegetation,2380,4138,4592,3484,1576,1946,1849,5092,363108.700,3768284.321
Vegetation,2342,4774,5612,3470,1352,1858,1478,6340,363127.872,3768304.219
Vegetation,2373,4111,4617,3538,1538,1908,1823,4643,363096.778,3768282.625
Vegetation,2273,3614,4073,3199,1478,1831,1944,3818,363129.741,3768276.880
Vegetation,2145,3323,3708,3004,1393,1780,1836,3576,363133.704,3768279.600
Vegetation,2372,5067,5892,3440,1409,1952,1487,6888,363137.252,3768316.019
Vegetation,2273,3614,4073,3199,1478,1831,1944,3818,363127.862,3768272.187
Vegetation,2342,4774,5612,3470,1352,1858,1478,6340,363125.894,3768303.027
Vegetation,2324,3836,4309,3269,1542,1980,1900,4623,363123.843,3768283.861
Vegetation,2403,4929,5584,3322,1415,2046,1544,6893,363145.825,3768316.778
Vegetation,2342,4774,5612,3470,1352,1858,1478,6340,363127.266,3768307.517
Vegetation,2285,4384,4968,3183,1335,1820,1461,5979,363142.813,3768300.222
Vegetation,2418,4314,5085,3756,1378,1826,1667,5895,363099.602,3768303.502
Vegetation,2340,4745,5568,3561,1334,1802,1444,6304,363116.373,3768301.545
Vegetation,2372,5067,5892,3440,1409,1952,1487,6888,363135.653,3768316.012
Vegetation,2144,3533,3982,3002,1331,1728,1630,4448,363130.407,3768268.150
Vegetation,2259,3947,4532,3202,1398,1852,1630,5264,363132.955,3768291.257
Vegetation,2342,4774,5612,3470,1352,1858,1478,6340,363128.548,3768301.704
Vegetation,2324,3836,4309,3269,1542,1980,1900,4623,363126.848,3768280.466
Vegetation,2447,4384,4942,3486,1383,1867,1528,5671,363112.746,3768252.168
Vegetation,2418,4314,5085,3756,1378,1826,1667,5895,363092.408,3768303.611
Vegetation,2364,4420,5044,3313,1276,1723,1393,5570,363126.091,3768259.619
Vegetation,2343,3824,4406,3432,1368,1781,1630,4439,363106.450,3768269.229
Vegetation,2286,3809,4318,3214,1301,1664,1626,4563,363123.497,3768262.894
Vegetation,2449,4899,5641,3433,1324,1965,1514,6458,363123.049,3768243.237
Vegetation,1928,2834,3110,2745,1198,1416,1494,2550,363143.267,3768275.515
Vegetation,2380,4138,4592,3484,1576,1946,1849,5092,363108.834,3768284.589
Vegetation,1912,2991,3349,2724,1266,1542,1398,3420,363144.416,3768266.251
Vegetation,2374,4393,4943,3471,1369,1838,1549,5927,363111.029,3768299.892
Vegetation,2271,4591,5177,3145,1402,1979,1515,6465,363150.613,3768311.544
Vegetation,2572,4683,5259,3665,1411,1955,1602,5563,363109.881,3768245.204
Vegetation,2274,4626,5421,3204,1230,1712,1382,6384,363131.808,3768247.682
Vegetation,2463,5201,5917,3416,1410,2012,1522,6835,363147.395,3768320.282
Vegetation,2365,4591,5393,3656,1363,1814,1535,6028,363104.458,3768309.006
Vegetation,1943,3520,4169,2791,1317,1730,1426,5097,363148.799,3768252.911
Vegetation,2545,4822,5434,3594,1429,2096,1596,6528,363113.272,3768249.416
Vegetation,2144,3533,3982,3002,1331,1728,1630,4448,363131.658,3768264.986
Vegetation,2418,4314,5085,3756,1378,1826,1667,5895,363090.766,3768303.017
Vegetation,2372,5067,5892,3440,1409,1952,1487,6888,363137.238,3768311.618
Vegetation,2273,3614,4073,3199,1478,1831,1944,3818,363125.128,3768276.627
Vegetation,2145,3323,3708,3004,1393,1780,1836,3576,363136.376,3768278.244
Vegetation,1928,2834,3110,2745,1198,1416,1494,2550,363147.648,3768277.609
Vegetation,2274,4626,5421,3204,1230,1712,1382,6384,363137.293,3768244.480
Vegetation,2380,4138,4592,3484,1576,1946,1849,5092,363105.845,3768285.583
Vegetation,2545,4822,5434,3594,1429,2096,1596,6528,363111.660,3768240.010
Vegetation,2342,4774,5612,3470,1352,1858,1478,6340,363121.379,3768308.728
Vegetation,2313,3764,4311,3403,1430,1764,1826,3975,363100.499,3768273.504
Vegetation,2285,4384,4968,3183,1335,1820,1461,5979,363146.617,3768305.596
Vegetation,2349,5063,5968,3538,1386,1848,1476,6612,363129.459,3768314.215
Vegetation,2157,4512,5542,3134,1320,1839,1415,6124,361581.976,3768695.463
Vegetation,2091,4415,5354,3072,1293,1736,1359,6096,361567.099,3768692.033
Vegetation,1915,4009,4847,2772,1238,1532,1280,4518,361573.969,3768634.334
Vegetation,1910,3989,4968,2884,1286,1647,1284,5683,361558.143,3768648.766
Vegetation,2068,4402,5480,3077,1290,1727,1341,6157,361554.219,3768684.443
Vegetation,1881,3678,4559,2710,1108,1368,1170,4727,361555.481,3768628.306
Vegetation,2201,4682,5802,3189,1311,1797,1422,6171,361583.548,3768701.634
Vegetation,2115,4144,4958,3049,1290,1659,1345,5757,361532.067,3768679.974
Vegetation,1958,4126,5117,2957,1240,1642,1312,5696,361542.090,3768654.471
Vegetation,1877,3676,4610,2782,1186,1483,1224,4283,361541.539,3768636.399
Vegetation,2061,4340,5380,3062,1247,1646,1265,5926,361544.486,3768673.148
Vegetation,1851,3728,4645,2752,1189,1440,1206,4637,361558.522,3768631.603
Vegetation,2194,4265,5239,3075,1376,1876,1544,6328,361583.923,3768659.135
Vegetation,1877,3676,4610,2782,1186,1483,1224,4283,361548.519,3768633.342
Vegetation,2035,4564,5404,3004,1228,1646,1301,6091,361578.372,3768660.929
Vegetation,1975,4403,5437,3003,1280,1636,1324,6184,361557.626,3768664.353
Vegetation,1975,4403,5437,3003,1280,1636,1324,6184,361558.382,3768666.022
Vegetation,1958,4126,5117,2957,1240,1642,1312,5696,361542.295,3768659.426
Vegetation,2035,4564,5404,3004,1228,1646,1301,6091,361571.512,3768666.594
Vegetation,2150,4249,5271,3095,1228,1612,1291,5913,361547.143,3768685.562
Vegetation,1954,3825,4715,2850,1222,1522,1227,4824,361537.838,3768638.077
Vegetation,1996,4299,5329,3016,1220,1662,1293,5832,361545.736,3768662.490
Vegetation,1979,4196,5222,2928,1276,1644,1301,5840,361569.174,3768646.602
Vegetation,2002,4431,5367,3019,1253,1688,1317,5779,361569.854,3768688.621
Vegetation,2144,4598,5475,3084,1283,1724,1403,6527,361584.540,3768664.106
Vegetation,2023,4467,5359,3027,1205,1574,1286,4958,361575.693,3768686.412
Vegetation,2250,3970,4739,3074,1384,1803,1612,5524,361535.794,3768686.297
Vegetation,2115,4144,4958,3049,1290,1659,1345,5757,361539.885,3768674.135
Vegetation,2053,4201,5229,2959,1341,1736,1421,5840,361573.240,3768648.342
Vegetation,2035,4564,5404,3004,1228,1646,1301,6091,361574.115,3768669.095
Vegetation,2115,4144,4958,3049,1290,1659,1345,5757,361538.273,3768675.555
Vegetation,2068,4402,5480,3077,1290,1727,1341,6157,361553.619,3768687.159
Vegetation,2093,4386,5414,3036,1312,1732,1414,6427,361574.662,3768652.315
Vegetation,2133,4005,4989,2976,1390,1856,1542,5728,361583.510,3768640.301
Vegetation,1958,4126,5117,2957,1240,1642,1312,5696,361549.185,3768650.188
Vegetation,1979,4196,5222,2928,1276,1644,1301,5840,361569.530,3768641.182
Vegetation,1979,4196,5222,2928,1276,1644,1301,5840,361568.073,3768643.695
Vegetation,2131,4511,5457,3102,1243,1678,1307,5804,361585.578,3768683.765
Vegetation,1952,4214,5232,2968,1262,1652,1282,6172,361552.272,3768652.093
Vegetation,2023,4467,5359,3027,1205,1574,1286,4958,361573.885,3768689.770
Vegetation,1851,3728,4645,2752,1189,1440,1206,4637,361556.763,3768635.842
Vegetation,2035,4564,5404,3004,1228,1646,1301,6091,361576.930,3768667.015
Vegetation,2131,4511,5457,3102,1243,1678,1307,5804,361588.813,3768689.826
Vegetation,2011,4591,5386,3001,1142,1436,1216,4583,361574.682,3768676.353
Vegetation,2014,4465,5520,3040,1284,1691,1324,6206,361552.521,3768677.858
Vegetation,2201,4682,5802,3189,1311,1797,1422,6171,361583.147,3768704.273
Vegetation,1952,4214,5232,2968,1262,1652,1282,6172,361550.848,3768654.858
Vegetation,2013,4369,5412,3000,1279,1686,1353,6271,361563.606,3768653.943
Vegetation,2011,4591,5386,3001,1142,1436,1216,4583,361578.305,3768675.406
Vegetation,2093,4386,5414,3036,1312,1732,1414,6427,361576.772,3768655.812
Vegetation,1777,3522,4228,2595,1147,1410,1224,4284,363185.472,3768139.437
Vegetation,2189,4876,5798,3095,1372,1904,1434,7039,363218.713,3768131.759
Vegetation,2008,4211,4644,2961,1230,1538,1356,4119,363223.217,3768183.995
Vegetation,2333,5303,6200,3357,1330,1899,1374,7200,363200.654,3768168.115
Vegetation,2165,5038,5945,3159,1372,1913,1399,7148,363201.778,3768144.331
Vegetation,1777,3522,4228,2595,1147,1410,1224,4284,363182.201,3768135.443
Vegetation,2008,4211,4644,2961,1230,1538,1356,4119,363224.934,3768180.812
Vegetation,2371,5261,6214,3275,1361,2048,1484,7223,363220.030,3768138.580
Vegetation,2383,5046,5775,3287,1381,2004,1544,6557,363188.352,3768165.702
Vegetation,2165,5038,5945,3159,1372,1913,1399,7148,363200.060,3768146.728
Vegetation,2298,5427,6328,3308,1387,1958,1474,7155,363211.164,3768149.944
Vegetation,2010,4276,5037,2848,1286,1778,1354,5665,363219.381,3768127.579
Vegetation,2383,5046,5775,3287,1381,2004,1544,6557,363187.264,3768162.266
Vegetation,2306,5269,6171,3331,1396,1928,1456,6804,363213.767,3768168.985
Vegetation,1817,3775,4474,2674,1212,1573,1225,4568,363178.407,3768147.542
Vegetation,2475,5109,5852,3387,1406,1974,1542,6568,363198.486,3768172.360
Vegetation,1902,3887,4660,2736,1186,1478,1195,4444,363196.785,3768133.497
Vegetation,2010,4276,5037,2848,1286,1778,1354,5665,363215.553,3768127.489
Vegetation,2383,5046,5775,3287,1381,2004,1544,6557,363180.313,3768169.683
Vegetation,2383,5046,5775,3287,1381,2004,1544,6557,363180.155,3768166.013
Vegetation,2024,4385,5245,2962,1246,1612,1327,5543,363194.997,3768147.038
Vegetation,2110,4472,5271,3031,1227,1655,1291,4972,363184.675,3768159.627
Vegetation,2309,5043,5844,3261,1341,1766,1467,6491,363223.693,3768167.723
Vegetation,2391,5147,5932,3338,1380,1971,1491,6961,363190.258,3768165.804
Vegetation,2165,5038,5945,3159,1372,1913,1399,7148,363200.886,3768140.240
Vegetation,2010,4276,5037,2848,1286,1778,1354,5665,363215.951,3768127.756
Vegetation,2110,4472,5271,3031,1227,1655,1291,4972,363184.428,3768155.292
Vegetation,2309,5043,5844,3261,1341,1766,1467,6491,363222.711,3768161.274
Vegetation,1902,3887,4660,2736,1186,1478,1195,4444,363198.660,3768135.713
Vegetation,1817,3775,4474,2674,1212,1573,1225,4568,363178.360,3768148.919
Vegetation,1777,3522,4228,2595,1147,1410,1224,4284,363181.730,3768130.520
Vegetation,2265,5333,6252,3306,1348,1888,1381,7154,363207.721,3768152.327
Vegetation,2178,4620,5302,3113,1244,1682,1411,5444,363222.165,3768175.188
Vegetation,2189,4876,5798,3095,1372,1904,1434,7039,363214.513,3768134.855
Vegetation,2249,4886,5706,3238,1308,1868,1459,6132,363215.364,3768178.900
Vegetation,1901,3932,4646,2725,1159,1381,1191,3950,363205.553,3768123.660
Vegetation,2475,5109,5852,3387,1406,1974,1542,6568,363197.543,3768175.360
Vegetation,1908,3964,4755,2801,1163,1448,1226,4404,363180.695,3768147.814
Vegetation,2010,4276,5037,2848,1286,1778,1354,5665,363218.411,3768129.442
Vegetation,2024,4385,5245,2962,1246,1612,1327,5543,363194.878,3768147.976
Vegetation,1777,3522,4228,2595,1147,1410,1224,4284,363180.794,3768138.538
Vegetation,1777,3522,4228,2595,1147,1410,1224,4284,363186.611,3768134.530
Vegetation,2391,5147,5932,3338,1380,1971,1491,6961,363195.295,3768160.642
Vegetation,2034,4335,5056,2910,1318,1745,1404,6289,363175.697,3768156.900
Vegetation,1908,3964,4755,2801,1163,1448,1226,4404,363183.180,3768144.961
Vegetation,1790,3507,4164,2602,1181,1517,1252,4676,363183.983,3768122.442
Vegetation,2187,4805,5669,3163,1299,1828,1378,6728,363192.460,3768157.319
Vegetation,2010,4276,5037,2848,1286,1778,1354,5665,363210.043,3768126.540
Vegetation,1777,3522,4228,2595,1147,1410,1224,4284,363183.106,3768130.823
Vegetation,2383,5046,5775,3287,1381,2004,1544,6557,363184.280,3768165.177
Vegetation,1951,3684,4512,2859,1180,1452,1222,5641,361125.123,3768179.388
Vegetation,1948,3451,4064,2732,1656,1990,1828,4344,361152.979,3768205.790
Vegetation,2193,4369,5189,3150,1342,1659,1509,5552,361161.199,3768267.883
Vegetation,1990,3561,4282,2828,1185,1474,1351,4151,361157.877,3768222.786
Vegetation,2093,3562,4314,2930,1487,1857,1774,4675,361151.312,3768194.130
Vegetation,2164,4055,4775,3062,1348,1825,1548,5539,361151.129,3768244.874
Vegetation,2131,4010,4778,2989,1731,2114,1961,4956,361146.421,3768249.903
Vegetation,1920,3747,4642,2781,1132,1362,1184,4847,361122.097,3768187.288
Vegetation,2149,4181,4991,3028,1790,2140,1940,4943,361148.632,3768256.740
Vegetation,2020,3761,4622,2871,1328,1654,1401,5363,361130.988,3768186.456
Vegetation,1942,3745,4612,2773,1167,1564,1252,5832,361134.360,3768191.826
Vegetation,1927,3839,4595,2781,1225,1488,1382,4554,361123.033,3768200.299
Vegetation,2134,4235,5133,3072,1509,1880,1703,5275,361156.489,3768260.151
Vegetation,2184,4212,4978,3103,1521,1912,1702,5219,361157.926,3768252.057
Vegetation,1942,3745,4612,2773,1167,1564,1252,5832,361130.553,3768198.024
Vegetation,1927,3839,4595,2781,1225,1488,1382,4554,361128.859,3768209.996
Vegetation,1920,3747,4642,2781,1132,1362,1184,4847,361129.914,3768186.697
Vegetation,2020,3761,4622,2871,1328,1654,1401,5363,361132.706,3768183.270
Vegetation,2147,4151,5031,2986,1544,1858,1682,5809,361137.026,3768241.873
Vegetation,1931,3666,4372,2738,1191,1514,1320,4852,361130.583,3768218.028
Vegetation,2093,3562,4314,2930,1487,1857,1774,4675,361153.026,3768195.697
Vegetation,1914,3451,4054,2698,1451,1776,1630,4284,361157.320,3768214.619
Vegetation,1927,3839,4595,2781,1225,1488,1382,4554,361123.191,3768201.214
Vegetation,2036,4177,5114,2960,1256,1600,1397,5732,361116.795,3768223.652
Vegetation,1927,3839,4595,2781,1225,1488,1382,4554,361124.357,3768202.792
Vegetation,1899,3531,4219,2689,1271,1476,1366,4416,361147.344,3768203.147
Vegetation,2184,4212,4978,3103,1521,1912,1702,5219,361154.442,3768258.105
Vegetation,2019,4100,4997,2942,1302,1682,1431,5576,361119.509,3768218.568
Vegetation,1977,3990,4851,2888,1310,1727,1497,5035,361116.235,3768206.477
Vegetation,1976,3875,4655,2831,1454,1727,1618,5008,361127.588,3768212.380
Vegetation,1931,3666,4372,2738,1191,1514,1320,4852,361137.965,3768218.958
Vegetation,1953,3517,4290,2771,1324,1518,1425,4067,361149.139,3768220.034
Vegetation,1977,3990,4851,2888,1310,1727,1497,5035,361115.129,3768208.482
Vegetation,1914,3451,4054,2698,1451,1776,1630,4284,361150.965,3768213.147
Vegetation,1927,3839,4595,2781,1225,1488,1382,4554,361121.386,3768204.372
Vegetation,1912,3798,4670,2755,1164,1388,1267,4532,361121.724,3768198.881
Vegetation,1942,3745,4612,2773,1167,1564,1252,5832,361134.656,3768195.417
Vegetation,1883,3475,4148,2662,1251,1534,1372,3656,361148.762,3768214.037
Vegetation,1931,3666,4372,2738,1191,1514,1320,4852,361131.746,3768219.119
Vegetation,1883,3475,4148,2662,1251,1534,1372,3656,361148.094,3768210.278
Vegetation,2149,4181,4991,3028,1790,2140,1940,4943,361149.431,3768251.252
Vegetation,2036,3695,4500,2880,1575,1853,1700,4432,361143.460,3768231.830
Vegetation,2149,4181,4991,3028,1790,2140,1940,4943,361146.154,3768253.128
Vegetation,1883,3475,4148,2662,1251,1534,1372,3656,361146.418,3768210.574
Vegetation,2149,4181,4991,3028,1790,2140,1940,4943,361149.091,3768256.071
Vegetation,2180,3766,4500,3012,1574,1935,1901,5460,361147.793,3768186.932
Vegetation,2164,4055,4775,3062,1348,1825,1548,5539,361152.352,3768247.286
Vegetation,2002,3685,4502,2852,1331,1598,1448,5395,361144.182,3768197.257
Vegetation,2246,4284,5021,3205,1365,1782,1580,5708,361160.157,3768241.127
Vegetation,2131,4010,4778,2989,1731,2114,1961,4956,361149.307,3768248.297
Burned,1597,1637,1696,2635,1266,1374,1492,1730,344294.117,3770002.854
Burned,1237,1257,1294,2001,1140,1139,1187,1217,344291.252,3770118.725
Burned,1559,1593,1651,2488,1283,1389,1476,1682,344286.065,3770000.939
Burned,1665,1633,1704,2812,1386,1440,1604,1902,344306.695,3770133.029
Burned,1597,1637,1696,2635,1266,1374,1492,1730,344298.275,3770002.004
Burned,1746,1771,1838,2920,1446,1537,1668,1931,344309.542,3770063.781
Burned,1810,1867,1920,2965,1450,1588,1760,2101,344297.991,3770067.113
Burned,1724,1769,1842,2891,1347,1488,1675,1969,344305.592,3770034.581
Burned,1420,1449,1490,2273,1212,1224,1259,1427,344293.839,3770097.330
Burned,1487,1482,1542,2470,1325,1357,1480,1707,344309.545,3770128.596
Burned,1817,1840,1888,2839,1631,1736,1825,2154,344269.704,3770079.890
Burned,1541,1570,1634,2485,1268,1364,1476,1682,344281.797,3770010.735
Burned,1456,1473,1526,2384,1215,1315,1354,1481,344319.772,3770098.786
Burned,1361,1377,1429,2275,1200,1196,1287,1451,344310.506,3770113.857
Burned,1595,1624,1691,2504,1532,1542,1651,1882,344266.516,3770083.705
Burned,1796,1853,1900,2875,1544,1632,1864,2187,344285.320,3770072.629
Burned,1237,1257,1294,2001,1140,1139,1187,1217,344295.205,3770116.817
Burned,1739,1768,1811,2974,1396,1490,1644,1942,344329.898,3770035.284
Burned,1705,1746,1818,2856,1360,1454,1593,1906,344303.757,3770022.688
Burned,1665,1633,1704,2812,1386,1440,1604,1902,344308.423,3770133.177
Burned,1561,1573,1630,2573,1345,1429,1507,1726,344318.056,3770085.755
Burned,1642,1665,1703,2575,1418,1464,1619,1826,344260.032,3770034.667
Burned,1684,1722,1787,2828,1319,1423,1578,1807,344306.293,3770012.737
Burned,1699,1735,1792,2974,1368,1460,1610,1873,344328.417,3770056.263
Burned,1705,1699,1734,2865,1358,1430,1566,1792,344322.079,3770003.474
Burned,1810,1867,1920,2965,1450,1588,1760,2101,344292.701,3770060.562
Burned,1559,1593,1651,2488,1283,1389,1476,1682,344281.513,3770000.400
Burned,1514,1535,1583,2259,1211,1254,1372,1503,344266.797,3770004.080
Burned,1556,1563,1608,2402,1261,1347,1413,1642,344259.803,3770024.610
Burned,1779,1805,1838,2818,1527,1618,1782,2118,344265.869,3770047.873
Burned,1595,1624,1691,2504,1532,1542,1651,1882,344262.717,3770082.954
Burned,1668,1656,1723,2429,1287,1354,1486,1716,344264.821,3769999.985
Burned,1573,1602,1670,2537,1340,1424,1548,1807,344289.611,3770024.111
Burned,1835,1768,1848,3162,1554,1660,1828,2127,344307.811,3770146.636
Burned,1732,1730,1765,2903,1444,1522,1716,1947,344329.726,3770018.350
Burned,1750,1787,1822,2797,1446,1542,1690,2026,344273.872,3770041.614
Burned,1787,1792,1825,2776,1728,1775,1846,2127,344258.947,3770076.487
Burned,1423,1435,1485,2290,1238,1273,1364,1445,344307.283,3770097.530
Burned,1223,1240,1275,1903,1076,1097,1110,1142,344283.239,3770108.825
Burned,1705,1746,1818,2856,1360,1454,1593,1906,344306.755,3770027.327
Burned,1810,1832,1872,2866,1530,1626,1747,2038,344257.269,3770042.814
Burned,1664,1703,1760,2796,1295,1384,1572,1821,344305.414,3770001.084
Burned,1595,1624,1691,2504,1532,1542,1651,1882,344267.632,3770082.900
Burned,1279,1301,1342,2077,1133,1122,1173,1170,344303.453,3770101.573
Burned,1820,1861,1913,2872,1572,1665,1874,2160,344275.665,3770075.782
Burned,1728,1755,1808,2913,1402,1556,1714,2007,344317.812,3770015.042
Burned,1642,1665,1703,2575,1418,1464,1619,1826,344269.882,3770031.155
Burned,1666,1707,1780,2746,1333,1451,1603,1904,344297.338,3770039.596
Burned,1420,1449,1490,2273,1212,1224,1259,1427,344293.566,3770092.117
Burned,1642,1665,1703,2575,1418,1464,1619,1826,344268.415,3770030.309
Burned,1468,1530,1562,2314,1167,1189,1260,1458,345232.848,3769647.397
Burned,1546,1564,1627,2442,1440,1495,1580,1802,345206.732,3769613.229
Burned,1568,1571,1603,2405,1436,1480,1528,1674,345175.603,3769675.772
Burned,1794,1783,1837,2710,1510,1578,1745,1956,345204.811,3769661.430
Burned,1568,1571,1603,2405,1436,1480,1528,1674,345177.624,3769672.789
Burned,1538,1592,1632,2360,1290,1341,1444,1669,345230.003,3769653.587
Burned,1563,1584,1636,2480,1354,1395,1548,1772,345229.807,3769623.808
Burned,1502,1492,1529,2358,1171,1217,1279,1454,345214.753,3769595.644
Burned,1565,1629,1696,2528,1420,1465,1596,1830,345226.189,3769613.991
Burned,1472,1454,1489,2324,1151,1195,1234,1362,345204.983,3769595.045
Burned,1679,1662,1714,2580,1461,1545,1634,1866,345211.909,3769638.846
Burned,1887,1916,1959,2822,1457,1570,1746,2072,345228.801,3769680.937
Burned,1458,1457,1497,2394,1221,1244,1339,1516,345180.595,3769582.075
Burned,1485,1476,1512,2349,1292,1332,1460,1709,345214.633,3769587.780
Burned,1660,1689,1719,2592,1404,1479,1595,1778,345198.644,3769682.243
Burned,1566,1586,1627,2453,1261,1338,1458,1622,345223.147,3769632.608
Burned,1608,1616,1641,2478,1407,1457,1526,1691,345189.477,3769672.417
Burned,1573,1636,1669,2446,1253,1338,1446,1666,345223.587,3769649.774
Burned,1454,1475,1525,2337,1213,1292,1382,1594,345199.939,3769608.347
Burned,1565,1629,1696,2528,1420,1465,1596,1830,345222.796,3769611.270
Burned,1508,1512,1551,2326,1412,1431,1514,1673,345166.419,3769663.959
Burned,1790,1781,1834,2732,1455,1529,1700,1915,345200.193,3769675.389
Burned,1694,1666,1717,2588,1501,1524,1662,1838,345207.489,3769631.154
Burned,1636,1605,1666,2531,1500,1562,1648,1883,345206.322,3769620.608
Burned,1473,1515,1565,2433,1371,1418,1518,1738,345204.296,3769578.189
Burned,1608,1616,1641,2478,1407,1457,1526,1691,345185.541,3769677.215
Burned,1513,1511,1556,2378,1340,1368,1487,1727,345223.505,3769582.951
Burned,1479,1478,1514,2295,1353,1372,1460,1604,345164.213,3769652.589
Burned,1818,1855,1891,2795,1491,1518,1688,1914,345213.159,3769684.381
Burned,1620,1653,1700,2663,1456,1510,1648,1874,345241.914,3769601.331
Burned,1719,1746,1781,2613,1425,1440,1547,1729,345203.206,3769646.681
Burned,1544,1559,1592,2390,1422,1452,1508,1665,345189.318,3769642.158
Burned,1494,1515,1566,2376,1326,1383,1462,1650,345198.171,3769616.663
Burned,1423,1443,1490,2305,1272,1331,1418,1600,345183.176,3769609.844
Burned,1484,1488,1526,2309,1339,1356,1413,1628,345179.482,3769647.239
Burned,1818,1855,1891,2795,1491,1518,1688,1914,345210.690,3769684.761
Burned,1634,1615,1678,2545,1482,1578,1664,1984,345216.094,3769628.470
Burned,1569,1602,1670,2492,1462,1522,1677,1912,345211.632,3769614.256
Burned,1611,1597,1636,2476,1475,1500,1618,1847,345194.800,3769635.293
Burned,1472,1454,1489,2324,1151,1195,1234,1362,345208.802,3769599.316
Burned,1572,1590,1642,2524,1363,1439,1537,1767,345241.416,3769594.644
Burned,1492,1522,1557,2504,1322,1368,1476,1643,345189.695,3769578.936
Burned,1435,1430,1475,2328,1283,1327,1424,1567,345185.180,3769597.740
Burned,1467,1474,1519,2294,1318,1334,1419,1574,345155.349,3769662.729
Burned,1565,1629,1696,2528,1420,1465,1596,1830,345229.030,3769619.421
Burned,1568,1553,1599,2438,1412,1438,1566,1747,345198.796,3769626.472
Burned,1655,1710,1750,2522,1513,1652,1780,2134,345226.837,3769650.380
Burned,1382,1402,1445,2199,1232,1266,1322,1450,345169.611,3769630.835
Burned,1442,1463,1510,2309,1249,1315,1364,1514,345187.013,3769614.931
Burned,1573,1636,1669,2446,1253,1338,1446,1666,345224.741,3769643.608
Burned,1561,1560,1634,2700,1275,1345,1449,1629,343106.758,3769777.602
Burned,1711,1722,1766,2902,1360,1448,1556,1782,343119.214,3769796.360
Burned,1575,1605,1659,2562,1350,1385,1493,1719,343145.789,3769850.896
Burned,1615,1643,1688,2805,1388,1460,1585,1821,343146.095,3769776.837
Burned,1539,1559,1597,2638,1329,1388,1511,1705,343121.966,3769765.334
Burned,1539,1559,1597,2638,1329,1388,1511,1705,343123.367,3769765.042
Burned,1511,1558,1600,2613,1296,1368,1457,1645,343149.507,3769752.536
Burned,1648,1685,1752,2833,1345,1414,1518,1755,343121.658,3769782.738
Burned,1866,1891,1949,3024,1503,1630,1860,2168,343138.859,3769822.469
Burned,1636,1668,1720,2715,1360,1436,1547,1773,343112.188,3769841.443
Burned,1721,1766,1839,2931,1412,1499,1620,1856,343120.665,3769798.820
Burned,1648,1685,1752,2833,1345,1414,1518,1755,343120.435,3769781.020
Burned,1625,1660,1709,2811,1315,1418,1548,1750,343152.396,3769766.419
Burned,1743,1764,1818,2959,1412,1499,1651,1922,343162.167,3769776.701
Burned,1595,1638,1683,2731,1290,1387,1525,1708,343150.256,3769758.364
Burned,1472,1529,1577,2561,1248,1276,1366,1537,343135.708,3769746.738
Burned,1564,1598,1641,2718,1343,1396,1510,1732,343145.327,3769766.558
Burned,1708,1729,1760,2841,1346,1448,1557,1778,343160.344,3769823.284
Burned,1711,1722,1766,2902,1360,1448,1556,1782,343112.466,3769791.979
Burned,1582,1581,1645,2724,1324,1381,1479,1693,343115.346,3769771.577
Burned,1716,1755,1806,2902,1359,1473,1615,1899,343164.092,3769753.459
Burned,1484,1552,1598,2575,1217,1218,1286,1403,343121.680,3769740.917
Burned,1734,1752,1811,2931,1380,1479,1623,1867,343160.304,3769787.816
Burned,1663,1693,1741,2875,1378,1438,1574,1805,343143.854,3769787.669
Burned,1825,1863,1928,3040,1474,1578,1778,2058,343125.834,3769803.275
Burned,1463,1517,1558,2547,1314,1359,1435,1634,343131.631,3769753.614
Burned,1636,1668,1720,2715,1360,1436,1547,1773,343117.669,3769840.881
Burned,1656,1701,1767,2853,1374,1433,1583,1809,343130.571,3769788.004
Burned,1706,1710,1739,2875,1507,1552,1713,1988,343103.682,3769790.936
Burned,1773,1803,1836,2962,1375,1451,1593,1781,343150.718,3769800.312
Burned,1656,1684,1734,2868,1349,1443,1558,1789,343153.358,3769777.713
Burned,1867,1892,1953,3065,1506,1636,1804,2091,343129.455,3769815.196
Burned,1711,1722,1766,2902,1360,1448,1556,1782,343117.171,3769797.720
Burned,1484,1552,1598,2575,1217,1218,1286,1403,343128.235,3769749.897
Burned,1582,1581,1645,2724,1324,1381,1479,1693,343114.477,3769779.954
Burned,1656,1701,1767,2853,1374,1433,1583,1809,343131.153,3769785.064
Burned,1706,1710,1739,2875,1507,1552,1713,1988,343106.315,3769798.233
Burned,1779,1774,1826,2939,1465,1560,1734,1950,343116.651,3769825.655
Burned,1666,1695,1750,2723,1369,1476,1620,1865,343132.360,3769848.806
Burned,1706,1710,1739,2875,1507,1552,1713,1988,343102.387,3769797.551
Burned,1564,1598,1641,2718,1343,1396,1510,1732,343149.666,3769769.779
Burned,1535,1608,1647,2631,1190,1214,1284,1380,343116.770,3769749.176
Burned,1656,1683,1736,2721,1330,1410,1511,1735,343129.591,3769848.084
Burned,1736,1771,1815,2891,1364,1440,1584,1852,343099.297,3769817.101
Burned,1564,1598,1641,2718,1343,1396,1510,1732,343140.235,3769761.759
Burned,1728,1750,1790,2932,1380,1411,1557,1775,343151.620,3769796.258
Burned,1440,1502,1540,2511,1284,1344,1439,1629,343121.014,3769758.219
Burned,1638,1645,1696,2813,1356,1436,1525,1755,343117.179,3769783.768
Burned,1718,1721,1774,2843,1414,1488,1626,1874,343117.459,3769833.298
Burned,1564,1598,1641,2718,1343,1396,1510,1732,343148.666,3769767.840
Burned,2382,2391,2491,3777,1604,1810,2110,2537,341627.316,3769057.336
Burned,1838,1888,1976,2883,1346,1476,1665,2059,341594.433,3768989.494
Burned,2104,2249,2384,3159,1720,2010,2242,2977,341621.746,3768992.441
Burned,2060,2162,2247,3151,1488,1651,1896,2404,341598.591,3769022.620
Burned,1396,1447,1453,2247,1150,1184,1193,1283,341602.578,3769106.351
Burned,1708,1689,1787,2684,1465,1658,1888,2137,341642.271,3769105.531
Burned,2394,2415,2521,3709,1740,2016,2388,2898,341634.114,3769085.591
Burned,2286,2360,2454,3512,1612,1816,2142,2583,341598.838,3769042.936
Burned,2097,2199,2296,3359,1453,1620,1876,2245,341614.564,3769030.900
Burned,2115,2172,2312,3178,1594,1790,1987,2676,341621.876,3769008.180
Burned,1476,1495,1494,2333,1121,1112,1178,1319,341619.287,3769105.023
Burned,2103,2205,2307,3326,1519,1697,1987,2338,341609.337,3769030.655
Burned,2104,2249,2384,3159,1720,2010,2242,2977,341628.486,3768999.611
Burned,2482,2495,2629,3901,1760,2094,2466,3064,341634.147,3769074.827
Burned,1737,1815,1909,2781,1399,1561,1756,2077,341578.926,3768977.460
Burned,1440,1502,1529,2413,1086,1105,1134,1205,341631.601,3769127.073
Burned,1476,1495,1494,2333,1121,1112,1178,1319,341617.722,3769104.854
Burned,1932,2008,2009,2997,1436,1522,1720,1998,341612.072,3769097.719
Burned,2046,2152,2252,3230,1437,1568,1794,2108,341612.790,3769027.187
Burned,2615,2659,2699,3948,1824,2094,2526,3142,341619.227,3769077.489
Burned,1865,1931,1993,2884,1402,1557,1800,2169,341584.335,3769000.093
Burned,2382,2391,2491,3777,1604,1810,2110,2537,341623.837,3769053.110
Burned,1838,1888,1976,2883,1346,1476,1665,2059,341592.964,3768982.591
Burned,2094,2157,2282,3150,1570,1818,2081,2613,341616.608,3769004.298
Burned,2011,2093,2163,3054,1465,1650,1903,2414,341594.113,3769015.812
Burned,1715,1769,1850,2775,1345,1422,1596,1965,341584.385,3768974.579
Burned,2527,2593,2639,3805,1902,2226,2692,3220,341601.216,3769078.187
Burned,2046,2114,2211,3126,1468,1603,1875,2439,341608.937,3769018.959
Burned,2116,2119,2204,3263,1597,1818,2160,2589,341633.541,3769094.171
Burned,2152,2251,2344,3304,1500,1702,1980,2452,341599.726,3769031.790
Burned,2094,2157,2282,3150,1570,1818,2081,2613,341618.485,3769007.837
Burned,2233,2273,2363,3578,1608,1844,2127,2560,341623.858,3769049.606
Burned,2046,2114,2211,3126,1468,1603,1875,2439,341604.520,3769018.882
Burned,2394,2415,2521,3709,1740,2016,2388,2898,341638.325,3769085.069
Burned,1454,1517,1521,2426,1146,1155,1185,1247,341621.416,3769120.952
Burned,1910,1964,2050,2942,1353,1472,1660,2157,341599.681,3768993.628
Burned,2216,2254,2343,3539,1637,1876,2157,2577,341631.504,3769048.715
Burned,2615,2659,2699,3948,1824,2094,2526,3142,341619.523,3769070.844
Burned,1910,1964,2050,2942,1353,1472,1660,2157,341593.560,3768990.820
Burned,2116,2119,2204,3263,1597,1818,2160,2589,341635.878,3769095.334
Burned,1865,1931,1993,2884,1402,1557,1800,2169,341582.180,3769006.080
Burned,2036,2142,2240,3186,1424,1540,1762,2149,341607.615,3769028.145
Burned,1640,1709,1794,2732,1382,1456,1614,1826,341652.951,3769131.888
Burned,2415,2430,2527,3792,1556,1762,2055,2531,341613.885,3769057.045
Burned,2286,2360,2454,3512,1612,1816,2142,2583,341598.835,3769049.464
Burned,1503,1545,1568,2469,1186,1235,1289,1431,341609.096,3769120.398
Burned,2023,2163,2279,3071,1548,1746,1980,2482,341616.282,3768986.592
Burned,2581,2586,2696,3999,1785,2154,2500,2919,341627.163,3769061.222
Burned,2011,2093,2163,3054,1465,1650,1903,2414,341593.585,3769017.540
Burned,2094,2157,2282,3150,1570,1818,2081,2613,341614.893,3769002.754
Burned,1820,1888,1953,3406,1425,1568,1799,2185,343086.347,3768532.636
Burned,2073,2142,2246,3730,1447,1634,1890,2376,343083.813,3768490.873
Burned,2048,2119,2200,3700,1494,1690,1938,2351,343101.295,3768493.263
Burned,1531,1607,1646,2912,1222,1275,1398,1594,343085.361,3768550.576
Burned,1733,1817,1895,3345,1340,1460,1650,1967,343129.640,3768561.424
Burned,1992,2080,2167,3693,1486,1652,1910,2367,343085.459,3768515.022
Burned,1590,1636,1698,3021,1309,1355,1496,1788,343145.447,3768511.261
Burned,1776,1815,1868,3382,1335,1464,1651,1961,343145.011,3768557.448
Burned,1733,1817,1895,3282,1322,1412,1608,1956,343063.183,3768543.102
Burned,1735,1776,1815,3280,1358,1445,1614,1945,343142.988,3768546.995
Burned,1734,1780,1833,3277,1343,1408,1623,1940,343134.038,3768551.817
Burned,1924,1980,2080,3570,1429,1612,1846,2323,343063.644,3768537.569
Burned,1791,1844,1945,3540,1540,1664,1812,2200,343145.452,3768571.475
Burned,1633,1672,1733,3019,1326,1364,1521,1766,343142.138,3768495.321
Burned,1704,1786,1871,3281,1288,1375,1530,1867,343115.630,3768527.220
Burned,1637,1698,1765,3163,1314,1413,1616,1981,343148.178,3768521.272
Burned,1665,1732,1802,3196,1309,1391,1534,1844,343125.878,3768528.847
Burned,1982,2031,2141,3665,1527,1677,1919,2449,343057.978,3768537.417
Burned,2102,2161,2289,3817,1461,1670,1971,2489,343041.979,3768526.333
Burned,1886,1951,2018,3393,1452,1601,1874,2268,343139.092,3768480.711
Burned,1777,1862,1947,3467,1442,1500,1714,2084,343139.424,3768567.404
Burned,1589,1627,1687,2973,1276,1378,1461,1713,343145.485,3768504.528
Burned,1652,1691,1747,3108,1295,1374,1540,1808,343129.017,3768545.820
Burned,1924,1980,2080,3570,1429,1612,1846,2323,343064.640,3768538.793
Burned,1590,1636,1698,3021,1309,1355,1496,1788,343143.248,3768511.191
Burned,2078,2146,2255,3722,1492,1665,1936,2383,343097.923,3768488.099
Burned,2137,2186,2280,3571,1504,1682,1926,2404,343065.109,3768474.996
Burned,1734,1780,1833,3277,1343,1408,1623,1940,343139.351,3768558.001
Burned,1621,1663,1727,3065,1273,1352,1482,1740,343119.458,3768558.792
Burned,1641,1722,1770,3116,1352,1446,1602,1871,343089.233,3768541.872
Burned,2068,2150,2235,3665,1444,1588,1872,2345,343060.081,3768491.020
Burned,2087,2151,2264,3700,1485,1700,2012,2515,343081.419,3768481.245
Burned,2020,2076,2185,3719,1450,1638,1932,2423,343061.436,3768525.607
Burned,2067,2185,2265,3644,1432,1614,1880,2328,343054.445,3768499.796
Burned,2087,2151,2264,3700,1485,1700,2012,2515,343084.568,3768487.532
Burned,2070,2174,2266,3612,1540,1746,2060,2532,343049.556,3768498.202
Burned,1992,2065,2131,3606,1522,1726,1976,2410,343112.261,3768498.634
Burned,2102,2161,2289,3817,1461,1670,1971,2489,343044.667,3768521.883
Burned,2041,2130,2238,3735,1395,1542,1822,2324,343051.501,3768513.927
Burned,1734,1780,1833,3277,1343,1408,1623,1940,343137.129,3768555.053
Burned,1981,2042,2137,3662,1508,1678,1956,2384,343074.847,3768527.586
Burned,2073,2141,2213,3686,1500,1690,1988,2444,343114.252,3768477.933
Burned,2070,2135,2228,3693,1504,1672,1943,2410,343076.009,3768499.169
Burned,1819,1859,1967,3608,1507,1600,1795,2252,343150.622,3768561.731
Burned,2021,2105,2209,3729,1407,1590,1870,2319,343067.379,3768514.702
Burned,2048,2119,2200,3700,1494,1690,1938,2351,343105.343,3768493.110
Burned,1537,1614,1675,2946,1191,1253,1375,1574,343077.463,3768557.809
Burned,1531,1607,1646,2912,1222,1275,1398,1594,343087.078,3768554.598
Burned,2074,2164,2274,3748,1402,1554,1849,2346,343046.575,3768516.894
Burned,1607,1656,1722,3058,1255,1364,1516,1808,343111.857,3768548.596
Burned,2429,2415,2584,3942,1818,2194,2654,3336,344402.245,3769115.021
Burned,1901,1968,1985,3359,1501,1651,1903,2253,344370.840,3769123.168
Burned,2248,2226,2390,3654,1693,1940,2251,2811,344408.970,3769101.415
Burned,1582,1581,1622,2698,1404,1435,1547,1714,344336.198,3769172.125
Burned,1475,1490,1532,2551,1294,1354,1433,1620,344404.664,3769175.786
Burned,1940,1946,2049,3406,1562,1799,2089,2700,344361.266,3769090.856
Burned,1495,1525,1548,2614,1346,1358,1432,1608,344364.444,3769155.844
Burned,2213,2296,2341,3822,1667,1910,2279,2809,344378.020,3769113.975
Burned,1488,1497,1510,2545,1346,1388,1437,1616,344387.892,3769175.535
Burned,1522,1551,1577,2616,1379,1406,1499,1690,344367.581,3769178.791
Burned,1734,1796,1876,3003,1473,1656,1808,2240,344346.419,3769085.070
Burned,1573,1602,1678,2799,1262,1310,1391,1554,344396.273,3769147.088
Burned,1541,1576,1632,2746,1239,1302,1370,1573,344387.158,3769145.014
Burned,1433,1447,1490,2551,1264,1317,1370,1560,344389.125,3769157.500
Burned,1891,1967,2065,3357,1608,1795,2102,2660,344344.777,3769099.586
Burned,2055,2137,2219,3538,1623,1830,2130,2581,344385.637,3769127.445
Burned,1578,1588,1620,2725,1389,1403,1505,1719,344345.560,3769162.488
Burned,1461,1459,1485,2542,1234,1273,1345,1479,344391.468,3769166.377
Burned,1547,1562,1615,2685,1394,1418,1529,1696,344353.580,3769153.630
Burned,2248,2226,2390,3654,1693,1940,2251,2811,344404.710,3769105.898
Burned,2063,2131,2168,3635,1511,1654,1856,2316,344364.769,3769114.493
Burned,1488,1515,1547,2547,1419,1464,1558,1763,344397.372,3769183.971
Burned,1790,1860,1920,3133,1360,1468,1580,1837,344386.408,3769137.308
Burned,1417,1430,1473,2350,1187,1215,1315,1464,344414.435,3769217.481
Burned,1872,1912,2012,3397,1474,1645,1813,2238,344345.701,3769106.362
Burned,1559,1571,1616,2634,1370,1389,1472,1638,344336.796,3769186.997
Burned,1673,1720,1853,2861,1208,1269,1404,1578,344407.130,3769097.909
Burned,1577,1578,1616,2717,1373,1425,1542,1742,344338.262,3769166.353
Burned,1608,1624,1730,2909,1346,1451,1534,1842,344343.150,3769126.097
Burned,1540,1559,1600,2636,1383,1439,1501,1665,344356.800,3769188.359
Burned,1778,1797,1901,3247,1308,1384,1456,1778,344348.034,3769112.201
Burned,2216,2288,2435,3726,1788,2062,2377,2918,344401.305,3769129.039
Burned,2274,2301,2454,3776,1691,1977,2363,2952,344392.639,3769100.719
Burned,1544,1537,1557,2717,1352,1387,1502,1657,344339.876,3769136.837
Burned,2406,2449,2611,4001,1720,2058,2468,3065,344392.582,3769114.296
Burned,1901,1968,1985,3359,1501,1651,1903,2253,344378.791,3769125.643
Burned,2274,2301,2454,3776,1691,1977,2363,2952,344397.479,3769100.403
Burned,1586,1584,1631,2708,1374,1436,1552,1772,344328.802,3769171.306
Burned,1901,1968,1985,3359,1501,1651,1903,2253,344375.728,3769122.313
Burned,1531,1544,1643,2731,1392,1489,1622,1879,344342.705,3769138.044
Burned,1575,1586,1612,2705,1400,1446,1547,1719,344345.937,3769176.399
Burned,1476,1469,1506,2643,1278,1290,1396,1504,344414.435,3769151.004
Burned,1546,1574,1673,2782,1280,1351,1459,1681,344359.072,3769130.275
Burned,1481,1497,1577,2519,1386,1436,1502,1718,344409.147,3769193.183
Burned,2216,2288,2435,3726,1788,2062,2377,2918,344409.070,3769121.366
Burned,1886,1913,2011,3399,1365,1439,1642,1935,344352.489,3769112.507
Burned,1455,1447,1498,2596,1290,1318,1348,1525,344408.221,3769158.918
Burned,1457,1487,1507,2569,1274,1308,1398,1523,344376.882,3769152.933
Burned,1513,1543,1563,2623,1376,1403,1473,1622,344366.330,3769164.848
Burned,1546,1574,1673,2782,1280,1351,1459,1681,344354.554,3769131.983
Burned,1516,1521,1577,2506,1350,1387,1457,1658,340938.534,3767914.444
Burned,1604,1660,1682,2749,1342,1408,1508,1691,340910.730,3767904.875
Burned,1469,1491,1542,2400,1211,1266,1407,1655,340977.371,3767884.412
Burned,1567,1575,1628,2603,1338,1416,1521,1693,340921.144,3767917.182
Burned,1576,1595,1643,2590,1321,1398,1524,1737,340920.374,3767932.036
Burned,1861,1902,1959,3039,1439,1516,1688,1990,340901.694,3767917.535
Burned,1465,1495,1535,2360,1298,1322,1413,1603,340965.995,3767934.108
Burned,1487,1476,1540,2469,1323,1351,1426,1605,340932.453,3767905.958
Burned,1468,1512,1543,2430,1328,1362,1457,1651,340956.148,3767915.678
Burned,1592,1620,1706,2742,1291,1346,1440,1580,340927.111,3767875.765
Burned,1449,1437,1507,2464,1282,1308,1378,1534,340930.231,3767885.363
Burned,1452,1478,1529,2347,1278,1323,1410,1548,340967.448,3767942.258
Burned,1548,1572,1643,2643,1326,1358,1471,1675,340959.967,3767864.083
Burned,1592,1620,1706,2742,1291,1346,1440,1580,340926.016,3767873.102
Burned,1465,1495,1535,2360,1298,1322,1413,1603,340963.740,3767932.139
Burned,1592,1658,1695,2775,1268,1332,1418,1613,340917.960,3767881.720
Burned,1445,1467,1519,2326,1275,1325,1394,1584,340966.408,3767950.099
Burned,1473,1521,1564,2443,1360,1376,1492,1663,340950.216,3767929.861
Burned,1474,1523,1570,2439,1312,1342,1459,1655,340957.898,3767938.281
Burned,1548,1572,1643,2643,1326,1358,1471,1675,340952.722,3767860.312
Burned,1473,1521,1564,2443,1360,1376,1492,1663,340954.825,3767920.597
Burned,1526,1547,1589,2526,1387,1421,1510,1689,340936.975,3767923.412
Burned,1543,1565,1635,2593,1330,1351,1458,1693,340966.626,3767869.454
Burned,1490,1529,1546,2334,1356,1384,1428,1561,340974.675,3767917.087
Burned,1426,1439,1482,2442,1253,1296,1370,1451,340940.023,3767882.324
Burned,1424,1464,1477,2357,1264,1344,1368,1550,340969.794,3767896.585
Burned,1480,1520,1537,2346,1272,1314,1362,1512,340976.612,3767903.352
Burned,1476,1508,1564,2522,1246,1266,1330,1541,340950.329,3767870.171
Burned,1662,1690,1777,2864,1451,1520,1673,1887,340928.767,3767860.384
Burned,1526,1552,1595,2512,1335,1346,1460,1671,340935.400,3767937.226
Burned,1417,1424,1462,2401,1303,1371,1424,1547,340942.873,3767891.544
Burned,1487,1476,1540,2469,1323,1351,1426,1605,340938.651,3767908.000
Burned,1480,1520,1537,2346,1272,1314,1362,1512,340975.119,3767900.235
Burned,1480,1520,1537,2346,1272,1314,1362,1512,340975.005,3767905.836
Burned,1421,1449,1480,2419,1254,1279,1327,1478,340958.766,3767881.304
Burned,1491,1534,1583,2497,1338,1402,1520,1654,340949.785,3767920.260
Burned,1511,1516,1589,2380,1321,1367,1447,1694,340985.040,3767896.186
Burned,1681,1700,1750,2872,1554,1615,1777,2046,340933.876,3767856.808
Burned,1421,1449,1480,2419,1254,1279,1327,1478,340957.841,3767883.076
Burned,1522,1521,1605,2426,1363,1436,1526,1785,340985.077,3767885.719
Burned,1487,1510,1571,2486,1247,1293,1394,1593,340967.409,3767871.187
Burned,1421,1449,1480,2419,1254,1279,1327,1478,340956.572,3767885.400
Burned,1465,1495,1535,2360,1298,1322,1413,1603,340969.997,3767933.169
Burned,1421,1449,1480,2419,1254,1279,1327,1478,340954.385,3767887.168
Burned,1472,1519,1562,2417,1318,1342,1439,1634,340952.583,3767946.325
Burned,1548,1572,1643,2643,1326,1358,1471,1675,340954.075,3767864.582
Burned,1435,1467,1500,2397,1220,1264,1302,1507,340969.646,3767885.250
Burned,1560,1636,1645,2710,1271,1335,1421,1585,340919.751,3767898.644
Burned,1531,1544,1611,2356,1310,1392,1476,1683,340981.260,3767906.778
Burned,1452,1501,1503,2364,1271,1327,1397,1583,340962.903,3767906.611
Burned,1529,1582,1653,2619,1334,1352,1504,1781,340558.121,3768457.616
Burned,1761,1834,1876,3256,1424,1512,1708,1981,340502.074,3768478.755
Burned,1547,1582,1636,2768,1310,1386,1480,1763,340533.797,3768454.893
Burned,1702,1748,1793,3085,1452,1516,1648,1912,340521.903,3768473.830
Burned,1632,1676,1718,2903,1364,1450,1608,1840,340506.991,3768423.053
Burned,1654,1695,1746,2951,1302,1358,1477,1714,340531.014,3768472.609
Burned,1581,1632,1691,2816,1294,1391,1488,1767,340492.532,3768428.290
Burned,1871,1905,1976,3289,1483,1571,1763,2103,340514.567,3768502.796
Burned,1813,1860,1938,3208,1422,1504,1682,1939,340507.634,3768526.169
Burned,1871,1905,1976,3289,1483,1571,1763,2103,340512.448,3768500.997
Burned,1822,1865,1935,3098,1449,1592,1770,2038,340532.490,3768546.558
Burned,1964,2164,2259,3102,1409,1594,1704,2570,340560.634,3768528.924
Burned,1849,1933,1992,3177,1445,1524,1701,2034,340531.983,3768510.823
Burned,1597,1650,1707,2786,1268,1311,1398,1628,340545.645,3768477.115
Burned,1813,1860,1938,3208,1422,1504,1682,1939,340502.913,3768523.588
Burned,1842,1890,1959,3187,1482,1632,1806,2142,340533.054,3768499.560
Burned,1809,1849,1913,3308,1418,1508,1680,2004,340486.859,3768465.368
Burned,1871,1916,1996,3294,1418,1601,1769,2121,340506.495,3768512.775
Burned,1717,1763,1825,3017,1424,1572,1708,1992,340526.213,3768402.416
Burned,1803,1910,1983,3086,1358,1468,1592,1930,340531.329,3768528.014
Burned,1828,1851,1922,3268,1461,1536,1730,1988,340488.223,3768458.393
Burned,1611,1652,1692,2980,1342,1381,1496,1758,340506.421,3768447.321
Burned,1849,1933,1992,3177,1445,1524,1701,2034,340535.636,3768515.346
Burned,1718,1775,1822,2993,1484,1655,1860,2189,340518.716,3768414.390
Burned,1717,1763,1825,3017,1424,1572,1708,1992,340525.055,3768406.846
Burned,1519,1581,1650,2615,1279,1305,1388,1687,340558.434,3768468.903
Burned,1842,1890,1959,3187,1482,1632,1806,2142,340531.338,3768493.984
Burned,1977,2121,2212,3169,1448,1629,1806,2433,340558.029,3768511.492
Burned,1711,1767,1816,2963,1346,1443,1619,1956,340555.602,3768570.955
Burned,1718,1775,1822,2993,1484,1655,1860,2189,340517.367,3768410.599
Burned,1718,1775,1822,2993,1484,1655,1860,2189,340515.508,3768419.472
Burned,1547,1582,1636,2768,1310,1386,1480,1763,340532.172,3768451.838
Burned,1857,1939,1993,3062,1394,1548,1746,2159,340554.825,3768540.634
Burned,1560,1593,1647,2797,1316,1420,1527,1787,340531.907,3768439.012
Burned,1804,1849,1929,3166,1431,1548,1722,2046,340518.603,3768520.243
Burned,1512,1572,1632,2696,1361,1393,1484,1684,340558.583,3768437.884
Burned,1730,1776,1826,3224,1407,1486,1665,1903,340495.306,3768467.999
Burned,1512,1572,1632,2696,1361,1393,1484,1684,340555.498,3768431.353
Burned,1795,1887,1964,3059,1416,1557,1747,2152,340533.662,3768533.116
Burned,1552,1586,1633,2827,1318,1352,1476,1682,340521.983,3768440.106
Burned,1621,1658,1724,2901,1419,1426,1540,1769,340535.510,3768410.796
Burned,1845,1894,1951,3248,1451,1572,1772,2075,340524.840,3768503.347
Burned,1890,1964,2025,3415,1511,1656,1852,2203,340484.446,3768495.907
Burned,1871,1905,1976,3289,1483,1571,1763,2103,340518.542,3768500.061
Burned,1835,1892,1959,3290,1500,1585,1740,2049,340517.589,3768495.400
Burned,1587,1621,1678,2846,1354,1428,1513,1728,340531.735,3768424.546
Burned,1818,1869,1916,3085,1414,1544,1725,2064,340548.991,3768559.494
Burned,1741,1808,1847,3187,1477,1607,1772,2012,340517.784,3768471.168
Burned,1769,1848,1925,3075,1405,1506,1742,2101,340520.728,3768531.737
Burned,1611,1652,1692,2980,1342,1381,1496,1758,340500.787,3768448.828
Burned,1647,1655,1719,2938,1375,1406,1511,1718,345988.574,3768740.575
Burned,1693,1732,1776,3102,1430,1502,1615,1872,345980.874,3768763.949
Burned,1673,1700,1739,2876,1326,1353,1475,1691,345971.361,3768738.125
Burned,1846,1867,1934,3084,1538,1688,1894,2254,345944.591,3768793.170
Burned,1479,1502,1556,2539,1271,1286,1362,1604,345988.379,3768832.978
Burned,1810,1842,1900,3076,1472,1520,1651,1876,345954.651,3768799.160
Burned,1696,1744,1782,3121,1412,1486,1637,1885,345986.821,3768772.611
Burned,1874,1918,1977,3111,1638,1772,2103,2345,345932.038,3768803.658
Burned,1552,1570,1574,2624,1326,1323,1383,1500,345916.534,3768793.115
Burned,1861,1841,1962,2963,1742,1891,2081,2550,345952.162,3768744.156
Burned,1485,1514,1556,2604,1316,1316,1391,1540,345932.701,3768723.477
Burned,1874,1918,1977,3111,1638,1772,2103,2345,345935.734,3768805.891
Burned,1715,1766,1804,3138,1434,1536,1681,2024,345993.087,3768777.279
Burned,1809,1875,1945,3087,1606,1692,1876,2322,345944.665,3768803.079
Burned,1593,1627,1712,2799,1346,1368,1476,1621,345968.881,3768810.978
Burned,1441,1458,1470,2446,1244,1243,1300,1486,345926.212,3768748.024
Burned,1861,1841,1962,2963,1742,1891,2081,2550,345950.996,3768747.541
Burned,1627,1632,1697,2696,1339,1360,1453,1776,345939.352,3768750.037
Burned,1895,1926,1994,3170,1457,1598,1844,2119,345956.345,3768766.365
Burned,1567,1592,1658,2830,1406,1444,1547,1783,345970.489,3768806.174
Burned,1750,1747,1832,2927,1378,1494,1666,1906,345934.557,3768787.330
Burned,1662,1693,1749,2750,1403,1494,1672,1870,345956.284,3768725.575
Burned,1685,1691,1820,2800,1372,1414,1569,1925,345935.487,3768767.329
Burned,1631,1638,1726,2812,1349,1376,1498,1650,345972.510,3768716.047
Burned,1696,1744,1782,3121,1412,1486,1637,1885,345980.065,3768778.551
Burned,1815,1806,1868,3037,1503,1590,1679,1989,345965.139,3768750.035
Burned,1567,1592,1658,2830,1406,1444,1547,1783,345978.979,3768800.211
Burned,1880,1923,1969,3190,1433,1575,1744,1981,345954.120,3768771.835
Burned,1655,1676,1754,2975,1375,1460,1585,1877,345991.771,3768723.331
Burned,1846,1867,1934,3084,1538,1688,1894,2254,345940.762,3768792.453
Burned,1725,1771,1794,3046,1434,1467,1572,1758,345969.757,3768783.740
Burned,1726,1793,1867,3015,1476,1511,1629,1900,345959.216,3768809.194
Burned,1757,1794,1844,3085,1415,1468,1567,1781,345964.309,3768769.219
Burned,1497,1517,1533,2618,1350,1371,1422,1559,345931.412,3768716.188
Burned,1750,1747,1832,2927,1378,1494,1666,1906,345939.803,3768781.073
Burned,1783,1772,1885,2853,1367,1454,1643,1861,345941.767,3768746.922
Burned,1753,1772,1853,2840,1522,1679,1776,2236,345958.296,3768731.297
Burned,1658,1692,1742,2797,1414,1514,1631,1932,345969.662,3768724.212
Burned,1846,1834,1952,2960,1502,1654,1945,2258,345946.474,3768756.569
Burned,1799,1809,1870,3005,1496,1662,1762,2124,345937.075,3768799.291
Burned,1608,1627,1699,2845,1366,1402,1510,1683,345989.237,3768721.251
Burned,1615,1616,1682,2719,1361,1390,1428,1666,345920.648,3768785.235
Burned,1730,1727,1768,2955,1355,1360,1512,1652,345972.215,3768743.655
Burned,1655,1676,1754,2975,1375,1460,1585,1877,345990.502,3768729.805
Burned,1525,1533,1655,2543,1292,1294,1407,1608,345925.950,3768767.482
Burned,1727,1783,1819,3088,1472,1490,1588,1807,345969.394,3768770.549
Burned,1627,1632,1697,2696,1339,1360,1453,1776,345936.176,3768755.709
Burned,1568,1580,1619,2633,1280,1288,1342,1521,345939.530,3768743.022
Burned,1608,1627,1699,2845,1366,1402,1510,1683,345989.222,3768720.315
Burned,1441,1458,1470,2446,1244,1243,1300,1486,345926.821,3768746.966
Burned,1574,1642,1730,2381,1172,1213,1299,1432,343123.275,3769269.490
Burned,1565,1610,1720,2420,1234,1332,1341,1582,343134.249,3769266.454
Burned,1615,1694,1801,2530,1438,1452,1626,2107,343134.842,3769215.508
Burned,1605,1631,1675,2723,1376,1437,1544,1750,343043.196,3769201.942
Burned,1346,1386,1407,2133,1203,1206,1206,1324,343078.087,3769149.583
Burned,1227,1253,1280,1874,1096,1126,1110,1188,343036.759,3769245.763
Burned,1521,1530,1558,2370,1430,1460,1540,1665,343095.821,3769163.844
Burned,1267,1272,1352,1902,1165,1153,1210,1368,343087.262,3769251.913
Burned,1306,1352,1415,2075,1180,1131,1189,1301,343091.084,3769237.646
Burned,1728,1770,1851,3068,1234,1304,1420,1624,343151.578,3769313.541
Burned,1249,1254,1325,1894,1155,1179,1228,1369,343098.044,3769249.534
Burned,1856,1911,2011,2855,1518,1637,1874,2226,343124.437,3769273.375
Burned,2061,2098,2149,3055,1684,1843,2116,2707,343104.194,3769281.383
Burned,1435,1482,1520,2235,1238,1268,1350,1603,343127.720,3769158.310
Burned,1629,1661,1687,2665,1481,1531,1593,1826,343098.969,3769202.093
Burned,1465,1494,1526,2516,1358,1383,1420,1612,343075.744,3769216.686
Burned,1402,1461,1499,2183,1189,1182,1253,1413,343145.661,3769239.226
Burned,1291,1288,1365,1905,1136,1181,1242,1514,343093.560,3769253.664
Burned,1461,1518,1573,2254,1227,1268,1370,1774,343136.874,3769151.212
Burned,1249,1285,1319,1951,1141,1164,1178,1352,343065.705,3769241.917
Burned,1517,1574,1702,2309,1233,1330,1441,2109,343126.345,3769228.321
Burned,1635,1643,1683,2637,1501,1592,1679,1916,343072.370,3769179.858
Burned,2127,2177,2224,3251,2010,2278,2556,3020,343151.235,3769280.369
Burned,1380,1432,1481,2309,1321,1328,1389,1539,343081.906,3769225.251
Burned,1657,1687,1716,2683,1392,1440,1540,1813,343080.030,3769187.964
Burned,1249,1285,1319,1951,1141,1164,1178,1352,343064.401,3769249.355
Burned,1461,1518,1573,2254,1227,1268,1370,1774,343132.329,3769150.491
Burned,1372,1427,1495,2057,1138,1140,1193,1541,343118.397,3769239.843
Burned,1630,1676,1741,2530,1311,1377,1497,1883,343136.706,3769199.205
Burned,1584,1599,1612,2472,1405,1442,1513,1710,343109.054,3769176.753
Burned,2196,2194,2289,3410,1854,2050,2334,2823,343130.097,3769286.298
Burned,1521,1530,1558,2370,1430,1460,1540,1665,343094.935,3769160.214
Burned,1198,1239,1266,1787,1129,1098,1155,1322,343057.142,3769255.853
Burned,1400,1428,1462,2212,1249,1262,1298,1415,343089.391,3769150.238
Burned,1365,1385,1434,2138,1199,1224,1260,1421,343102.268,3769141.590
Burned,1542,1550,1586,2421,1466,1486,1556,1700,343080.948,3769165.349
Burned,1613,1660,1700,2719,1575,1601,1693,2003,343031.454,3769214.176
Burned,1380,1432,1481,2309,1321,1328,1389,1539,343082.581,3769229.291
Burned,1607,1640,1693,2532,1384,1447,1486,1641,343140.631,3769191.841
Burned,1355,1385,1419,2124,1197,1200,1231,1333,343088.604,3769149.561
Burned,1856,1911,2011,2855,1518,1637,1874,2226,343121.482,3769274.269
Burned,1477,1503,1561,2494,1410,1408,1540,1728,343038.930,3769221.617
Burned,1577,1588,1613,2625,1371,1444,1506,1742,343056.923,3769185.530
Burned,1358,1386,1472,2034,1158,1198,1264,1482,343085.571,3769269.655
Burned,1314,1321,1355,1897,1078,1151,1162,1406,343106.456,3769252.014
Burned,1400,1427,1464,2208,1247,1295,1326,1492,343116.457,3769156.249
Burned,1536,1526,1620,2387,1103,1147,1204,1311,343141.643,3769269.735
Burned,1479,1535,1622,2267,1185,1237,1342,1796,343142.749,3769152.122
Burned,1538,1557,1605,2608,1401,1482,1564,1824,343055.584,3769219.667
Burned,1312,1350,1405,2187,1135,1150,1147,1299,343020.855,3769239.409
Urban,2434,2767,3084,2628,2088,2178,2285,3019,354685.468,3768257.567
Urban,2575,2920,3176,2719,2102,2520,2391,3093,354685.858,3768248.124
Urban,2670,2983,3059,2826,2100,2274,2462,3344,354697.329,3768229.998
Urban,2178,3089,3329,2611,1197,1425,1315,3143,354653.619,3768219.373
Urban,2434,2767,3084,2628,2088,2178,2285,3019,354686.042,3768256.781
Urban,2578,3261,3488,2842,1634,1812,1906,3829,354656.882,3768230.211
Urban,2427,2645,2731,2720,1756,1800,1930,2510,354720.481,3768218.346
Urban,2450,3026,3164,2711,1717,2108,1899,3052,354664.553,3768242.548
Urban,2555,2955,3051,2715,1984,2102,2242,3061,354689.359,3768219.278
Urban,2409,3202,3480,2748,1363,1621,1461,3635,354658.742,3768228.226
Urban,2450,3026,3164,2711,1717,2108,1899,3052,354666.615,3768242.660
Urban,2744,3128,3215,2820,2924,3310,3122,3932,354683.534,3768228.379
Urban,2575,2920,3176,2719,2102,2520,2391,3093,354680.728,3768244.583
Urban,2464,2774,2841,2814,1925,2070,2204,2830,354700.849,3768235.659
Urban,2464,2774,2841,2814,1925,2070,2204,2830,354701.581,3768236.290
Urban,2320,2993,3165,2606,1490,1554,1620,3200,354669.821,3768212.250
Urban,2450,3026,3164,2711,1717,2108,1899,3052,354665.484,3768242.519
Urban,2554,3158,3337,2760,1407,1854,1600,4044,354661.080,3768236.851
Urban,2578,3261,3488,2842,1634,1812,1906,3829,354657.519,3768237.999
Urban,2622,3123,3249,2749,2996,3200,3260,4088,354679.799,3768221.345
Urban,2382,2668,2987,2614,2188,2410,2532,3299,354698.697,3768263.413
Urban,2427,2645,2731,2720,1756,1800,1930,2510,354721.503,3768219.321
Urban,2274,2558,2650,2698,1782,1813,2042,2500,354712.818,3768219.780
Urban,2274,2558,2650,2698,1782,1813,2042,2500,354714.004,3768215.387
Urban,2345,2709,2843,2729,1944,2252,2202,2775,354700.373,3768263.367
Urban,2382,2668,2987,2614,2188,2410,2532,3299,354694.026,3768260.288
Urban,2409,3202,3480,2748,1363,1621,1461,3635,354655.145,3768226.872
Urban,2622,3123,3249,2749,2996,3200,3260,4088,354676.341,3768221.908
Urban,2382,2668,2987,2614,2188,2410,2532,3299,354698.589,3768266.685
Urban,2622,3123,3249,2749,2996,3200,3260,4088,354670.205,3768225.742
Urban,2413,2911,3105,2653,2204,2330,2331,2715,354678.780,3768246.810
Urban,2434,2767,3084,2628,2088,2178,2285,3019,354689.833,3768256.283
Urban,2578,3261,3488,2842,1634,1812,1906,3829,354659.909,3768232.729
Urban,2178,3089,3329,2611,1197,1425,1315,3143,354657.338,3768212.063
Urban,2495,2801,3063,2707,2170,2286,2514,3553,354693.586,3768256.321
Urban,2382,2668,2987,2614,2188,2410,2532,3299,354693.316,3768262.210
Urban,2670,2983,3059,2826,2100,2274,2462,3344,354698.840,3768220.905
Urban,2744,3128,3215,2820,2924,3310,3122,3932,354688.670,3768225.229
Urban,2445,2948,3072,2641,2140,2106,2422,3112,354672.116,3768217.197
Urban,2511,3147,3338,2725,1442,1732,1596,3709,354665.825,3768225.654
Urban,2345,2709,2843,2729,1944,2252,2202,2775,354701.985,3768261.458
Urban,2491,2891,2899,2844,2046,2108,2328,2710,354708.127,3768242.755
Urban,2701,3005,3117,2842,2094,2214,2366,3514,354690.322,3768237.644
Urban,2178,3089,3329,2611,1197,1425,1315,3143,354658.067,3768210.009
Urban,2491,2891,2899,2844,2046,2108,2328,2710,354705.663,3768243.236
Urban,2751,3117,3257,2821,2948,2908,3084,3832,354684.073,3768231.424
Urban,2554,3158,3337,2760,1407,1854,1600,4044,354669.312,3768230.525
Urban,2701,3005,3117,2842,2094,2214,2366,3514,354696.296,3768230.843
Urban,2300,2626,2717,2703,1906,2096,2208,2651,354704.905,3768215.130
Urban,2382,2668,2987,2614,2188,2410,2532,3299,354699.076,3768261.778
Urban,2535,2704,2976,2919,1902,1872,2051,2920,355695.930,3768088.496
Urban,2595,2784,2980,2877,1866,1938,2074,2810,355694.104,3768095.217
Urban,2592,2921,2899,3040,1682,1771,1919,2655,355709.532,3768096.766
Urban,2535,2704,2976,2919,1902,1872,2051,2920,355691.836,3768085.851
Urban,2352,2707,2718,2583,1761,2019,1908,3024,355662.964,3768114.879
Urban,2388,2840,2859,2711,2020,1998,2114,2476,355668.962,3768091.113
Urban,2265,2524,2852,2785,2018,2032,2227,2628,355681.603,3768077.234
Urban,2441,2597,2984,2967,1720,1740,2006,2724,355698.592,3768076.701
Urban,2251,2699,2680,2771,1730,1926,1932,2545,355710.111,3768137.533
Urban,2518,2788,2967,2778,2002,2290,2464,3302,355691.052,3768112.083
Urban,2317,2798,2810,2786,1863,2174,2218,3393,355679.791,3768077.353
Urban,2393,2702,2945,2513,1733,1844,1977,2740,355653.872,3768108.708
Urban,2302,2753,2818,2896,1629,1867,1826,2776,355707.585,3768116.410
Urban,2559,2791,2944,2706,2258,2244,2542,2898,355683.858,3768118.213
Urban,2728,2983,3012,3158,2410,2582,2738,3700,355708.213,3768089.847
Urban,2550,2755,2960,2785,2340,2434,2642,3214,355680.779,3768093.199
Urban,2535,2704,2976,2919,1902,1872,2051,2920,355691.148,3768081.336
Urban,2550,2755,2960,2785,2340,2434,2642,3214,355680.370,3768092.132
Urban,2388,2821,2841,2781,2126,2476,2336,3185,355678.096,3768080.534
Urban,2424,2761,2749,2680,2736,2610,2799,3211,355679.580,3768117.379
Urban,2847,3018,3208,3332,2658,3108,2948,3739,355705.155,3768078.744
Urban,2550,2755,2960,2785,2340,2434,2642,3214,355683.758,3768099.517
Urban,2457,2834,2840,2764,2546,2444,2654,2989,355671.187,3768099.216
Urban,2441,2833,2867,2978,1728,1768,1892,2438,355709.543,3768105.787
Urban,2847,3018,3208,3332,2658,3108,2948,3739,355708.404,3768077.842
Urban,2422,2650,2919,2793,1880,2278,2182,2842,355684.441,3768086.097
Urban,2527,2838,2805,2735,3216,3382,3213,3432,355674.804,3768101.887
Urban,2622,2837,2996,2842,1886,2234,2226,3200,355695.625,3768102.267
Urban,2265,2524,2852,2785,2018,2032,2227,2628,355684.968,3768078.540
Urban,2535,2704,2976,2919,1902,1872,2051,2920,355696.483,3768083.411
Urban,2441,2792,2795,2653,2122,2354,2176,2633,355667.317,3768107.622
Urban,2319,2887,2840,2790,1634,1766,2013,2992,355668.415,3768074.621
Urban,2518,2788,2967,2778,2002,2290,2464,3302,355696.124,3768118.205
Urban,2595,2784,2980,2877,1866,1938,2074,2810,355691.400,3768092.795
Urban,2728,2983,3012,3158,2410,2582,2738,3700,355708.330,3768087.849
Urban,2441,2833,2867,2978,1728,1768,1892,2438,355709.212,3768105.354
Urban,2302,2753,2818,2896,1629,1867,1826,2776,355709.864,3768115.438
Urban,2319,2887,2840,2790,1634,1766,2013,2992,355666.661,3768079.706
Urban,2592,2921,2899,3040,1682,1771,1919,2655,355706.130,3768090.551
Urban,2535,2704,2976,2919,1902,1872,2051,2920,355699.078,3768085.230
Urban,2527,2838,2805,2735,3216,3382,3213,3432,355678.616,3768100.222
Urban,2650,2838,2976,2761,2874,3290,3140,3763,355689.055,3768109.930
Urban,2550,2755,2960,2785,2340,2434,2642,3214,355688.428,3768099.076
Urban,2550,2755,2960,2785,2340,2434,2642,3214,355685.510,3768092.548
Urban,2283,2638,2893,2685,1678,1844,2051,3296,355693.560,3768121.209
Urban,2441,2833,2867,2978,1728,1768,1892,2438,355704.742,3768109.066
Urban,2251,2699,2680,2771,1730,1926,1932,2545,355714.466,3768131.474
Urban,2393,2702,2945,2513,1733,1844,1977,2740,355657.000,3768108.973
Urban,2535,2704,2976,2919,1902,1872,2051,2920,355691.741,3768083.370
Urban,2457,2834,2840,2764,2546,2444,2654,2989,355671.780,3768090.213
Urban,4189,3946,4081,3542,4156,4300,4908,4763,359284.566,3768247.719
Urban,3054,2996,3057,2968,2642,2770,2832,3211,359288.783,3768239.987
Urban,4060,4086,3868,3572,3622,3894,4187,4211,359311.358,3768262.102
Urban,3943,3933,3948,3442,5800,5776,5681,5709,359272.439,3768260.372
Urban,5257,5213,4956,4030,4452,4604,4759,4935,359294.633,3768266.828
Urban,3496,3358,3529,3244,1497,1672,2126,1907,359313.622,3768214.133
Urban,2552,2635,2619,2725,1667,1752,1914,2041,359283.992,3768222.651
Urban,5004,4750,4785,3971,5140,5456,5660,5876,359294.348,3768250.065
Urban,3263,3399,3268,3114,2800,2812,3182,3278,359285.405,3768206.145
Urban,3594,3555,3596,3219,2082,2276,2436,2876,359328.860,3768217.117
Urban,4638,4408,4404,4097,3352,3768,4408,4348,359325.051,3768160.428
Urban,3491,3360,3387,3135,2538,2738,2959,2997,359274.931,3768240.558
Urban,4084,4036,4011,3817,2952,3180,3264,3668,359325.500,3768154.265
Urban,4253,4206,4278,3742,4100,4176,4252,4564,359281.969,3768178.963
Urban,6115,5909,5876,4655,6208,6412,6936,6722,359309.131,3768198.652
Urban,2457,2555,2569,2600,1511,1596,1595,1798,359326.410,3768225.452
Urban,4864,4769,4711,3909,4956,5160,5741,5651,359327.329,3768202.367
Urban,2758,2763,2725,2762,2220,2372,2418,2664,359271.696,3768236.800
Urban,2457,2555,2569,2600,1511,1596,1595,1798,359322.504,3768229.363
Urban,3825,3902,3835,3469,3540,3922,4516,4507,359291.079,3768203.499
Urban,3496,3358,3529,3244,1497,1672,2126,1907,359311.299,3768213.572
Urban,3594,3555,3596,3219,2082,2276,2436,2876,359325.144,3768210.169
Urban,2345,2447,2491,2504,1900,2044,2046,2619,359341.916,3768256.948
Urban,4638,4408,4404,4097,3352,3768,4408,4348,359321.069,3768167.351
Urban,3278,3197,3344,3172,1493,1561,1804,2029,359304.633,3768217.963
Urban,4399,4227,4189,3733,4864,5308,5393,5601,359302.628,3768259.077
Urban,4261,4003,4140,3620,4372,4884,5177,5280,359297.114,3768244.462
Urban,4236,4082,4138,3898,2948,3246,3465,3629,359315.246,3768153.221
Urban,3155,3058,3066,3066,2340,2534,2627,2736,359314.435,3768242.431
Urban,3715,3606,3569,3388,3312,3562,3564,3942,359310.393,3768254.151
Urban,2496,2499,2567,2643,2216,2428,2440,2603,359333.747,3768252.119
Urban,4299,4248,4120,3633,4784,4948,5080,5248,359282.230,3768192.814
Urban,3029,2972,3020,2976,2324,2688,2824,2974,359292.698,3768239.952
Urban,3715,3606,3569,3388,3312,3562,3564,3942,359310.599,3768252.359
Urban,2941,3073,3043,3003,1509,1640,1632,2273,359296.211,3768218.822
Urban,3263,3399,3268,3114,2800,2812,3182,3278,359288.655,3768202.717
Urban,3496,3358,3529,3244,1497,1672,2126,1907,359311.937,3768217.076
Urban,3715,3606,3569,3388,3312,3562,3564,3942,359317.790,3768252.948
Urban,4299,4248,4120,3633,4784,4948,5080,5248,359280.215,3768191.546
Urban,2552,2635,2619,2725,1667,1752,1914,2041,359289.218,3768223.230
Urban,2538,2578,2541,2722,1940,1962,1968,2122,359302.705,3768222.615
Urban,2511,2552,2515,2631,2006,2068,2122,2344,359268.652,3768235.336
Urban,3594,3555,3596,3219,2082,2276,2436,2876,359320.978,3768214.942
Urban,2345,2447,2491,2504,1900,2044,2046,2619,359344.872,3768252.820
Urban,4189,3946,4081,3542,4156,4300,4908,4763,359288.887,3768243.046
Urban,4154,4110,4074,3760,2378,2664,3018,3072,359338.695,3768159.271
Urban,3707,3530,3566,3368,2770,3092,3376,3617,359307.706,3768244.509
Urban,2941,3073,3043,3003,1509,1640,1632,2273,359295.418,3768211.714
Urban,5004,4750,4785,3971,5140,5456,5660,5876,359296.878,3768256.630
Urban,2285,2344,2408,2479,2198,2404,2568,2516,359331.064,3768247.967
Urban,2234,2360,2439,2398,1957,2064,2018,2371,361556.743,3766130.155
Urban,2233,2350,2376,2361,2288,2372,2190,2557,361471.041,3766153.218
Urban,2080,2361,2407,2363,1906,2076,2174,2639,361490.925,3766164.230
Urban,2128,2316,2496,2369,2034,2198,2350,2902,361538.260,3766208.219
Urban,2103,2345,2466,2400,1492,1684,1690,2416,361502.319,3766168.030
Urban,2096,2323,2419,2402,1875,2108,2032,2494,361512.862,3766142.702
Urban,2022,2266,2355,2299,1680,1809,1808,2382,361516.409,3766124.569
Urban,2381,2489,2581,2552,1662,1822,1924,2525,361579.568,3766137.168
Urban,2694,2723,2683,2805,2802,3036,2848,3232,361567.031,3766166.439
Urban,2470,2614,2676,2571,1786,2060,2310,2416,361536.817,3766193.608
Urban,2178,2409,2477,2375,2012,2270,2300,2622,361462.833,3766163.113
Urban,2063,2345,2469,2375,1392,1540,1566,2317,361500.392,3766178.756
Urban,2087,2245,2312,2351,1676,1905,1858,2247,361495.599,3766157.153
Urban,1830,2203,2300,2156,1345,1517,1457,2728,361494.220,3766186.480
Urban,2326,2550,2648,2542,1694,1932,2136,2499,361515.056,3766173.971
Urban,2442,2553,2644,2653,2016,2178,2242,2344,361558.038,3766196.633
Urban,2518,2596,2707,2571,2005,2306,2346,2759,361449.941,3766175.937
Urban,2761,2816,2817,2770,2644,2820,2818,2920,361556.452,3766159.188
Urban,2424,2558,2625,2509,2021,2410,2536,3089,361456.880,3766182.699
Urban,2123,2334,2371,2401,1791,1890,2030,2464,361554.795,3766205.035
Urban,2141,2276,2317,2347,1908,1922,2076,2194,361489.408,3766150.589
Urban,1919,2080,2222,2145,1225,1391,1484,2230,361516.396,3766201.453
Urban,2087,2378,2396,2343,1808,1860,2070,2576,361481.514,3766164.455
Urban,2604,2735,2817,2640,2072,2302,2382,2998,361489.419,3766119.771
Urban,2194,2415,2507,2395,1908,2050,2062,2631,361506.341,3766128.009
Urban,2478,2595,2510,2633,2240,2282,2462,2727,361573.921,3766157.286
Urban,2501,2569,2608,2547,1941,2108,2134,2488,361473.488,3766133.969
Urban,2622,2711,2738,2658,2332,2468,2682,3179,361476.088,3766127.456
Urban,2141,2276,2317,2347,1908,1922,2076,2194,361480.861,3766150.690
Urban,2996,3112,3075,2939,2428,2816,3258,3634,361533.985,3766170.654
Urban,2604,2735,2817,2640,2072,2302,2382,2998,361489.555,3766114.385
Urban,2742,2804,2886,2819,2548,2826,3068,3454,361548.878,3766181.692
Urban,1798,2072,2158,2146,1271,1353,1362,1776,361539.579,3766125.191
Urban,1982,2240,2326,2277,1328,1462,1556,2219,361537.478,3766134.440
Urban,2442,2553,2644,2653,2016,2178,2242,2344,361555.029,3766198.638
Urban,2306,2485,2586,2477,1937,2042,2154,2432,361451.019,3766178.507
Urban,2140,2273,2351,2368,1596,1754,1770,2273,361498.823,3766143.534
Urban,2330,2543,2651,2550,1628,1822,1982,2870,361511.321,3766166.526
Urban,2442,2553,2644,2653,2016,2178,2242,2344,361555.949,3766196.775
Urban,2461,2571,2658,2629,1772,2076,2208,2535,361549.251,3766192.349
Urban,1860,2124,2228,2183,1606,1650,1766,2362,361506.316,3766195.381
Urban,2079,2321,2399,2355,1558,1767,1719,2500,361505.862,3766137.162
Urban,2721,2834,2824,2763,2338,2528,2570,3174,361477.666,3766117.240
Urban,2470,2614,2676,2571,1786,2060,2310,2416,361534.236,3766193.962
Urban,2087,2245,2312,2351,1676,1905,1858,2247,361497.501,3766157.970
Urban,2114,2283,2364,2320,1544,1690,1700,2342,361544.327,3766132.092
Urban,2861,2861,2924,2928,2366,2522,2812,2804,361557.749,3766172.762
Urban,2234,2360,2439,2398,1957,2064,2018,2371,361554.628,3766131.358
Urban,2237,2494,2592,2503,1726,1878,1982,2692,361528.471,3766148.815
Urban,2688,2699,2702,2834,2322,2624,2584,2693,361569.220,3766176.516
Urban,2141,2620,2678,2428,1221,1482,1428,2556,362689.900,3766712.927
Urban,1924,2189,2233,2203,1380,1624,1804,2106,362682.182,3766584.029
Urban,2998,3101,3229,2802,2092,2616,2626,3295,362667.198,3766648.790
Urban,2552,2587,2566,2480,2396,2766,2892,2846,362613.506,3766621.766
Urban,2307,2708,2902,2582,1874,2230,2218,3078,362580.500,3766624.153
Urban,1983,2679,2767,2308,1367,1640,1556,3424,362625.165,3766584.080
Urban,2577,2799,2905,2673,2790,2954,2958,3634,362593.468,3766634.055
Urban,2169,2579,2747,2422,1688,1954,1960,3336,362605.746,3766608.242
Urban,1839,2287,2350,2204,1414,1531,1438,2227,362569.899,3766662.956
Urban,2133,2565,2668,2446,1475,1696,1710,2977,362679.802,3766710.611
Urban,2688,2903,2982,2755,2802,3038,3084,3712,362590.848,3766648.466
Urban,2284,2459,2637,2595,1602,1947,2034,2464,362593.899,3766678.477
Urban,2026,2465,2419,2357,1367,1633,1689,2922,362577.666,3766603.177
Urban,2038,2620,2807,2525,1432,1665,1604,3203,362552.265,3766641.496
Urban,2159,2635,2702,2336,1691,1798,1906,2522,362624.037,3766603.141
Urban,2233,2572,2692,2496,1646,1714,1836,2824,362687.551,3766654.705
Urban,2423,2514,2539,2666,1990,2160,2258,2460,362628.819,3766672.622
Urban,2059,2553,2518,2380,1642,1834,1918,2786,362570.100,3766612.887
Urban,3636,3728,3704,3007,4416,5140,4876,5229,362655.498,3766652.773
Urban,2169,2579,2747,2422,1688,1954,1960,3336,362604.818,3766605.574
Urban,2615,3122,3226,3079,1990,2240,2388,3691,362548.235,3766620.744
Urban,2566,2702,2717,2678,2490,2612,2770,3187,362607.344,3766666.362
Urban,2600,2805,2710,2870,1824,2330,2568,2932,362557.500,3766574.477
Urban,1827,2259,2329,2292,1390,1606,1548,3120,362660.071,3766584.067
Urban,2035,2495,2560,2262,1532,1628,1648,2622,362630.070,3766602.581
Urban,2538,2795,2903,2799,1942,2052,2242,3098,362701.054,3766671.904
Urban,1950,2290,2389,2337,1702,1952,1904,2344,362663.279,3766691.789
Urban,2260,2438,2537,2427,2208,2510,2628,2632,362683.572,3766625.986
Urban,2059,2553,2518,2380,1642,1834,1918,2786,362571.259,3766614.665
Urban,3269,3426,3293,2843,3474,3632,3674,3545,362645.907,3766647.710
Urban,2547,2520,2649,2543,2394,2770,2848,3052,362626.919,3766632.844
Urban,2405,2683,2825,2583,1728,1856,1882,2816,362591.965,3766624.017
Urban,2169,2430,2544,2314,1558,1834,1852,2655,362634.199,3766611.814
Urban,2261,2412,2394,2525,1980,1955,2072,2482,362628.085,3766686.343
Urban,2108,2686,2820,2464,1348,1665,1489,3797,362565.758,3766642.218
Urban,2407,2599,2763,2651,2100,2430,2612,2916,362592.739,3766669.085
Urban,3269,3426,3293,2843,3474,3632,3674,3545,362646.500,3766645.258
Urban,2224,2463,2552,2422,1680,1992,2108,2376,362689.831,3766633.317
Urban,2364,2534,2600,2471,1624,1688,1780,2557,362679.748,3766636.572
Urban,2223,2567,2669,2565,1692,1927,2128,2773,362588.460,3766585.793
Urban,2224,2463,2552,2422,1680,1992,2108,2376,362682.074,3766630.590
Urban,2781,2907,2914,2989,2552,2730,2964,3364,362562.083,3766579.599
Urban,2347,2579,2603,2458,1885,1990,2038,2416,362651.086,3766689.210
Urban,2159,2635,2702,2336,1691,1798,1906,2522,362629.166,3766606.443
Urban,1915,2277,2380,2258,1461,1656,1650,2528,362571.147,3766678.741
Urban,2196,2700,2721,2474,1860,1878,1858,3456,362684.885,3766665.564
Urban,2227,2897,3040,2745,1349,1666,1540,3853,362550.635,3766639.815
Urban,3636,3728,3704,3007,4416,5140,4876,5229,362659.991,3766651.814
Urban,1832,2239,2355,2249,1203,1287,1280,2229,362674.142,3766577.496
Urban,2196,2700,2721,2474,1860,1878,1858,3456,362687.247,3766669.797
Urban,2437,2379,2381,2534,2196,2302,2390,2447,362589.685,3765687.384
Urban,3256,3094,3265,3239,3244,3536,3746,3850,362464.240,3765600.898
Urban,2627,2927,2978,2779,2040,2190,2228,3447,362479.428,3765685.485
Urban,2241,2539,2509,2443,1674,1982,1941,3462,362596.715,3765728.250
Urban,4272,4433,4466,3670,5648,5824,6132,6428,362403.150,3765652.655
Urban,1993,2008,2039,2213,1662,1722,1807,1922,362478.362,3765580.197
Urban,2378,2427,2479,2527,2044,2246,2176,2640,362534.949,3765595.914
Urban,3464,3600,3382,3838,3490,3700,3678,4000,362426.820,3765626.027
Urban,4286,4312,4393,3740,5872,6252,6312,6472,362416.837,3765658.707
Urban,2882,2852,2920,2800,2328,2532,2776,2882,362505.585,3765716.214
Urban,2044,2040,2098,2257,1706,1786,1825,1970,362483.694,3765598.172
Urban,2636,2659,2662,2733,2212,2382,2448,2659,362564.987,3765647.300
Urban,4241,4276,4066,3617,5384,5528,5468,5829,362435.561,3765666.017
Urban,2254,2391,2454,2356,2124,2328,2392,2720,362538.325,3765669.607
Urban,2347,2472,2494,2395,2408,2516,2512,2686,362528.271,3765679.042
Urban,2456,2627,2772,2516,2510,2664,2790,2944,362566.588,3765715.896
Urban,3852,3714,3987,3520,5272,5448,5416,5796,362463.153,3765643.904
Urban,2636,2659,2662,2733,2212,2382,2448,2659,362562.871,3765648.125
Urban,3205,3409,3454,2860,4002,4028,4008,4553,362486.682,3765688.304
Urban,3774,3992,3677,3314,3640,3632,3824,4114,362438.936,3765679.202
Urban,2323,2475,2481,2418,1952,2108,2230,2524,362512.497,3765677.424
Urban,3229,3281,3372,2913,3416,3534,3588,4208,362498.065,3765708.699
Urban,3258,3117,3129,3116,2812,3048,3266,3353,362570.473,3765632.186
Urban,3229,3281,3372,2913,3416,3534,3588,4208,362492.855,3765704.382
Urban,2189,2252,2294,2373,1869,2042,2050,2345,362541.698,3765670.823
Urban,2636,2659,2662,2733,2212,2382,2448,2659,362567.908,3765649.664
Urban,2392,2495,2599,2516,1590,1752,1868,2441,362583.623,3765757.174
Urban,2233,2411,2512,2424,1684,1844,1936,2604,362586.673,3765743.856
Urban,4404,4276,4344,4333,4324,4504,4472,4939,362447.768,3765618.430
Urban,2521,2566,2604,2669,1964,2190,2338,2683,362531.606,3765602.273
Urban,2172,2524,2506,2369,1543,1676,1600,2453,362585.967,3765729.568
Urban,2226,2388,2507,2363,2044,2146,2192,2798,362522.159,3765658.601
Urban,1953,1992,2032,2165,1623,1756,1774,1962,362466.294,3765579.040
Urban,2628,2745,2763,2640,1886,2156,2478,2614,362585.598,3765763.299
Urban,2919,2965,3023,2977,2312,2622,2702,3003,362470.068,3765611.246
Urban,2851,2916,2918,2686,2510,2756,2792,2990,362504.427,3765688.498
Urban,2284,2458,2527,2516,1604,1835,2038,2700,362525.933,3765631.117
Urban,2922,3296,3139,3046,1698,2080,2200,3042,362474.734,3765628.421
Urban,2236,2426,2667,2407,1498,1619,1697,2264,362566.038,3765743.886
Urban,3464,3600,3382,3838,3490,3700,3678,4000,362425.126,3765624.539
Urban,2404,2447,2472,2570,2214,2394,2566,2648,362563.447,3765658.409
Urban,2743,2829,2776,2668,2576,2748,2862,3034,362524.457,3765727.344
Urban,2515,2491,2565,2585,2262,2488,2678,2662,362549.053,3765694.362
Urban,2349,2398,2421,2591,1874,1980,2066,2300,362438.865,3765578.341
Urban,2335,2334,2384,2477,1908,2042,2142,2349,362544.276,3765687.665
Urban,2456,2627,2772,2516,2510,2664,2790,2944,362560.668,3765711.228
Urban,2893,2843,2844,3047,1830,2016,2064,2303,362417.934,3765585.105
Urban,2133,2158,2190,2407,1898,1947,1958,2078,362563.879,3765689.318
Urban,2044,2040,2098,2257,1706,1786,1825,1970,362482.524,3765594.159
Urban,2422,2599,2690,2599,1504,1662,1692,2257,362543.199,3765624.623
Urban,1829,2474,2703,2194,1482,1615,1672,2994,362301.965,3767886.251
Urban,1655,2232,2387,2067,1175,1258,1247,2128,362322.362,3767851.540
Urban,1751,2159,2348,2187,1360,1505,1604,2452,362306.428,3767856.399
Urban,2119,2429,2595,2290,1265,1419,1532,2493,362366.266,3767905.619
Urban,1792,2254,2423,2178,1166,1268,1348,2119,362347.000,3767851.077
Urban,1751,2159,2348,2187,1360,1505,1604,2452,362307.429,3767856.126
Urban,2032,2370,2534,2402,1588,1712,1614,2620,362373.194,3767861.440
Urban,1988,2264,2479,2355,1507,1616,1527,2105,362370.704,3767853.643
Urban,1873,2289,2476,2182,1624,1842,1969,2605,362329.675,3767891.853
Urban,2046,2380,2490,2236,1687,1980,1898,2839,362364.512,3767919.759
Urban,2119,2429,2595,2290,1265,1419,1532,2493,362369.641,3767903.529
Urban,1976,2608,2666,2207,1621,1593,1744,2724,362347.554,3767899.785
Urban,1902,2328,2530,2182,1544,1636,1740,2713,362358.289,3767919.464
Urban,1826,2171,2444,2172,1428,1594,1521,2490,362339.360,3767912.806
Urban,1822,2304,2477,2115,1364,1544,1608,2771,362329.577,3767883.097
Urban,2046,2380,2490,2236,1687,1980,1898,2839,362360.917,3767917.877
Urban,1691,2257,2405,2077,1183,1274,1272,2295,362330.193,3767858.618
Urban,2046,2380,2490,2236,1687,1980,1898,2839,362368.516,3767918.614
Urban,1671,2241,2525,2065,1302,1465,1434,2648,362312.431,3767864.984
Urban,1981,2457,2658,2233,1574,1646,1753,2461,362352.894,3767902.183
Urban,2022,2438,2443,2202,1686,2008,1933,2756,362363.954,3767927.503
Urban,1880,2251,2438,2262,1377,1457,1882,2578,362357.097,3767853.731
Urban,1742,2232,2379,2047,1223,1350,1346,2143,362331.720,3767863.803
Urban,1917,2418,2572,2376,1339,1465,1502,2427,362304.121,3767909.470
Urban,2119,2429,2595,2290,1265,1419,1532,2493,362365.963,3767900.057
Urban,1751,2159,2348,2187,1360,1505,1604,2452,362306.144,3767854.474
Urban,1893,2287,2419,2179,1372,1508,1543,2017,362347.243,3767868.961
Urban,1917,2418,2572,2376,1339,1465,1502,2427,362305.171,3767906.471
Urban,1809,2271,2403,2066,1457,1614,1542,2255,362333.443,3767877.665
Urban,1751,2210,2384,2112,1626,1704,1772,2682,362336.450,3767928.356
Urban,1901,2387,2621,2200,1606,1701,1768,2525,362347.214,3767905.142
Urban,1822,2304,2477,2115,1364,1544,1608,2771,362325.944,3767887.596
Urban,2254,2572,2824,2488,1583,1872,1787,3024,362373.710,3767889.210
Urban,1873,2289,2476,2182,1624,1842,1969,2605,362328.563,3767898.281
Urban,2032,2370,2534,2402,1588,1712,1614,2620,362374.999,3767860.880
Urban,1988,2264,2479,2355,1507,1616,1527,2105,362374.368,3767857.432
Urban,1972,2401,2547,2488,1586,1692,1764,2273,362307.070,3767911.586
Urban,1881,2220,2484,2193,1389,1536,1621,2232,362336.726,3767902.363
Urban,1732,2161,2248,2065,1211,1368,1356,2166,362340.914,3767933.392
Urban,1783,2407,2621,2149,1256,1453,1417,3077,362313.429,3767881.006
Urban,1831,2308,2397,2063,1348,1545,1540,2496,362361.887,3767941.182
Urban,1703,2317,2609,2065,1316,1431,1449,2709,362315.044,3767879.435
Urban,1826,2171,2444,2172,1428,1594,1521,2490,362330.981,3767910.766
Urban,1980,2504,2673,2457,1388,1632,1682,2817,362296.415,3767907.446
Urban,1822,2304,2477,2115,1364,1544,1608,2771,362321.596,3767885.418
Urban,1749,2218,2353,2117,1471,1574,1587,2387,362333.901,3767930.695
Urban,1988,2264,2479,2355,1507,1616,1527,2105,362376.808,3767858.657
Urban,1849,2297,2365,2119,1371,1465,1582,2427,362357.113,3767928.924
Urban,1917,2356,2504,2176,1684,1862,1898,2931,362338.127,3767895.650
Urban,2037,2491,2669,2359,1988,1946,2014,2779,362289.315,3767892.442
Urban,2413,3379,3667,2983,1555,1780,1792,3966,356734.751,3771469.020
Urban,2581,2861,2963,2903,1904,2150,2381,2714,356754.202,3771499.346
Urban,2381,3109,3281,3031,1580,1782,1924,3406,356718.843,3771524.182
Urban,3067,3661,4050,3672,2004,2588,3474,4892,356777.886,3771430.473
Urban,2713,2990,3078,3100,1810,2138,2721,3133,356755.646,3771519.335
Urban,2912,3759,3995,3462,1744,2144,2660,4476,356750.121,3771454.023
Urban,2385,3554,3841,2964,1434,1694,1691,4168,356746.962,3771435.924
Urban,2421,3213,3571,3207,1674,1934,2160,3692,356687.639,3771517.659
Urban,2669,2943,3009,3025,2296,2520,2498,2954,356756.469,3771500.717
Urban,2684,3074,3029,3057,1990,2388,3290,3663,356727.354,3771561.453
Urban,2365,3065,3306,2901,1466,1768,1716,3963,356700.285,3771459.395
Urban,2655,3133,3234,3170,1926,2116,2204,2742,356791.706,3771459.012
Urban,2566,3329,3456,3029,1648,1918,1992,3436,356724.476,3771513.962
Urban,2681,3127,3269,3019,1718,2042,2544,3786,356760.092,3771580.052
Urban,2407,3274,3497,3137,1611,1889,2004,3797,356697.787,3771487.615
Urban,2344,2778,2846,2772,1659,1877,1929,3035,356719.641,3771405.774
Urban,2267,2667,2905,2777,1648,1830,1861,2824,356751.027,3771545.460
Urban,2391,3178,3369,3114,1624,1898,1899,3896,356689.145,3771486.483
Urban,2413,3379,3667,2983,1555,1780,1792,3966,356734.788,3771467.360
Urban,2374,2857,3065,2875,1620,1889,1903,3449,356754.020,3771578.223
Urban,2815,3522,3643,3303,1712,2130,2694,4317,356752.769,3771469.892
Urban,3006,3538,3646,3470,1854,2378,3402,4237,356760.742,3771466.891
Urban,2690,3545,3979,3321,1493,1848,1988,3995,356761.379,3771428.751
Urban,2298,3258,3563,2818,1350,1572,1701,4117,356732.362,3771430.484
Urban,2344,2836,2899,2807,1762,1911,2138,2611,356763.267,3771536.873
Urban,2365,3075,3235,3005,1363,1660,1770,3633,356689.303,3771476.474
Urban,2347,3316,3743,3046,1425,1691,1603,4531,356718.435,3771498.500
Urban,2421,3213,3571,3207,1674,1934,2160,3692,356682.394,3771515.287
Urban,2334,2739,2895,2865,1516,1646,1702,2494,356720.812,3771582.951
Urban,2276,2777,2983,2668,1631,1840,1920,2934,356729.265,3771401.997
Urban,2229,2699,2909,2762,1630,1790,1931,2864,356757.380,3771569.041
Urban,2385,3554,3841,2964,1434,1694,1691,4168,356748.218,3771439.354
Urban,2684,3134,3307,3053,2005,2290,2678,3953,356754.039,3771599.148
Urban,2374,2660,2747,2736,1874,2066,2174,2689,356768.747,3771492.132
Urban,2227,2920,3038,2703,1378,1535,1613,3598,356777.176,3771542.194
Urban,2669,2943,3009,3025,2296,2520,2498,2954,356758.225,3771504.571
Urban,2289,2872,3161,2705,1858,2072,2261,3014,356738.504,3771411.936
Urban,2642,3066,3234,2980,2100,2334,2506,3143,356748.397,3771491.123
Urban,2337,2948,3175,2801,1775,1947,2086,3386,356705.138,3771442.752
Urban,2421,3213,3571,3207,1674,1934,2160,3692,356682.148,3771518.226
Urban,2257,3457,3859,2821,1388,1608,1617,4095,356675.591,3771543.795
Urban,2581,2861,2963,2903,1904,2150,2381,2714,356752.737,3771490.672
Urban,2727,3279,3525,3241,1830,2116,2437,3674,356709.447,3771560.113
Urban,2357,2722,2854,2774,1682,1862,1976,2893,356771.908,3771489.056
Urban,2604,3125,3308,2972,2468,2556,2456,3459,356743.384,3771482.097
Urban,2496,3363,3605,2989,1509,1730,1748,3962,356722.303,3771507.904
Urban,2489,2969,3214,2984,1619,1860,1984,3415,356748.227,3771589.234
Urban,2520,3584,3936,3111,1464,1706,1768,4085,356743.049,3771448.853
Urban,2189,2706,2960,2617,1722,1914,1894,2458,356782.245,3771491.233
Urban,2374,2857,3065,2875,1620,1889,1903,3449,356759.672,3771570.424
Urban,2950,3153,3317,2908,2476,2654,3159,3427,355814.926,3771708.404
Urban,2440,2743,2671,2433,1800,2072,2042,2599,355764.045,3771699.948
Urban,1869,2467,2611,2172,1210,1320,1351,2578,355810.515,3771636.362
Urban,2330,2806,2728,2482,1597,1838,1816,2990,355777.679,3771706.663
Urban,2193,2660,2659,2292,2062,2140,2530,2786,355784.931,3771673.890
Urban,2058,2640,2644,2322,2006,2120,2153,3529,355816.669,3771629.682
Urban,2916,3114,3203,2910,2450,2812,3088,3277,355821.548,3771725.905
Urban,2360,2687,2640,2405,1582,1800,1952,2421,355779.053,3771697.544
Urban,2047,2547,2580,2263,1208,1308,1358,1836,355803.142,3771676.474
Urban,1999,2642,2616,2318,1538,1680,1557,2661,355809.890,3771624.729
Urban,3225,3320,3382,3058,2966,3296,3592,3910,355820.195,3771704.716
Urban,2585,2979,3091,2691,1792,2070,2280,2874,355803.129,3771712.887
Urban,2401,2666,2662,2373,2606,2582,2836,3049,355777.391,3771686.538
Urban,1851,2337,2698,2088,1390,1524,1465,2251,355811.226,3771648.271
Urban,2568,2838,3143,2646,1586,1938,1970,3840,355801.991,3771696.773
Urban,2110,2693,2715,2358,2246,2224,1814,2434,355781.898,3771711.382
Urban,2568,2838,3143,2646,1586,1938,1970,3840,355807.143,3771695.276
Urban,1755,2253,2644,2036,1284,1384,1427,2175,355808.794,3771649.742
Urban,2193,2660,2659,2292,2062,2140,2530,2786,355781.440,3771677.603
Urban,2182,2726,2803,2405,1277,1442,1363,2293,355798.724,3771718.650
Urban,2072,2550,2909,2219,1682,1841,1867,2832,355827.074,3771648.531
Urban,2193,2660,2659,2292,2062,2140,2530,2786,355784.925,3771679.511
Urban,1960,2492,2570,2156,1346,1556,1403,2482,355794.548,3771660.388
Urban,2201,2663,3000,2281,1422,1563,1614,3522,355829.758,3771653.378
Urban,2058,2640,2644,2322,2006,2120,2153,3529,355811.284,3771628.727
Urban,2895,3161,3264,2897,2648,2860,3288,3442,355816.064,3771713.054
Urban,1990,2480,2786,2225,1444,1516,1742,2530,355828.841,3771637.094
Urban,1774,2242,2620,2026,1322,1515,1444,3366,355806.052,3771657.660
Urban,1755,2253,2644,2036,1284,1384,1427,2175,355808.963,3771643.971
Urban,1856,2346,2746,2077,1316,1528,1472,3228,355791.356,3771658.386
Urban,1999,2642,2616,2318,1538,1680,1557,2661,355802.351,3771623.700
Urban,1755,2253,2644,2036,1284,1384,1427,2175,355802.404,3771640.510
Urban,1893,2529,2630,2292,1200,1372,1345,2936,355792.007,3771623.082
Urban,1856,2346,2746,2077,1316,1528,1472,3228,355798.781,3771657.500
Urban,2123,2598,2691,2233,1744,2028,2408,3330,355785.775,3771660.153
Urban,1947,2504,2671,2197,1306,1372,1479,2532,355779.073,3771647.145
Urban,2058,2596,2587,2251,1329,1572,1600,2153,355795.209,3771671.194
Urban,2123,2598,2691,2233,1744,2028,2408,3330,355783.154,3771662.365
Urban,2514,2782,2881,2423,2262,2596,2670,2848,355768.911,3771679.754
Urban,2047,2547,2580,2263,1208,1308,1358,1836,355802.102,3771672.002
Urban,2452,2741,2794,2386,2434,2606,2236,2605,355779.801,3771673.798
Urban,1869,2467,2611,2172,1210,1320,1351,2578,355812.450,3771635.831
Urban,1851,2337,2698,2088,1390,1524,1465,2251,355813.941,3771643.725
Urban,1844,2394,2467,2104,1169,1216,1261,2263,355805.669,3771665.084
Urban,1893,2529,2630,2292,1200,1372,1345,2936,355793.180,3771620.362
Urban,2182,2726,2803,2405,1277,1442,1363,2293,355799.001,3771712.501
Urban,2950,3153,3317,2908,2476,2654,3159,3427,355811.938,3771706.296
Urban,3063,3145,3304,2864,2466,2864,3358,3520,355827.324,3771688.120
Urban,2001,2548,2648,2346,1684,1918,2176,3040,355783.544,3771628.096
Urban,2895,3161,3264,2897,2648,2860,3288,3442,355819.834,3771714.786
Urban,2440,2727,2854,2786,1307,1533,1886,2688,357377.306,3769658.160
Urban,2035,2995,3311,2559,1260,1490,1428,3680,357462.679,3769701.755
Urban,2560,2821,3008,2787,1876,2092,2093,3099,357364.482,3769666.106
Urban,2596,2973,3170,2933,1933,2202,2203,3292,357332.437,3769708.985
Urban,2374,2896,3023,2822,1869,1994,1829,2535,357392.579,3769626.592
Urban,2783,3307,3324,2833,2620,2716,2632,3456,357344.002,3769694.425
Urban,1677,2277,2494,2441,1201,1360,1352,2847,357500.739,3769734.034
Urban,4123,4721,4828,3663,6508,6524,6552,6492,357424.355,3769735.940
Urban,1957,2886,3175,2553,1275,1428,1425,2937,357465.260,3769729.505
Urban,2733,2997,3160,3027,1773,1977,2028,3203,357444.771,3769630.592
Urban,2859,3378,3332,2875,4000,4090,3874,4211,357356.606,3769692.826
Urban,2730,3379,3582,2989,1958,2122,2152,3160,357497.272,3769641.532
Urban,1371,1899,2023,1852,1138,1266,1213,2072,357509.583,3769691.831
Urban,2826,3093,3230,3152,2144,2394,2605,3179,357423.870,3769697.912
Urban,1708,2161,2376,2238,1129,1206,1230,2202,357521.891,3769746.001
Urban,2307,2722,2887,2520,1429,1638,2077,2636,357477.606,3769677.173
Urban,2882,3330,3350,3103,2560,2714,2626,3246,357426.478,3769624.918
Urban,1807,2939,3419,2351,1306,1590,1461,4856,357551.930,3769686.385
Urban,2908,3261,3280,3106,2488,2682,2888,3435,357403.802,3769706.203
Urban,3259,3535,3647,3313,2582,2798,3164,3640,357436.639,3769650.638
Urban,2951,3476,3664,3050,3514,3680,3742,4712,357485.636,3769641.138
Urban,1515,2025,2202,2162,1090,1125,1181,1936,357501.566,3769729.586
Urban,2822,3154,3310,3192,2232,2472,2490,3410,357425.256,3769685.334
Urban,1849,2794,2985,2337,1234,1560,1427,4255,357516.390,3769662.246
Urban,2729,2940,3001,2826,1494,1786,2524,2958,357466.139,3769663.373
Urban,1680,2567,2749,2308,1287,1477,1460,3052,357577.039,3769675.711
Urban,2783,3307,3324,2833,2620,2716,2632,3456,357349.249,3769690.829
Urban,2310,3079,3306,2657,1336,1672,1451,3644,357453.356,3769721.934
Urban,2572,3258,3540,3002,1662,2038,2114,4124,357454.278,3769691.668
Urban,2200,2817,3092,2477,1276,1464,1669,2808,357493.338,3769663.551
Urban,2898,3231,3178,3119,2130,2366,2578,3054,357426.329,3769700.594
Urban,2732,3216,3329,3062,1548,1804,1836,3551,357418.961,3769670.513
Urban,3040,3173,3216,2968,1550,1846,2460,3222,357467.604,3769652.306
Urban,3259,3535,3647,3313,2582,2798,3164,3640,357438.948,3769650.602
Urban,2471,3353,3756,2920,2406,2648,2556,4450,357531.059,3769658.476
Urban,2560,2821,3008,2787,1876,2092,2093,3099,357368.499,3769661.378
Urban,3355,3638,3795,3318,3800,3968,4324,4520,357429.911,3769659.604
Urban,1217,1499,1594,1606,1094,1174,1178,1764,357526.464,3769712.635
Urban,2564,3070,3220,2945,1754,1947,1850,3282,357402.614,3769672.227
Urban,2716,2979,3168,2995,1774,1922,2096,2747,357415.655,3769683.281
Urban,2686,3039,3119,2973,1838,2030,2077,2830,357375.426,3769709.608
Urban,2366,3037,3124,2897,2474,2688,2756,3525,357392.666,3769669.755
Urban,1903,3042,3592,2440,1329,1524,1472,4187,357554.849,3769676.858
Urban,3030,3270,3354,2905,3066,3242,3492,3591,357477.078,3769653.153
Urban,2294,3011,3198,2651,1235,1431,1345,3547,357506.519,3769651.077
Urban,2315,2891,2999,2823,1971,2042,1917,2865,357389.456,3769622.006
Urban,1183,1431,1569,1637,1083,1134,1062,1397,357530.880,3769722.214
Urban,1378,2009,2096,1831,1107,1157,1170,1547,357518.264,3769680.664
Urban,2731,2934,3106,2943,2296,2566,2774,3293,357400.192,3769695.317
Urban,2619,2928,3053,2937,2538,2714,2932,3293,357379.223,3769637.242
Land,1809,2391,2604,2616,1250,1371,1429,2905,350012.429,3772181.953
Land,1587,2284,2473,2080,1168,1268,1252,2353,350029.009,3772126.906
Land,1639,2589,2844,2091,1233,1336,1311,3206,349997.537,3772113.900
Land,1420,1872,1964,1795,1139,1176,1200,1923,349914.922,3772194.869
Land,1809,2391,2604,2616,1250,1371,1429,2905,350013.727,3772183.750
Land,1682,2525,2765,2252,1203,1307,1284,3038,350049.859,3772097.397
Land,1809,2391,2604,2616,1250,1371,1429,2905,350010.643,3772181.186
Land,1504,1999,2203,2085,1179,1243,1258,2124,349995.986,3772211.743
Land,1705,2593,2705,2176,1232,1380,1375,3196,349930.688,3772184.198
Land,1695,2709,2924,2154,1192,1348,1301,3204,349903.423,3772115.868
Land,1684,2721,3010,2201,1192,1344,1271,3307,350010.709,3772098.651
Land,1590,2567,2855,2032,1143,1242,1221,3022,349954.475,3772119.585
Land,1717,2204,2341,2418,1220,1354,1395,2443,349990.951,3772165.472
Land,1691,2306,2414,2274,1201,1349,1344,2462,350030.805,3772159.417
Land,1792,2759,2888,2306,1394,1566,1563,3476,349939.659,3772170.934
Land,1615,2299,2440,2151,1189,1313,1270,2455,350046.655,3772119.485
Land,1635,2517,2707,2168,1214,1318,1271,3111,350034.911,3772102.129
Land,1711,2377,2467,2256,1214,1361,1318,2842,350040.465,3772151.623
Land,1504,1983,2167,1908,1224,1324,1333,2400,349893.723,3772188.832
Land,1674,2408,2621,2253,1174,1328,1290,2894,350064.305,3772093.437
Land,1849,2598,2858,2395,1315,1491,1563,3188,349915.731,3772154.694
Land,1705,2593,2705,2176,1232,1380,1375,3196,349934.768,3772185.744
Land,1668,2716,3010,2126,1225,1363,1291,3309,349984.845,3772101.467
Land,1455,1913,2049,1866,1141,1239,1161,2268,349888.982,3772184.203
Land,1808,2734,3000,2345,1266,1458,1426,3113,349949.589,3772167.767
Land,1777,2481,2715,2268,1247,1390,1336,2815,349907.246,3772169.498
Land,1688,2400,2565,2155,1177,1233,1253,2562,349913.559,3772173.259
Land,1713,2571,2831,2231,1188,1287,1257,2874,349956.612,3772159.397
Land,1786,2558,2772,2297,1234,1343,1349,2884,349913.445,3772165.706
Land,1691,2365,2472,2178,1215,1332,1300,2844,350045.569,3772141.497
Land,1457,2088,2209,1839,1151,1248,1216,2428,349964.229,3772214.071
Land,1771,2720,2912,2349,1230,1417,1324,3612,349971.219,3772190.046
Land,1420,1872,1964,1795,1139,1176,1200,1923,349916.118,3772193.308
Land,1639,2589,2844,2091,1233,1336,1311,3206,349990.309,3772111.829
Land,1571,2409,2674,2042,1185,1305,1280,3013,349993.188,3772124.243
Land,1670,2230,2363,2292,1241,1361,1374,2792,350022.201,3772152.480
Land,1569,2237,2433,2082,1171,1236,1243,2338,349983.864,3772146.496
Land,1631,2220,2373,2180,1186,1296,1288,2680,350027.314,3772145.848
Land,1546,2320,2585,2030,1158,1253,1208,2596,349985.386,3772132.638
Land,1590,2567,2855,2032,1143,1242,1221,3022,349954.349,3772119.476
Land,1712,2356,2570,2400,1328,1444,1549,2738,350009.508,3772200.779
Land,1846,2832,3161,2327,1220,1365,1332,3261,349951.919,3772184.501
Land,1710,2164,2327,2475,1253,1360,1461,2346,350005.771,3772168.760
Land,1737,2649,2926,2272,1208,1316,1302,2904,349914.926,3772135.591
Land,1571,2409,2674,2042,1185,1305,1280,3013,349995.552,3772127.047
Land,1834,2786,2940,2377,1274,1472,1411,3190,349930.135,3772169.069
Land,1691,2365,2472,2178,1215,1332,1300,2844,350047.942,3772140.356
Land,1481,2092,2217,1912,1104,1158,1131,2077,349977.324,3772212.811
Land,1455,1913,2049,1866,1141,1239,1161,2268,349888.922,3772188.103
Land,1690,2791,3135,2175,1220,1338,1294,3313,349988.999,3772099.827
Land,1643,2395,2519,2157,1201,1388,1334,3216,352958.921,3772137.284
Land,1663,2442,2623,2194,1170,1326,1300,3118,352945.074,3772133.801
Land,1732,2625,2948,2355,1182,1377,1314,3343,352934.635,3772148.149
Land,1668,2443,2791,2293,1154,1282,1251,3273,352922.359,3772123.014
Land,1709,2451,2599,2332,1206,1384,1378,3033,352915.844,3772143.847
Land,1580,2366,2616,2212,1087,1174,1149,2267,352928.244,3772119.240
Land,1626,2353,2673,2205,1161,1272,1269,2750,352939.116,3772126.216
Land,1710,2436,2699,2357,1212,1328,1328,2919,352905.066,3772131.691
Land,1594,2259,2393,2091,1181,1338,1324,3022,352954.216,3772129.582
Land,1680,2632,2770,2345,1138,1268,1266,2906,352912.385,3772112.758
Land,1511,2186,2440,2073,1150,1250,1195,2406,352936.476,3772104.124
Land,1740,2567,2820,2408,1247,1396,1369,3069,352904.769,3772126.132
Land,1511,2186,2440,2073,1150,1250,1195,2406,352939.061,3772108.924
Land,1664,2498,2715,2227,1160,1300,1257,2875,352946.741,3772140.886
Land,1732,2625,2948,2355,1182,1377,1314,3343,352939.674,3772147.731
Land,1664,2498,2715,2227,1160,1300,1257,2875,352941.716,3772140.838
Land,1668,2443,2791,2293,1154,1282,1251,3273,352929.365,3772124.088
Land,1664,2498,2715,2227,1160,1300,1257,2875,352948.515,3772141.257
Land,1512,2162,2449,2096,1092,1162,1135,1844,352932.526,3772114.037
Land,1512,2162,2449,2096,1092,1162,1135,1844,352934.530,3772118.485
Land,1626,2353,2673,2205,1161,1272,1269,2750,352935.124,3772128.784
Land,1680,2632,2770,2345,1138,1268,1266,2906,352916.066,3772117.115
Land,1737,2494,2770,2377,1205,1376,1352,3279,352915.160,3772135.679
Land,1699,2507,2840,2292,1144,1345,1290,3289,352939.284,3772132.870
Land,1608,2340,2544,2146,1162,1305,1249,2588,352952.818,3772149.014
Land,1668,2443,2791,2293,1154,1282,1251,3273,352922.826,3772125.397
Land,1668,2443,2791,2293,1154,1282,1251,3273,352923.478,3772129.600
Land,1601,2283,2474,2118,1171,1310,1296,2799,352946.363,3772122.094
Land,1663,2442,2623,2194,1170,1326,1300,3118,352940.675,3772134.572
Land,1664,2498,2715,2227,1160,1300,1257,2875,352946.548,3772146.243
Land,1608,2340,2544,2146,1162,1305,1249,2588,352957.947,3772147.021
Land,1626,2353,2673,2205,1161,1272,1269,2750,352933.544,3772126.256
Land,1642,2350,2677,2294,1136,1274,1256,2584,352898.583,3772135.558
Land,1747,2610,2909,2390,1268,1416,1402,3425,352926.728,3772143.015
Land,1620,2425,2648,2136,1201,1397,1312,3142,352936.767,3772094.199
Land,1608,2340,2544,2146,1162,1305,1249,2588,352952.227,3772145.281
Land,1511,2186,2440,2073,1150,1250,1195,2406,352930.448,3772101.987
Land,1470,2013,2254,1969,1099,1162,1142,1958,352947.818,3772106.673
Land,1626,2353,2673,2205,1161,1272,1269,2750,352935.905,3772128.283
Land,1668,2443,2791,2293,1154,1282,1251,3273,352924.136,3772126.042
Land,1608,2340,2544,2146,1162,1305,1249,2588,352958.424,3772145.324
Land,1620,2425,2648,2136,1201,1397,1312,3142,352939.255,3772090.825
Land,1626,2353,2673,2205,1161,1272,1269,2750,352931.852,3772125.881
Land,1460,1933,2167,1948,1075,1161,1126,1985,352951.036,3772113.508
Land,1643,2395,2519,2157,1201,1388,1334,3216,352953.309,3772137.038
Land,1608,2340,2544,2146,1162,1305,1249,2588,352958.984,3772140.570
Land,1663,2442,2623,2194,1170,1326,1300,3118,352944.628,3772132.670
Land,1601,2283,2474,2118,1171,1310,1296,2799,352949.933,3772122.706
Land,1709,2451,2599,2332,1206,1384,1378,3033,352912.331,3772141.875
Land,1479,2020,2268,1999,1074,1177,1135,1882,352945.316,3772110.696
Land,1550,1920,2075,2406,1209,1286,1370,2090,358605.057,3774074.155
Land,1751,2211,2388,2732,1270,1404,1530,2718,358655.808,3774104.868
Land,1550,1920,2075,2406,1209,1286,1370,2090,358603.579,3774079.539
Land,1563,1934,2164,2406,1197,1286,1349,2279,358618.597,3774050.094
Land,1588,2163,2319,2352,1152,1269,1264,2717,358594.583,3774163.407
Land,1648,2015,2207,2550,1237,1337,1455,2180,358641.509,3774140.092
Land,1700,2228,2456,2566,1195,1309,1321,2636,358691.598,3774103.942
Land,1780,2233,2470,2700,1238,1406,1438,2795,358685.270,3774121.966
Land,1588,2163,2319,2352,1152,1269,1264,2717,358598.945,3774160.796
Land,1734,2162,2363,2690,1242,1352,1432,2508,358645.563,3774128.175
Land,1563,1934,2164,2406,1197,1286,1349,2279,358613.765,3774053.801
Land,1585,2044,2234,2391,1196,1286,1298,2487,358657.905,3774166.682
Land,1666,2160,2314,2566,1246,1360,1480,2535,358684.657,3774098.914
Land,1591,2206,2391,2318,1149,1256,1273,2804,358591.416,3774106.486
Land,1624,1999,2146,2624,1228,1314,1476,2236,358622.978,3774099.690
Land,1607,1995,2160,2558,1181,1313,1438,2444,358644.210,3774069.199
Land,1608,2007,2217,2498,1179,1283,1349,2352,358675.919,3774076.471
Land,1587,2073,2240,2417,1138,1264,1332,2322,358659.396,3774197.791
Land,1778,2264,2400,2739,1297,1426,1542,2556,358667.309,3774115.109
Land,1700,2228,2456,2566,1195,1309,1321,2636,358692.486,3774103.914
Land,1587,2073,2240,2417,1138,1264,1332,2322,358653.402,3774195.837
Land,1713,2122,2292,2665,1292,1406,1538,2372,358658.985,3774133.086
Land,1608,1999,2147,2619,1205,1288,1322,2377,358632.485,3774088.581
Land,1579,2021,2205,2367,1224,1331,1370,2329,358607.777,3774172.833
Land,1766,2228,2413,2740,1247,1404,1543,2860,358651.661,3774113.849
Land,1637,2038,2211,2523,1225,1342,1430,2322,358650.668,3774058.757
Land,1633,2190,2350,2436,1250,1330,1377,2447,358618.657,3774127.767
Land,1611,1975,2135,2544,1237,1336,1430,2176,358611.118,3774096.813
Land,1579,1967,2168,2540,1210,1313,1342,2333,358630.024,3774078.101
Land,1588,2163,2319,2352,1152,1269,1264,2717,358591.896,3774168.970
Land,1589,1955,2108,2577,1187,1295,1372,2213,358622.758,3774084.574
Land,1564,2023,2188,2381,1151,1219,1329,2504,358644.984,3774187.392
Land,1586,2170,2328,2360,1159,1265,1302,2579,358582.571,3774157.450
Land,1682,2115,2322,2608,1247,1332,1446,2345,358623.022,3774113.393
Land,1764,2234,2373,2733,1244,1379,1469,2555,358660.292,3774105.965
Land,1565,1992,2169,2429,1200,1289,1357,2162,358621.255,3774041.205
Land,1781,2277,2430,2718,1266,1397,1499,2874,358679.234,3774114.905
Land,1557,2105,2347,2260,1163,1226,1292,2293,358702.740,3774075.488
Land,1608,2007,2217,2498,1179,1283,1349,2352,358677.655,3774072.903
Land,1579,1967,2168,2540,1210,1313,1342,2333,358636.047,3774076.081
Land,1577,1985,2226,2386,1202,1264,1358,2100,358615.901,3774044.601
Land,1587,2073,2240,2417,1138,1264,1332,2322,358654.226,3774196.646
Land,1648,2059,2215,2587,1226,1314,1486,2200,358671.720,3774080.744
Land,1615,1966,2164,2455,1244,1336,1454,2250,358622.159,3774190.614
Land,1642,2065,2269,2482,1230,1339,1412,2367,358657.781,3774042.782
Land,1595,2218,2429,2302,1142,1285,1275,2773,358589.790,3774113.039
Land,1607,1995,2160,2558,1181,1313,1438,2444,358648.314,3774060.398
Land,1564,1930,2107,2394,1182,1299,1376,2218,358634.093,3774188.296
Land,1607,2067,2223,2453,1197,1340,1408,2310,358653.537,3774208.056
Land,1593,2138,2312,2339,1139,1248,1280,2584,358581.809,3774096.685
Land,1408,2054,2289,1905,1130,1213,1155,2519,359611.205,3771284.495
Land,1673,2500,2713,2408,1200,1310,1331,2624,359630.035,3771236.787
Land,1459,2100,2181,2010,1124,1258,1248,2602,359590.151,3771271.977
Land,1796,2523,2806,2606,1334,1469,1563,2966,359658.445,3771247.006
Land,1390,1985,2167,1789,1100,1174,1149,2429,359638.295,3771290.551
Land,1680,2392,2585,2417,1222,1324,1360,2796,359625.901,3771248.252
Land,1593,2162,2453,2216,1186,1286,1273,2533,359620.926,3771265.012
Land,1456,2116,2196,2020,1105,1206,1174,2311,359589.767,3771273.427
Land,1667,2292,2535,2315,1202,1329,1346,2851,359649.619,3771265.363
Land,1796,2523,2806,2606,1334,1469,1563,2966,359657.554,3771240.771
Land,1584,2224,2437,2134,1133,1232,1206,2336,359641.042,3771275.955
Land,1708,2331,2561,2439,1303,1433,1460,2931,359638.493,3771251.883
Land,1673,2500,2713,2408,1200,1310,1331,2624,359632.379,3771237.971
Land,1392,2042,2245,1895,1136,1254,1192,2609,359607.179,3771280.077
Land,1721,2427,2635,2488,1307,1425,1479,2635,359632.000,3771244.447
Land,1479,2070,2352,2050,1115,1198,1197,2278,359616.863,3771278.873
Land,1816,2576,2800,2623,1293,1452,1474,3098,359660.563,3771241.638
Land,1754,2389,2660,2520,1291,1419,1474,2908,359640.779,3771258.888
Land,1635,2213,2491,2261,1211,1330,1298,2583,359630.168,3771260.873
Land,1524,2097,2383,2066,1116,1204,1175,2290,359620.444,3771276.460
Land,1684,2371,2567,2365,1215,1321,1300,2713,359651.002,3771264.035
Land,1629,2386,2651,2335,1169,1287,1255,2617,359607.367,3771243.965
Land,1390,1985,2167,1789,1100,1174,1149,2429,359632.103,3771290.360
Land,1559,2149,2411,2094,1113,1195,1184,2208,359634.393,3771270.043
Land,1457,2071,2285,2032,1141,1298,1250,2465,359607.425,3771278.252
Land,1519,2146,2370,2154,1131,1261,1228,2361,359606.030,3771265.059
Land,1673,2500,2713,2408,1200,1310,1331,2624,359639.103,3771239.561
Land,1765,2473,2751,2561,1351,1475,1545,2710,359644.430,3771240.710
Land,1479,2070,2352,2050,1115,1198,1197,2278,359613.570,3771272.739
Land,1708,2331,2561,2439,1303,1433,1460,2931,359632.521,3771252.099
Land,1599,2263,2494,2285,1162,1291,1240,2759,359612.506,3771259.252
Land,1599,2263,2494,2285,1162,1291,1240,2759,359611.294,3771250.304
Land,1577,2268,2500,2262,1118,1260,1221,2492,359606.753,3771252.322
Land,1635,2213,2491,2261,1211,1330,1298,2583,359637.471,3771264.044
Land,1599,2263,2494,2285,1162,1291,1240,2759,359610.921,3771252.950
Land,1599,2263,2494,2285,1162,1291,1240,2759,359613.237,3771254.718
Land,1599,2263,2494,2285,1162,1291,1240,2759,359614.549,3771254.265
Land,1665,2462,2744,2367,1112,1247,1229,2709,359619.579,3771236.753
Land,1479,2070,2352,2050,1115,1198,1197,2278,359614.514,3771276.064
Land,1408,2054,2289,1905,1130,1213,1155,2519,359610.765,3771281.380
Land,1459,2100,2181,2010,1124,1258,1248,2602,359594.548,3771275.212
Land,1521,2182,2301,2147,1155,1267,1269,2280,359596.141,3771263.122
Land,1754,2389,2660,2520,1291,1419,1474,2908,359649.581,3771254.286
Land,1524,2097,2383,2066,1116,1204,1175,2290,359627.810,3771272.669
Land,1286,1690,1952,1650,1048,1114,1070,1972,359637.024,3771301.203
Land,1657,2289,2506,2361,1295,1393,1419,2878,359621.522,3771253.354
Land,1721,2427,2635,2488,1307,1425,1479,2635,359635.596,3771244.140
Land,1629,2386,2651,2335,1169,1287,1255,2617,359607.096,3771241.498
Land,1459,2100,2181,2010,1124,1258,1248,2602,359591.031,3771271.168
Land,1754,2389,2660,2520,1291,1419,1474,2908,359642.560,3771253.761
Land,1757,2130,2268,2597,1284,1409,1439,2409,359234.603,3770169.915
Land,1518,1860,1981,2139,1136,1238,1204,2066,359244.692,3770191.796
Land,1572,2030,2168,2283,1276,1372,1380,2450,359209.442,3770188.049
Land,1686,2214,2411,2448,1238,1352,1420,2883,359271.242,3770096.749
Land,1704,2103,2266,2553,1273,1375,1422,2362,359250.216,3770127.244
Land,1647,2122,2314,2323,1253,1379,1447,2687,359254.115,3770092.570
Land,1680,2130,2237,2506,1310,1443,1522,2726,359260.206,3770045.671
Land,1090,1341,1384,1436,1063,1048,1042,1443,359252.984,3770239.292
Land,1286,1868,2121,1770,1097,1187,1089,1982,359249.893,3770253.757
Land,1628,2136,2346,2369,1261,1352,1404,2594,359279.889,3770087.327
Land,1452,1753,1921,2007,1121,1187,1212,1841,359225.114,3770193.046
Land,1313,1596,1658,1828,1093,1138,1132,1548,359252.516,3770208.395
Land,1378,1696,1891,1997,1069,1101,1118,1693,359226.509,3770086.567
Land,1121,1307,1380,1475,1070,1060,1050,1353,359224.738,3770210.572
Land,1669,2103,2323,2434,1198,1323,1396,2362,359216.302,3770117.928
Land,1632,2671,3303,2263,1115,1348,1200,3463,359240.383,3770272.622
Land,1648,2089,2236,2437,1172,1314,1304,2290,359280.345,3770058.805
Land,1844,2133,2288,2765,1453,1546,1670,2670,359275.727,3770170.938
Land,1249,1485,1586,1698,1098,1101,1074,1492,359235.236,3770205.759
Land,1218,1453,1527,1618,1079,1079,1098,1476,359207.194,3770215.324
Land,1701,2064,2234,2547,1276,1371,1415,2264,359249.103,3770135.114
Land,1757,2130,2268,2597,1284,1409,1439,2409,359231.786,3770169.049
Land,1597,1990,2196,2352,1244,1364,1390,2439,359215.851,3770104.236
Land,1712,2153,2311,2618,1269,1438,1513,2700,359317.938,3770056.662
Land,1700,2213,2431,2516,1220,1348,1380,2793,359283.905,3770093.393
Land,1704,2103,2266,2553,1273,1375,1422,2362,359255.306,3770121.085
Land,1700,2212,2363,2470,1262,1376,1425,2653,359220.561,3770110.192
Land,1620,1890,2041,2444,1266,1363,1419,2175,359310.395,3770101.780
Land,1432,1775,1992,2038,1091,1134,1172,1808,359237.498,3770082.078
Land,1671,1973,2144,2540,1305,1403,1483,2397,359304.124,3770114.053
Land,1268,1537,1620,1759,1061,1110,1089,1513,359248.485,3770200.354
Land,1673,2037,2194,2535,1299,1362,1465,2224,359291.296,3770112.416
Land,1432,1775,1992,2038,1091,1134,1172,1808,359237.092,3770084.895
Land,1064,1236,1282,1409,1049,1030,1028,1365,359247.640,3770228.208
Land,1693,2209,2338,2525,1252,1362,1391,2625,359265.228,3770116.856
Land,1658,2044,2207,2478,1250,1396,1468,2387,359303.251,3770083.655
Land,1604,1971,1991,2296,1248,1321,1338,2243,359266.128,3770192.653
Land,1677,2164,2299,2512,1220,1332,1391,2494,359277.712,3770113.661
Land,1647,2122,2314,2323,1253,1379,1447,2687,359251.857,3770097.286
Land,1668,2083,2234,2522,1270,1355,1438,2287,359261.026,3770122.435
Land,1609,1965,2138,2270,1235,1361,1356,2373,359222.660,3770187.344
Land,1246,1476,1578,1676,1116,1113,1111,1524,359224.611,3770206.845
Land,1662,2190,2407,2466,1274,1407,1422,2801,359285.751,3770086.218
Land,1677,2000,2099,2601,1256,1350,1418,2174,359270.456,3770140.564
Land,1692,2143,2353,2529,1270,1417,1463,2627,359293.808,3770098.187
Land,1708,2027,2132,2656,1325,1437,1492,2193,359251.147,3770157.550
Land,1681,2053,2196,2433,1304,1431,1441,2545,359244.887,3770187.997
Land,1690,2165,2332,2528,1226,1343,1381,2489,359285.386,3770106.992
Land,1415,1849,2012,2023,1054,1119,1114,2027,359256.091,3770076.011
Land,1384,1664,1701,1907,1125,1158,1165,1646,359267.238,3770207.593
Land,1580,1937,2062,2410,1206,1318,1363,2338,357549.037,3773362.717
Land,1552,1960,2095,2300,1178,1278,1296,2162,357553.600,3773370.460
Land,1586,1950,2162,2381,1232,1364,1416,2500,357503.438,3773361.370
Land,1552,1960,2095,2300,1178,1278,1296,2162,357553.778,3773374.679
Land,1586,1950,2162,2381,1232,1364,1416,2500,357503.354,3773364.943
Land,1537,2505,2768,2053,1101,1294,1196,3604,357601.080,3773372.642
Land,1524,1865,1988,2315,1176,1252,1300,1977,357547.984,3773377.866
Land,1610,2125,2356,2364,1196,1288,1360,2404,357533.258,3773462.409
Land,1437,2357,2592,1973,1093,1184,1138,2791,357600.046,3773331.091
Land,1490,1826,1963,2265,1168,1228,1285,1943,357540.042,3773387.088
Land,1612,2308,2584,2217,1165,1304,1348,2998,357571.055,3773478.427
Land,1629,2301,2499,2276,1174,1324,1312,2868,357558.637,3773469.981
Land,1556,2022,2144,2294,1179,1280,1322,2319,357554.351,3773419.282
Land,1482,2320,2694,1973,1057,1121,1173,2604,357620.524,3773344.821
Land,1730,2333,2564,2538,1270,1419,1475,2946,357542.197,3773328.541
Land,1628,2028,2198,2432,1207,1298,1352,2187,357532.276,3773421.815
Land,1655,2051,2148,2581,1282,1416,1468,2372,357532.446,3773342.406
Land,1646,2206,2429,2357,1168,1269,1319,2429,357557.241,3773451.779
Land,1531,2066,2297,2160,1156,1273,1243,2872,357493.108,3773422.285
Land,1672,2105,2265,2525,1249,1348,1406,2517,357558.601,3773356.129
Land,1554,1999,2203,2353,1255,1392,1393,2655,357526.096,3773318.455
Land,1730,2333,2564,2538,1270,1419,1475,2946,357543.983,3773329.703
Land,1465,1788,1945,2229,1132,1227,1250,1970,357534.252,3773390.126
Land,1663,2334,2576,2283,1165,1371,1326,3164,357563.940,3773301.154
Land,1663,2155,2306,2462,1222,1360,1390,2802,357527.498,3773439.715
Land,1635,2389,2553,2272,1220,1341,1394,2809,357577.333,3773444.075
Land,1524,1865,1988,2315,1176,1252,1300,1977,357548.819,3773374.000
Land,1744,2344,2580,2607,1276,1400,1437,2990,357500.153,3773467.077
Land,1627,2050,2148,2536,1236,1351,1430,2078,357522.117,3773337.685
Land,1645,2293,2482,2406,1194,1317,1418,2635,357577.837,3773327.643
Land,1417,1838,2003,1887,1111,1214,1203,2222,357547.605,3773286.732
Land,1646,2206,2429,2357,1168,1269,1319,2429,357551.486,3773452.185
Land,1647,2284,2479,2331,1209,1350,1409,2678,357562.311,3773449.045
Land,1657,2043,2185,2548,1252,1376,1423,2440,357540.537,3773356.669
Land,1556,2022,2144,2294,1179,1280,1322,2319,357554.775,3773410.224
Land,1518,1830,1971,2362,1133,1226,1245,1865,357522.222,3773365.189
Land,1509,2293,2518,2107,1166,1260,1260,2825,357580.772,3773378.447
Land,1707,2300,2455,2586,1213,1303,1407,2384,357504.781,3773455.679
Land,1468,1942,2061,2145,1136,1220,1240,2153,357507.122,3773405.863
Land,1504,1970,2195,1987,1080,1172,1163,2119,357547.467,3773299.610
Land,1547,2170,2366,2230,1154,1253,1280,2334,357582.378,3773331.847
Land,1552,1960,2095,2300,1178,1278,1296,2162,357558.636,3773371.167
Land,1629,2134,2369,2435,1217,1325,1466,2293,357522.094,3773467.840
Land,1564,2178,2423,2208,1161,1272,1279,2908,357479.357,3773437.851
Land,1695,2284,2452,2529,1240,1362,1414,2713,357564.955,3773331.469
Land,1491,2173,2414,2073,1159,1280,1246,2870,357571.389,3773398.351
Land,1649,2128,2288,2438,1217,1337,1343,2540,357564.671,3773359.403
Land,1547,2187,2380,2183,1174,1298,1278,2469,357574.876,3773370.400
Land,1472,1830,1980,2223,1178,1238,1256,2136,357528.406,3773392.241
Land,1554,2094,2318,2258,1193,1258,1326,2391,357536.545,3773470.313
Land,1618,2345,2458,2538,1220,1353,1332,2957,346929.514,3773103.306
Land,1732,2529,2715,2744,1244,1412,1377,3142,346914.671,3773066.218
Land,1795,2264,2658,2921,1340,1494,1593,2922,346885.958,3773072.711
Land,1796,2291,2632,2986,1310,1506,1619,3123,346898.000,3773070.730
Land,1674,2310,2415,2474,1276,1375,1397,2494,346857.900,3773103.431
Land,1593,2200,2444,2502,1162,1299,1323,2528,346916.799,3773121.872
Land,1665,2318,2432,2423,1199,1264,1271,2287,346857.031,3773091.377
Land,1605,2260,2433,2267,1126,1246,1237,2468,346932.776,3773147.979
Land,1699,2065,2388,2691,1209,1235,1293,1979,346884.325,3773090.770
Land,1717,2577,2889,2685,1185,1304,1316,2704,346928.049,3773072.739
Land,1777,2475,2673,2897,1262,1427,1461,2728,346909.490,3773062.853
Land,1674,2310,2415,2474,1276,1375,1397,2494,346856.385,3773100.006
Land,1627,2411,2653,2335,1181,1398,1308,3280,346929.394,3773052.309
Land,1621,1989,2194,2643,1285,1349,1381,2319,346898.380,3773112.575
Land,1761,2308,2466,2955,1306,1413,1608,2577,346902.238,3773082.260
Land,1705,2279,2524,2528,1261,1362,1397,2743,346864.607,3773084.322
Land,1680,2088,2269,2574,1191,1320,1373,2419,346875.643,3773119.741
Land,1782,2581,2880,2756,1178,1278,1308,2903,346890.080,3773049.623
Land,1702,2128,2426,2580,1288,1468,1444,2484,346875.228,3773093.254
Land,1606,2495,2826,2348,1170,1314,1286,3685,346931.465,3773067.774
Land,1792,2665,2992,2738,1260,1394,1393,3301,346939.788,3773081.125
Land,1705,2090,2367,2790,1272,1336,1442,2176,346896.825,3773097.580
Land,1782,2402,2709,2785,1254,1376,1479,2496,346878.209,3773062.898
Land,1679,2188,2375,2486,1256,1421,1395,3154,346865.273,3773104.875
Land,1723,2388,2625,2598,1258,1428,1429,3216,346866.731,3773077.218
Land,1705,2478,2674,2455,1187,1350,1372,2865,346927.678,3773159.207
Land,1669,2535,2836,2523,1206,1399,1328,3858,346924.177,3773060.781
Land,1665,2078,2312,2529,1234,1349,1356,2699,346877.154,3773109.056
Land,1646,2095,2258,2722,1254,1370,1460,2435,346909.133,3773102.042
Land,1664,2533,2883,2410,1183,1332,1311,3234,346931.078,3773164.626
Land,1900,3063,3504,2734,1294,1400,1400,3727,346961.767,3773083.567
Land,1402,2163,2245,1961,1119,1169,1146,2023,346947.831,3773058.370
Land,1706,2476,2862,2508,1235,1301,1327,2619,346951.461,3773111.282
Land,1732,2529,2715,2744,1244,1412,1377,3142,346912.912,3773067.326
Land,1563,2157,2411,2305,1190,1268,1238,2528,346924.605,3773137.000
Land,1646,2095,2258,2722,1254,1370,1460,2435,346900.773,3773100.125
Land,1551,2268,2447,2320,1070,1135,1122,2180,346939.382,3773113.207
Land,1597,2172,2334,2556,1180,1266,1352,2162,346910.979,3773115.764
Land,1709,2457,2667,2589,1224,1341,1364,2832,346917.904,3773153.553
Land,1738,2562,2872,2507,1207,1337,1338,3148,346922.180,3773163.094
Land,1772,2611,2869,2717,1247,1440,1416,3331,346933.267,3773098.578
Land,1735,2210,2535,2656,1324,1494,1581,2701,346871.444,3773084.167
Land,1706,2476,2862,2508,1235,1301,1327,2619,346951.031,3773112.429
Land,1653,2421,2620,2342,1173,1322,1293,2785,346934.464,3773152.589
Land,1563,2157,2411,2305,1190,1268,1238,2528,346926.039,3773134.609
Land,1520,2194,2569,2108,1166,1243,1310,3032,346970.559,3773068.476
Land,1699,2065,2388,2691,1209,1235,1293,1979,346889.446,3773093.631
Land,1664,2366,2500,2413,1170,1222,1262,2511,346855.065,3773089.176
Land,1605,2260,2433,2267,1126,1246,1237,2468,346937.290,3773145.548
Land,1545,2408,2684,2220,1114,1274,1238,2825,346949.124,3773064.451
Land,1655,2281,2466,2226,1081,1212,1225,2324,340641.285,3771608.333
Land,1535,2095,2261,2208,1167,1272,1250,2456,340641.586,3771662.063
Land,1644,2235,2486,2476,1206,1312,1357,2639,340688.672,3771634.984
Land,1598,2180,2403,2374,1192,1281,1342,2353,340694.852,3771631.726
Land,1633,2295,2518,2402,1157,1373,1329,2571,340666.032,3771655.144
Land,1885,2776,3084,2714,1356,1520,1580,3676,340664.426,3771626.065
Land,1633,2295,2518,2402,1157,1373,1329,2571,340661.330,3771655.142
Land,1689,2335,2572,2370,1260,1352,1424,3110,340673.363,3771607.959
Land,1983,3132,3509,2731,1322,1540,1468,4312,340640.770,3771632.582
Land,1847,2724,3021,2690,1222,1390,1461,3322,340661.674,3771632.138
Land,1724,2456,2700,2514,1176,1353,1375,2848,340669.504,3771647.663
Land,1838,2613,2890,2586,1446,1564,1690,3909,340662.114,3771618.578
Land,1782,2547,2800,2498,1207,1313,1352,2879,340657.059,3771648.200
Land,1699,2520,2804,2419,1171,1249,1330,2682,340632.043,3771644.214
Land,1985,3045,3387,2746,1424,1652,1682,4905,340658.780,3771624.773
Land,1740,2408,2645,2554,1197,1330,1320,3032,340670.107,3771675.640
Land,1438,1971,2164,1981,1064,1123,1142,1894,340646.553,3771594.863
Land,1844,2681,2924,2477,1270,1510,1527,3730,340641.856,3771616.751
Land,1985,3045,3387,2746,1424,1652,1682,4905,340655.044,3771623.187
Land,1866,2699,2967,2542,1358,1566,1562,4310,340656.290,3771616.964
Land,1866,2699,2967,2542,1358,1566,1562,4310,340657.604,3771610.687
Land,1699,2520,2804,2419,1171,1249,1330,2682,340636.851,3771648.184
Land,1957,2994,3331,2732,1328,1520,1554,4401,340656.077,3771630.354
Land,1833,2972,3382,2564,1316,1522,1561,4227,340628.785,3771635.799
Land,1653,2261,2465,2340,1156,1257,1252,2312,340653.368,3771654.813
Land,1608,2167,2280,2177,1052,1109,1144,1697,340638.439,3771608.730
Land,1983,3132,3509,2731,1322,1540,1468,4312,340648.267,3771636.870
Land,1774,2568,2834,2466,1184,1301,1315,2997,340645.185,3771648.273
Land,1649,2220,2407,2419,1344,1417,1544,2524,340681.065,3771650.442
Land,1607,2284,2515,2407,1270,1455,1421,3171,340673.270,3771666.428
Land,1574,2241,2474,2353,1175,1354,1287,2648,340667.768,3771662.872
Land,1740,2408,2645,2554,1197,1330,1320,3032,340675.233,3771672.966
Land,1598,2180,2403,2374,1192,1281,1342,2353,340690.020,3771639.608
Land,1547,2180,2378,2257,1194,1284,1321,2469,340633.559,3771651.142
Land,1689,2335,2572,2370,1260,1352,1424,3110,340678.117,3771608.166
Land,1985,3045,3387,2746,1424,1652,1682,4905,340655.118,3771621.437
Land,2031,2654,2890,2867,1247,1393,1462,2806,340676.494,3771682.384
Land,1625,2222,2418,2292,1246,1335,1287,2700,340648.237,3771653.258
Land,1655,2281,2466,2226,1081,1212,1225,2324,340642.384,3771602.996
Land,1640,2209,2420,2437,1206,1284,1401,2646,340686.947,3771645.798
Land,1670,2271,2528,2485,1268,1338,1510,2592,340685.225,3771622.093
Land,1653,2261,2465,2340,1156,1257,1252,2312,340656.197,3771653.177
Land,1806,2433,2609,2531,1218,1345,1369,2334,340690.282,3771670.885
Land,1789,2486,2750,2559,1378,1548,1713,3398,340673.223,3771615.969
Land,1644,2235,2486,2476,1206,1312,1357,2639,340689.596,3771637.857
Land,1689,2335,2572,2370,1260,1352,1424,3110,340676.162,3771608.303
Land,1847,2724,3021,2690,1222,1390,1461,3322,340669.491,3771630.100
Land,2062,2725,2961,2866,1496,1710,1754,3205,340683.158,3771686.686
Land,1623,2190,2380,2345,1195,1327,1317,2508,340659.860,3771673.764
Land,1574,2241,2474,2353,1175,1354,1287,2648,340662.465,3771669.276
Land,1396,2007,2171,2004,1101,1148,1073,1874,340628.486,3770402.747
Land,2433,3191,3482,3840,1432,1648,1772,3768,340538.788,3770408.910
Land,1608,2270,2536,2267,1165,1265,1240,2588,340561.675,3770366.528
Land,1509,2102,2167,2349,1151,1133,1113,1560,340549.024,3770364.793
Land,1948,3196,3492,2666,1309,1440,1354,3079,340621.828,3770350.919
Land,2447,3155,3436,4035,1824,2230,2399,4336,340559.023,3770395.776
Land,1500,2251,2443,2145,1252,1273,1326,2670,340569.331,3770329.924
Land,1646,2379,2622,2366,1177,1263,1217,2687,340640.211,3770329.334
Land,1646,2318,2584,2538,1224,1373,1394,2718,340587.117,3770450.094
Land,2113,2684,2980,3141,1332,1486,1606,3163,340592.157,3770431.734
Land,1505,2103,2182,2283,1108,1147,1149,1677,340557.878,3770369.374
Land,2372,2964,3199,3773,1631,1954,2405,4191,340561.878,3770412.853
Land,1575,2218,2443,2203,1128,1196,1167,1993,340602.811,3770398.795
Land,1946,2694,2902,3074,1336,1500,1504,3046,340519.780,3770407.189
Land,1396,2007,2171,2004,1101,1148,1073,1874,340626.089,3770406.870
Land,2391,3011,3275,3800,1501,1669,2072,3318,340563.072,3770402.567
Land,1469,2014,2211,2035,1201,1286,1184,2743,340566.753,3770345.070
Land,1879,2331,2582,3074,1335,1456,1600,2428,340547.456,3770421.269
Land,1704,2671,3004,2395,1255,1546,1540,3916,340585.209,3770337.743
Land,1889,2495,2699,2953,1345,1514,1584,3043,340518.608,3770410.048
Land,2339,3316,3620,3597,1454,1698,1848,3789,340523.068,3770398.379
Land,1800,2789,3019,2486,1185,1329,1244,3064,340612.458,3770334.542
Land,1701,2735,3036,2305,1162,1281,1234,2836,340623.016,3770397.655
Land,1849,2260,2459,2879,1201,1276,1379,2295,340563.610,3770434.112
Land,1805,2490,2619,2762,1292,1450,1536,3159,340627.520,3770436.442
Land,2031,3593,4018,2652,1302,1642,1532,4971,340606.061,3770375.406
Land,2558,3300,3646,4239,1645,1904,2264,4218,340548.691,3770409.664
Land,1505,2103,2182,2283,1108,1147,1149,1677,340553.202,3770360.469
Land,1751,2419,2719,2560,1263,1376,1332,2798,340562.334,3770371.137
Land,1858,3040,3416,2439,1223,1404,1291,3431,340617.648,3770389.488
Land,1619,2397,2667,2202,1172,1228,1201,2324,340615.924,3770392.485
Land,1946,2694,2902,3074,1336,1500,1504,3046,340518.489,3770406.172
Land,1743,2589,2912,2343,1286,1514,1359,3690,340576.838,3770363.933
Land,1698,2614,2793,2488,1122,1227,1161,2192,340636.246,3770342.127
Land,1851,2609,2900,2463,1220,1227,1093,2205,340593.550,3770341.889
Land,1975,2945,3124,3134,1345,1563,1575,3252,340516.719,3770393.590
Land,1533,1999,2048,2347,1086,1139,1120,1560,340630.185,3770428.049
Land,1883,2667,2942,2688,1232,1421,1418,3229,340614.747,3770464.688
Land,1933,2785,3042,3009,1276,1464,1404,3201,340533.470,3770370.184
Land,1946,2501,2820,2983,1110,1216,1262,2275,340568.063,3770388.485
Land,1575,2218,2443,2203,1128,1196,1167,1993,340600.536,3770392.655
Land,1858,3040,3416,2439,1223,1404,1291,3431,340619.133,3770384.998
Land,1470,2149,2354,2065,1213,1264,1198,2504,340564.815,3770334.045
Land,2031,3593,4018,2652,1302,1642,1532,4971,340602.501,3770370.842
Land,2009,2755,3056,3002,1350,1534,1661,3736,340602.287,3770434.274
Land,2179,2604,2834,3286,1653,1908,2238,3923,340581.527,3770420.037
Land,1902,2399,2674,2899,1200,1338,1231,2507,340570.558,3770392.954
Land,1608,2046,2205,2451,1168,1249,1320,2136,340603.252,3770416.285
Land,1608,2270,2536,2267,1165,1265,1240,2588,340564.071,3770369.080
Land,1743,2589,2912,2343,1286,1514,1359,3690,340570.601,3770365.204
Land,1579,2127,2313,2419,1190,1305,1317,2619,352900.303,3773933.671
Land,1744,2112,2348,2760,1377,1477,1653,2665,352978.579,3773681.223
Land,1471,1893,2140,2051,1080,1162,1217,2109,352831.188,3773860.659
Land,1469,2129,2388,2108,1143,1258,1187,2780,352918.452,3773864.428
Land,1638,1924,2110,2519,1131,1215,1222,2009,352962.813,3773700.315
Land,1412,1947,2126,2015,1076,1124,1125,1987,352902.673,3773887.265
Land,1774,2278,2434,2531,1310,1458,1633,2354,352889.417,3773697.191
Land,1538,1925,2071,2483,1252,1302,1311,2213,352952.780,3773833.994
Land,1445,2016,2170,2173,1091,1157,1184,1995,352938.411,3773857.611
Land,1486,1963,2167,2208,1175,1318,1251,2726,352937.945,3773666.833
Land,1471,2081,2266,2147,1092,1168,1090,2356,352929.906,3773794.848
Land,1528,2207,2452,2217,1143,1304,1229,3080,352947.485,3773740.946
Land,2992,3326,3380,2854,4764,4692,5108,5344,352869.838,3773741.057
Land,1783,2161,2376,2856,1381,1553,1722,2670,352985.802,3773692.148
Land,1422,1898,2052,2208,1081,1167,1164,1853,352975.656,3773768.023
Land,1540,2198,2413,2240,1176,1264,1208,2751,352915.767,3773813.319
Land,1502,2176,2416,2169,1071,1171,1163,2412,352949.320,3773753.403
Land,1456,2055,2256,2091,1083,1206,1179,2268,352868.141,3773813.160
Land,1483,2185,2423,2124,1090,1219,1189,2768,352891.275,3773804.824
Land,1560,2145,2313,2330,1159,1270,1300,2530,352921.075,3773830.733
Land,1588,2057,2269,2432,1192,1329,1292,2411,352938.347,3773923.892
Land,1528,2157,2259,2373,1250,1409,1388,2976,352890.530,3773682.218
Land,1571,2001,2197,2402,1198,1344,1335,2312,352936.456,3773816.330
Land,1395,2210,2267,2230,1123,1190,1196,2234,352898.887,3773754.906
Land,1523,2031,2259,2273,1151,1266,1242,2331,352909.465,3773958.117
Land,1501,2067,2284,2240,1146,1269,1250,2760,352948.503,3773903.808
Land,1533,1911,2089,2544,1167,1274,1326,2076,352970.448,3773835.503
Land,1509,1981,2213,2226,1080,1169,1144,2027,352853.669,3773901.533
Land,1486,2084,2369,2168,1141,1260,1234,2326,352902.308,3773846.522
Land,1467,2222,2343,2303,1167,1287,1344,2706,352890.768,3773733.402
Land,1428,1963,2094,2053,1195,1258,1252,2575,352930.942,3773974.974
Land,1477,1916,2155,2250,1204,1370,1453,2502,352985.260,3773741.660
Land,1377,1981,2122,2039,1063,1137,1109,2147,352877.810,3773841.722
Land,1705,2226,2439,2413,1242,1316,1376,2571,352880.629,3773721.291
Land,1505,2026,2224,2280,1170,1265,1268,2480,352871.541,3773921.556
Land,1461,1888,2039,2241,1157,1244,1268,2197,352965.110,3773860.486
Land,1537,2067,2241,2344,1164,1321,1299,2740,352950.266,3773914.307
Land,1499,2169,2448,2119,1134,1191,1197,2443,352887.363,3773816.614
Land,1478,2135,2350,2169,1156,1349,1275,2650,352908.441,3773761.050
Land,1535,2133,2321,2278,1159,1260,1222,2497,352904.895,3773697.103
Land,1642,2191,2480,2454,1146,1259,1231,2570,352928.011,3773683.369
Land,1487,2084,2244,2227,1104,1242,1197,2339,352925.834,3773843.502
Land,1469,2127,2356,2101,1117,1182,1171,2262,352880.843,3773807.269
Land,1480,2091,2387,2131,1065,1118,1118,2100,352895.362,3773830.886
Land,1561,2037,2218,2412,1195,1284,1262,2410,352958.068,3773800.777
Land,1461,2206,2370,2104,1146,1267,1200,2614,352924.323,3773771.131
Land,1493,1998,2208,2196,1120,1235,1200,2268,352912.253,3773706.412
Land,1499,2179,2243,2279,1138,1226,1197,2387,352961.204,3773739.765
Land,1589,2104,2294,2441,1184,1328,1301,2375,352915.459,3773934.262
Land,1421,2146,2207,2091,1122,1216,1264,2529,352865.551,3773828.194
